Car_Company,Model,Year,KM_Driven,Engine_CC,Mileage,Transmission,Fuel_Type,Owner_Type,Insurance_Valid,Accident_History,Buy_Decision
Tata,Tiago,2006,50k-80k,1000-1500cc,Excellent (24+ km/l),Manual,CNG,Second Owner,No,Yes,No
Audi,Q3,2021,0-20k,1500-2000cc,Average (12-18 km/l),Automatic,Petrol,First Owner,Yes,No,Yes
Volkswagen,Polo,2023,0-20k,1000-1500cc,Good (18-24 km/l),Manual,Petrol,First Owner,Yes,No,Yes
Honda,WR-V,2021,0-20k,1000-1500cc,Good (18-24 km/l),Manual,Petrol,First Owner,Yes,No,Yes
Maruti Suzuki,Ertiga,2023,0-20k,<1000cc,Good (18-24 km/l),Automatic,Diesel,First Owner,Yes,No,Yes
Maruti Suzuki,WagonR,2021,20k-50k,1000-1500cc,Good (18-24 km/l),Automatic,Petrol,First Owner,Yes,No,Yes
Maruti Suzuki,WagonR,2008,120k+,1000-1500cc,Excellent (24+ km/l),Manual,Diesel,Third Owner,No,No,No
Skoda,Kushaq,2022,20k-50k,1000-1500cc,Average (12-18 km/l),Automatic,Petrol,First Owner,Yes,No,Yes
Honda,Jazz,2016,20k-50k,1000-1500cc,Excellent (24+ km/l),Manual,CNG,First Owner,Yes,No,Yes
Ford,Figo,2019,80k-120k,1500-2000cc,Good (18-24 km/l),Manual,Petrol,Second Owner,Yes,No,Yes
Maruti Suzuki,Swift,2017,120k+,<1000cc,Good (18-24 km/l),Manual,Petrol,Second Owner,Yes,Yes,No
Audi,Q3,2016,120k+,1500-2000cc,Average (12-18 km/l),Manual,Petrol,Third Owner,No,Yes,No
Skoda,Rapid,2019,0-20k,1000-1500cc,Good (18-24 km/l),Manual,Petrol,First Owner,Yes,No,Yes
Hyundai,Venue,2018,50k-80k,<1000cc,Average (12-18 km/l),Manual,Petrol,Second Owner,Yes,No,Yes
Hyundai,i10,2021,0-20k,1000-1500cc,Excellent (24+ km/l),Manual,Diesel,First Owner,Yes,No,Yes
Hyundai,i10,2022,20k-50k,1000-1500cc,Excellent (24+ km/l),Automatic,Electric,First Owner,Yes,No,Yes
Hyundai,i20,2016,50k-80k,1500-2000cc,Average (12-18 km/l),Automatic,Petrol,Second Owner,Yes,Yes,Yes
Mahindra,Bolero,2015,0-20k,1500-2000cc,Good (18-24 km/l),Automatic,Diesel,Second Owner,No,No,No
Mahindra,Thar,2021,20k-50k,2000cc+,Average (12-18 km/l),Automatic,Petrol,First Owner,No,No,Yes
Hyundai,i20,2021,20k-50k,<1000cc,Good (18-24 km/l),Automatic,Diesel,Third Owner,No,No,No
Toyota,Yaris,2023,0-20k,1500-2000cc,Average (12-18 km/l),Manual,Petrol,First Owner,Yes,No,Yes
Maruti Suzuki,Ertiga,2006,120k+,1000-1500cc,Good (18-24 km/l),Manual,Petrol,Second Owner,No,Yes,No
Hyundai,Venue,2023,0-20k,1000-1500cc,Good (18-24 km/l),Manual,Diesel,First Owner,Yes,No,Yes
Tata,Punch,2020,20k-50k,1000-1500cc,Good (18-24 km/l),Automatic,CNG,First Owner,Yes,No,Yes
Mahindra,Bolero,2021,0-20k,1000-1500cc,Good (18-24 km/l),Manual,Petrol,First Owner,Yes,No,Yes
Renault,Triber,2011,120k+,1000-1500cc,Good (18-24 km/l),Manual,Petrol,Second Owner,No,Yes,No
Hyundai,Venue,2019,20k-50k,1000-1500cc,Excellent (24+ km/l),Manual,CNG,Fourth & Above,No,Yes,No
Mahindra,XUV300,2015,120k+,2000cc+,Good (18-24 km/l),Manual,Diesel,Third Owner,No,No,No
Honda,City,2016,50k-80k,<1000cc,Excellent (24+ km/l),Manual,Diesel,First Owner,No,No,Yes
Maruti Suzuki,Ertiga,2019,80k-120k,1000-1500cc,Good (18-24 km/l),Manual,Petrol,First Owner,No,Yes,No
Honda,Amaze,2022,20k-50k,1000-1500cc,Excellent (24+ km/l),Manual,CNG,First Owner,Yes,No,Yes
Maruti Suzuki,Baleno,2022,0-20k,1500-2000cc,Good (18-24 km/l),Manual,Petrol,First Owner,Yes,No,Yes
Maruti Suzuki,Baleno,2020,20k-50k,1000-1500cc,Excellent (24+ km/l),Automatic,CNG,Second Owner,No,No,Yes
Audi,A4,2020,0-20k,1500-2000cc,Good (18-24 km/l),Automatic,Petrol,Second Owner,No,No,Yes
Audi,Q3,2018,20k-50k,2000cc+,Average (12-18 km/l),Automatic,Diesel,Third Owner,Yes,No,Yes
Renault,Triber,2023,0-20k,1500-2000cc,Average (12-18 km/l),Manual,Diesel,First Owner,Yes,No,Yes
Hyundai,i10,2020,20k-50k,1000-1500cc,Good (18-24 km/l),Automatic,Diesel,First Owner,No,No,Yes
Maruti Suzuki,Baleno,2016,20k-50k,1000-1500cc,Good (18-24 km/l),Manual,Petrol,Second Owner,No,No,No
Ford,Endeavour,2015,120k+,1000-1500cc,Good (18-24 km/l),Manual,Diesel,Fourth & Above,No,Yes,No
Mahindra,XUV500,2021,20k-50k,1000-1500cc,Good (18-24 km/l),Manual,Diesel,First Owner,No,No,Yes
Maruti Suzuki,Dzire,2020,20k-50k,1000-1500cc,Good (18-24 km/l),Manual,Diesel,First Owner,Yes,Yes,Yes
Mahindra,Thar,2005,120k+,1500-2000cc,Excellent (24+ km/l),Manual,Diesel,Second Owner,No,Yes,No
Maruti Suzuki,WagonR,2022,0-20k,1000-1500cc,Good (18-24 km/l),Manual,Petrol,First Owner,Yes,No,Yes
Kia,Carens,2021,20k-50k,<1000cc,Good (18-24 km/l),Manual,Petrol,Second Owner,No,No,Yes
Hyundai,i20,2021,20k-50k,1000-1500cc,Good (18-24 km/l),Automatic,CNG,First Owner,No,No,Yes
Toyota,Innova,2010,120k+,2000cc+,Good (18-24 km/l),Manual,CNG,Second Owner,No,Yes,No
Hyundai,i20,2018,20k-50k,1500-2000cc,Good (18-24 km/l),Manual,Petrol,Second Owner,No,No,Yes
Mahindra,Bolero,2023,0-20k,1500-2000cc,Good (18-24 km/l),Automatic,Diesel,First Owner,Yes,No,Yes
Honda,WR-V,2023,0-20k,<1000cc,Good (18-24 km/l),Automatic,Petrol,First Owner,No,No,Yes
Hyundai,Creta,2016,50k-80k,1000-1500cc,Excellent (24+ km/l),Manual,CNG,First Owner,No,Yes,No
Audi,A4,2013,50k-80k,2000cc+,Good (18-24 km/l),Manual,Petrol,Third Owner,No,No,No
Volkswagen,Polo,2019,20k-50k,1000-1500cc,Good (18-24 km/l),Manual,Hybrid,Third Owner,Yes,No,Yes
BMW,5 Series,2017,50k-80k,2000cc+,Good (18-24 km/l),Automatic,Diesel,Second Owner,Yes,No,No
Kia,Carens,2021,0-20k,1000-1500cc,Average (12-18 km/l),Manual,Petrol,First Owner,Yes,No,Yes
Honda,Jazz,2023,0-20k,1000-1500cc,Excellent (24+ km/l),Manual,CNG,First Owner,Yes,No,Yes
BMW,3 Series,2018,80k-120k,2000cc+,Average (12-18 km/l),Automatic,Diesel,First Owner,No,No,Yes
Maruti Suzuki,Swift,2009,80k-120k,1000-1500cc,Good (18-24 km/l),Manual,Diesel,Fourth & Above,No,Yes,No
Hyundai,i10,2023,0-20k,1500-2000cc,Good (18-24 km/l),Automatic,Petrol,First Owner,Yes,No,Yes
Maruti Suzuki,Ertiga,2008,120k+,1000-1500cc,Average (12-18 km/l),Automatic,Petrol,First Owner,No,Yes,No
Tata,Harrier,2023,0-20k,1500-2000cc,Excellent (24+ km/l),Automatic,CNG,First Owner,No,No,Yes
Tata,Harrier,2021,20k-50k,2000cc+,Good (18-24 km/l),Automatic,Diesel,First Owner,No,No,Yes
Hyundai,i20,2023,0-20k,1000-1500cc,Average (12-18 km/l),Automatic,Petrol,First Owner,Yes,No,Yes
Renault,Kwid,2014,20k-50k,1000-1500cc,Good (18-24 km/l),Manual,Petrol,Second Owner,Yes,No,Yes
Tata,Altroz,2008,120k+,1500-2000cc,Good (18-24 km/l),Manual,Diesel,Fourth & Above,No,Yes,No
Hyundai,Creta,2019,20k-50k,1000-1500cc,Good (18-24 km/l),Manual,Petrol,Second Owner,Yes,No,Yes
Honda,Jazz,2019,50k-80k,1000-1500cc,Good (18-24 km/l),Manual,Petrol,Second Owner,Yes,No,Yes
Maruti Suzuki,WagonR,2017,50k-80k,1000-1500cc,Average (12-18 km/l),Manual,Petrol,First Owner,Yes,No,Yes
Renault,Triber,2023,0-20k,1000-1500cc,Good (18-24 km/l),Automatic,Diesel,First Owner,Yes,No,Yes
Maruti Suzuki,Ertiga,2022,20k-50k,1000-1500cc,Good (18-24 km/l),Manual,Petrol,First Owner,No,No,Yes
Mercedes-Benz,GLA,2021,20k-50k,2000cc+,Average (12-18 km/l),Automatic,Petrol,First Owner,No,No,Yes
Volkswagen,Polo,2013,120k+,1500-2000cc,Good (18-24 km/l),Manual,Petrol,First Owner,Yes,No,No
Hyundai,Venue,2022,0-20k,1000-1500cc,Excellent (24+ km/l),Manual,Diesel,Second Owner,Yes,No,Yes
Maruti Suzuki,Alto,2022,0-20k,1500-2000cc,Good (18-24 km/l),Manual,Diesel,First Owner,No,No,Yes
Renault,Triber,2018,80k-120k,1000-1500cc,Good (18-24 km/l),Manual,Diesel,Second Owner,Yes,No,Yes
Ford,EcoSport,2023,0-20k,1000-1500cc,Good (18-24 km/l),Manual,Diesel,Second Owner,Yes,No,Yes
Ford,EcoSport,2013,80k-120k,1000-1500cc,Good (18-24 km/l),Automatic,Diesel,First Owner,No,Yes,No
Volkswagen,Taigun,2016,20k-50k,1000-1500cc,Excellent (24+ km/l),Manual,Diesel,Third Owner,No,No,No
Maruti Suzuki,Dzire,2009,120k+,1000-1500cc,Average (12-18 km/l),Automatic,Petrol,Second Owner,No,No,No
Tata,Harrier,2022,0-20k,2000cc+,Good (18-24 km/l),Manual,Petrol,First Owner,Yes,Yes,Yes
Maruti Suzuki,Alto,2021,0-20k,<1000cc,Good (18-24 km/l),Automatic,Petrol,First Owner,Yes,No,Yes
Skoda,Octavia,2017,50k-80k,1000-1500cc,Good (18-24 km/l),Manual,Petrol,Second Owner,Yes,No,Yes
Toyota,Fortuner,2013,0-20k,1500-2000cc,Good (18-24 km/l),Manual,Diesel,First Owner,No,Yes,No
Tata,Harrier,2008,120k+,1500-2000cc,Excellent (24+ km/l),Manual,CNG,Third Owner,No,Yes,No
Maruti Suzuki,Ertiga,2013,20k-50k,1500-2000cc,Average (12-18 km/l),Manual,Petrol,Second Owner,Yes,Yes,No
Hyundai,Creta,2019,20k-50k,1000-1500cc,Good (18-24 km/l),Manual,Diesel,First Owner,No,Yes,No
Tata,Altroz,2015,20k-50k,1000-1500cc,Good (18-24 km/l),Manual,Petrol,Second Owner,No,Yes,No
Ford,EcoSport,2016,20k-50k,1000-1500cc,Good (18-24 km/l),Manual,Diesel,Second Owner,No,No,Yes
Toyota,Innova,2023,0-20k,1500-2000cc,Average (12-18 km/l),Automatic,Petrol,First Owner,Yes,No,Yes
Kia,Seltos,2020,0-20k,1000-1500cc,Good (18-24 km/l),Manual,Petrol,Second Owner,Yes,No,Yes
Mahindra,Scorpio,2022,20k-50k,1500-2000cc,Good (18-24 km/l),Manual,Petrol,First Owner,Yes,No,Yes
Maruti Suzuki,Alto,2008,120k+,1000-1500cc,Good (18-24 km/l),Manual,CNG,Third Owner,No,Yes,No
Ford,Endeavour,2018,0-20k,1000-1500cc,Good (18-24 km/l),Manual,Petrol,First Owner,Yes,No,Yes
Volkswagen,Polo,2019,80k-120k,1000-1500cc,Average (12-18 km/l),Manual,Diesel,First Owner,No,No,Yes
Honda,Amaze,2014,80k-120k,1000-1500cc,Excellent (24+ km/l),Manual,CNG,Third Owner,No,No,No
Volkswagen,Taigun,2012,20k-50k,1500-2000cc,Good (18-24 km/l),Automatic,Diesel,Third Owner,Yes,No,No
Mahindra,XUV300,2023,0-20k,1500-2000cc,Average (12-18 km/l),Automatic,Petrol,First Owner,Yes,No,Yes
Mahindra,XUV300,2023,0-20k,1500-2000cc,Good (18-24 km/l),Manual,Petrol,Second Owner,Yes,No,Yes
Tata,Tiago,2010,50k-80k,2000cc+,Good (18-24 km/l),Automatic,Diesel,Second Owner,Yes,Yes,No
Maruti Suzuki,Dzire,2017,20k-50k,<1000cc,Good (18-24 km/l),Manual,Petrol,First Owner,Yes,No,Yes
Maruti Suzuki,Alto,2023,0-20k,1000-1500cc,Good (18-24 km/l),Manual,Diesel,First Owner,Yes,Yes,Yes
Maruti Suzuki,Baleno,2010,120k+,1000-1500cc,Good (18-24 km/l),Manual,Diesel,Second Owner,Yes,Yes,No
Toyota,Glanza,2021,0-20k,1500-2000cc,Good (18-24 km/l),Automatic,Diesel,Second Owner,Yes,No,Yes
Hyundai,Venue,2023,0-20k,1000-1500cc,Excellent (24+ km/l),Automatic,Electric,First Owner,Yes,No,Yes
Mahindra,XUV300,2023,0-20k,1000-1500cc,Good (18-24 km/l),Automatic,Diesel,First Owner,Yes,No,Yes
Kia,Seltos,2019,0-20k,1000-1500cc,Good (18-24 km/l),Manual,Diesel,First Owner,No,No,Yes
Hyundai,Creta,2013,120k+,1500-2000cc,Good (18-24 km/l),Manual,Diesel,Third Owner,Yes,No,No
Tata,Tiago,2014,20k-50k,1500-2000cc,Good (18-24 km/l),Manual,Diesel,Fourth & Above,No,Yes,No
Volkswagen,Vento,2023,0-20k,1000-1500cc,Good (18-24 km/l),Manual,Diesel,First Owner,Yes,No,Yes
Hyundai,Venue,2023,0-20k,1000-1500cc,Good (18-24 km/l),Automatic,Petrol,First Owner,No,No,Yes
Maruti Suzuki,Alto,2021,20k-50k,<1000cc,Good (18-24 km/l),Manual,Diesel,First Owner,Yes,No,Yes
Hyundai,Creta,2022,20k-50k,1000-1500cc,Average (12-18 km/l),Automatic,Petrol,First Owner,Yes,No,Yes
Maruti Suzuki,WagonR,2022,0-20k,1000-1500cc,Good (18-24 km/l),Automatic,Petrol,First Owner,Yes,No,Yes
BMW,X1,2021,20k-50k,2000cc+,Average (12-18 km/l),Automatic,Diesel,First Owner,Yes,No,Yes
Renault,Triber,2022,0-20k,1000-1500cc,Good (18-24 km/l),Automatic,Petrol,First Owner,Yes,No,Yes
Toyota,Glanza,2021,0-20k,2000cc+,Average (12-18 km/l),Automatic,Petrol,First Owner,Yes,No,Yes
Kia,Seltos,2020,50k-80k,1000-1500cc,Good (18-24 km/l),Automatic,Petrol,Second Owner,Yes,No,Yes
Renault,Duster,2015,20k-50k,1000-1500cc,Good (18-24 km/l),Manual,Petrol,Third Owner,No,No,Yes
Hyundai,Creta,2022,20k-50k,1000-1500cc,Average (12-18 km/l),Automatic,Petrol,First Owner,Yes,No,Yes
Kia,Seltos,2019,50k-80k,1500-2000cc,Average (12-18 km/l),Manual,Petrol,First Owner,No,No,Yes
Honda,WR-V,2016,50k-80k,1000-1500cc,Good (18-24 km/l),Manual,Diesel,Second Owner,No,No,No
Renault,Triber,2022,20k-50k,<1000cc,Excellent (24+ km/l),Automatic,CNG,First Owner,Yes,No,Yes
Kia,Carens,2021,20k-50k,1000-1500cc,Good (18-24 km/l),Manual,Petrol,First Owner,No,No,Yes
Hyundai,i20,2023,0-20k,1000-1500cc,Excellent (24+ km/l),Manual,Diesel,First Owner,Yes,No,Yes
Maruti Suzuki,Baleno,2013,80k-120k,1000-1500cc,Good (18-24 km/l),Manual,Petrol,Third Owner,No,Yes,No
Hyundai,i10,2021,20k-50k,1000-1500cc,Average (12-18 km/l),Manual,Petrol,First Owner,No,No,Yes
Tata,Altroz,2015,0-20k,1500-2000cc,Average (12-18 km/l),Automatic,Hybrid,Second Owner,No,No,Yes
Renault,Duster,2023,20k-50k,1000-1500cc,Average (12-18 km/l),Automatic,Petrol,First Owner,Yes,No,Yes
Skoda,Rapid,2011,120k+,1000-1500cc,Good (18-24 km/l),Automatic,Petrol,Third Owner,No,Yes,No
Maruti Suzuki,Alto,2021,20k-50k,1000-1500cc,Good (18-24 km/l),Manual,Petrol,First Owner,Yes,No,Yes
Mahindra,Thar,2022,0-20k,1000-1500cc,Excellent (24+ km/l),Manual,Electric,First Owner,Yes,No,Yes
Tata,Tiago,2017,120k+,1500-2000cc,Good (18-24 km/l),Manual,Petrol,Fourth & Above,Yes,Yes,No
Hyundai,i20,2023,0-20k,1000-1500cc,Good (18-24 km/l),Manual,Petrol,First Owner,No,Yes,Yes
Maruti Suzuki,WagonR,2023,0-20k,1000-1500cc,Good (18-24 km/l),Manual,Diesel,First Owner,Yes,No,Yes
Tata,Tiago,2016,80k-120k,1500-2000cc,Average (12-18 km/l),Manual,Petrol,First Owner,Yes,Yes,No
BMW,3 Series,2005,80k-120k,2000cc+,Average (12-18 km/l),Automatic,Petrol,Second Owner,No,Yes,No
Tata,Punch,2016,120k+,2000cc+,Average (12-18 km/l),Automatic,Petrol,Third Owner,Yes,No,No
Mahindra,XUV500,2016,0-20k,2000cc+,Average (12-18 km/l),Manual,Diesel,Third Owner,No,Yes,No
Ford,EcoSport,2023,0-20k,1000-1500cc,Good (18-24 km/l),Manual,Diesel,First Owner,No,No,Yes
Tata,Nexon,2023,0-20k,2000cc+,Good (18-24 km/l),Manual,Diesel,Second Owner,Yes,No,Yes
Audi,Q3,2010,80k-120k,2000cc+,Good (18-24 km/l),Manual,Petrol,Fourth & Above,No,Yes,No
Audi,A4,2019,20k-50k,2000cc+,Average (12-18 km/l),Automatic,Petrol,Third Owner,Yes,No,Yes
Hyundai,Creta,2020,20k-50k,1500-2000cc,Good (18-24 km/l),Automatic,Diesel,First Owner,No,Yes,Yes
Mahindra,Thar,2011,0-20k,2000cc+,Average (12-18 km/l),Manual,Petrol,Third Owner,Yes,No,No
Hyundai,Creta,2018,50k-80k,1500-2000cc,Excellent (24+ km/l),Manual,Diesel,First Owner,Yes,Yes,Yes
Hyundai,Verna,2017,20k-50k,1000-1500cc,Excellent (24+ km/l),Manual,Diesel,First Owner,Yes,No,Yes
Maruti Suzuki,Swift,2020,20k-50k,1000-1500cc,Good (18-24 km/l),Automatic,Hybrid,First Owner,No,No,Yes
Honda,Amaze,2021,20k-50k,<1000cc,Good (18-24 km/l),Automatic,Diesel,First Owner,Yes,No,Yes
Mahindra,Thar,2021,0-20k,1500-2000cc,Good (18-24 km/l),Manual,CNG,First Owner,Yes,No,Yes
Maruti Suzuki,Ertiga,2013,50k-80k,1000-1500cc,Excellent (24+ km/l),Automatic,Diesel,First Owner,Yes,No,Yes
Hyundai,i10,2022,0-20k,1000-1500cc,Excellent (24+ km/l),Automatic,Electric,First Owner,Yes,No,Yes
Kia,Carens,2021,20k-50k,1000-1500cc,Excellent (24+ km/l),Manual,Diesel,First Owner,Yes,Yes,Yes
Hyundai,i20,2023,0-20k,1500-2000cc,Good (18-24 km/l),Automatic,Petrol,Second Owner,Yes,No,Yes
Maruti Suzuki,WagonR,2019,50k-80k,1000-1500cc,Good (18-24 km/l),Manual,Petrol,First Owner,Yes,No,Yes
Mahindra,Bolero,2023,0-20k,2000cc+,Good (18-24 km/l),Automatic,Diesel,First Owner,Yes,No,Yes
Mercedes-Benz,GLA,2023,0-20k,1500-2000cc,Good (18-24 km/l),Manual,Diesel,First Owner,Yes,No,Yes
Hyundai,i20,2019,20k-50k,1000-1500cc,Good (18-24 km/l),Automatic,Petrol,Second Owner,No,No,No
Toyota,Fortuner,2018,20k-50k,1500-2000cc,Good (18-24 km/l),Manual,Diesel,Second Owner,Yes,No,No
Volkswagen,Polo,2023,0-20k,1000-1500cc,Excellent (24+ km/l),Automatic,CNG,First Owner,Yes,No,Yes
Hyundai,Verna,2021,20k-50k,1000-1500cc,Good (18-24 km/l),Manual,Petrol,First Owner,Yes,Yes,Yes
Ford,Endeavour,2023,0-20k,1000-1500cc,Good (18-24 km/l),Manual,Diesel,Second Owner,Yes,No,Yes
Tata,Altroz,2022,50k-80k,1500-2000cc,Good (18-24 km/l),Manual,Diesel,First Owner,No,Yes,No
Toyota,Innova,2021,20k-50k,2000cc+,Good (18-24 km/l),Manual,Petrol,First Owner,Yes,No,Yes
Toyota,Fortuner,2012,50k-80k,1000-1500cc,Good (18-24 km/l),Manual,Petrol,Third Owner,Yes,No,No
Honda,Amaze,2016,50k-80k,1000-1500cc,Excellent (24+ km/l),Manual,CNG,Third Owner,Yes,Yes,No
Maruti Suzuki,Swift,2023,0-20k,1000-1500cc,Excellent (24+ km/l),Manual,CNG,Second Owner,Yes,No,Yes
Skoda,Octavia,2017,20k-50k,1000-1500cc,Excellent (24+ km/l),Manual,CNG,Second Owner,No,No,Yes
Tata,Altroz,2011,80k-120k,1000-1500cc,Good (18-24 km/l),Manual,Petrol,Third Owner,No,Yes,No
Hyundai,Verna,2021,0-20k,1500-2000cc,Average (12-18 km/l),Automatic,Petrol,First Owner,Yes,No,Yes
Maruti Suzuki,Alto,2022,0-20k,1500-2000cc,Excellent (24+ km/l),Automatic,Electric,First Owner,Yes,No,Yes
Honda,Jazz,2016,50k-80k,<1000cc,Excellent (24+ km/l),Manual,CNG,Fourth & Above,Yes,No,Yes
Toyota,Fortuner,2016,50k-80k,1000-1500cc,Good (18-24 km/l),Manual,Diesel,First Owner,No,No,Yes
Maruti Suzuki,Swift,2019,20k-50k,1000-1500cc,Good (18-24 km/l),Manual,Petrol,Second Owner,Yes,No,Yes
Mahindra,Bolero,2007,120k+,2000cc+,Good (18-24 km/l),Manual,Diesel,Fourth & Above,No,Yes,No
Hyundai,Verna,2022,0-20k,<1000cc,Good (18-24 km/l),Automatic,Diesel,First Owner,Yes,No,Yes
Toyota,Fortuner,2017,50k-80k,1500-2000cc,Good (18-24 km/l),Manual,Diesel,First Owner,Yes,No,Yes
Maruti Suzuki,Baleno,2023,0-20k,1000-1500cc,Good (18-24 km/l),Manual,Diesel,First Owner,Yes,No,Yes
Ford,Figo,2022,0-20k,1000-1500cc,Good (18-24 km/l),Manual,Diesel,First Owner,Yes,No,Yes
Tata,Nexon,2021,0-20k,1500-2000cc,Good (18-24 km/l),Manual,Diesel,First Owner,Yes,Yes,Yes
BMW,X1,2017,120k+,2000cc+,Average (12-18 km/l),Manual,Petrol,Second Owner,No,Yes,No
Maruti Suzuki,Baleno,2020,20k-50k,1000-1500cc,Excellent (24+ km/l),Manual,Petrol,Second Owner,Yes,No,Yes
Tata,Nexon,2019,50k-80k,2000cc+,Good (18-24 km/l),Automatic,Diesel,Second Owner,Yes,Yes,Yes
Maruti Suzuki,Alto,2017,50k-80k,1000-1500cc,Good (18-24 km/l),Manual,Petrol,First Owner,Yes,Yes,Yes
BMW,3 Series,2023,0-20k,2000cc+,Average (12-18 km/l),Manual,Diesel,First Owner,Yes,No,Yes
Kia,Seltos,2019,50k-80k,1000-1500cc,Good (18-24 km/l),Manual,Diesel,First Owner,Yes,No,Yes
Hyundai,i10,2022,20k-50k,1000-1500cc,Excellent (24+ km/l),Manual,CNG,First Owner,Yes,No,Yes
Toyota,Fortuner,2011,120k+,1500-2000cc,Good (18-24 km/l),Manual,Petrol,Second Owner,No,No,No
Renault,Triber,2013,80k-120k,<1000cc,Good (18-24 km/l),Automatic,Petrol,Second Owner,Yes,Yes,No
Honda,WR-V,2023,0-20k,1000-1500cc,Good (18-24 km/l),Manual,Petrol,First Owner,Yes,No,Yes
Mahindra,Scorpio,2020,20k-50k,2000cc+,Good (18-24 km/l),Manual,Diesel,First Owner,Yes,Yes,Yes
Hyundai,Verna,2019,50k-80k,1000-1500cc,Excellent (24+ km/l),Manual,Petrol,First Owner,Yes,No,Yes
Maruti Suzuki,Ertiga,2020,0-20k,1000-1500cc,Average (12-18 km/l),Automatic,Petrol,Second Owner,No,No,Yes
Kia,Carens,2015,120k+,1000-1500cc,Average (12-18 km/l),Manual,Petrol,Third Owner,Yes,Yes,No
Kia,Seltos,2022,20k-50k,1000-1500cc,Good (18-24 km/l),Manual,Diesel,First Owner,Yes,No,Yes
Toyota,Yaris,2011,20k-50k,2000cc+,Average (12-18 km/l),Automatic,Diesel,Second Owner,No,Yes,No
Tata,Harrier,2020,20k-50k,1000-1500cc,Good (18-24 km/l),Manual,Petrol,First Owner,No,No,Yes
Tata,Harrier,2020,20k-50k,1500-2000cc,Good (18-24 km/l),Manual,Petrol,First Owner,Yes,No,Yes
Ford,Figo,2023,0-20k,<1000cc,Excellent (24+ km/l),Automatic,CNG,First Owner,Yes,No,Yes
Kia,Sonet,2020,20k-50k,1000-1500cc,Good (18-24 km/l),Manual,Petrol,Third Owner,Yes,No,Yes
Kia,Carens,2013,80k-120k,<1000cc,Average (12-18 km/l),Manual,Petrol,Third Owner,No,No,No
Volkswagen,Polo,2020,0-20k,<1000cc,Good (18-24 km/l),Manual,Petrol,First Owner,Yes,No,Yes
Toyota,Yaris,2011,120k+,2000cc+,Average (12-18 km/l),Automatic,Petrol,Fourth & Above,Yes,Yes,No
Maruti Suzuki,Alto,2014,120k+,1000-1500cc,Good (18-24 km/l),Manual,Petrol,Second Owner,Yes,No,No
Maruti Suzuki,Dzire,2007,120k+,1000-1500cc,Good (18-24 km/l),Manual,Diesel,Fourth & Above,No,Yes,No
Kia,Sonet,2020,20k-50k,<1000cc,Good (18-24 km/l),Automatic,Hybrid,First Owner,Yes,Yes,Yes
Honda,Jazz,2010,50k-80k,1500-2000cc,Good (18-24 km/l),Manual,Petrol,Second Owner,No,Yes,No
Maruti Suzuki,Dzire,2019,20k-50k,1000-1500cc,Good (18-24 km/l),Automatic,Diesel,First Owner,Yes,No,Yes
Maruti Suzuki,Ertiga,2023,20k-50k,1000-1500cc,Excellent (24+ km/l),Automatic,CNG,First Owner,Yes,No,Yes
Toyota,Yaris,2022,20k-50k,1500-2000cc,Average (12-18 km/l),Automatic,Petrol,First Owner,Yes,No,Yes
Maruti Suzuki,Alto,2010,120k+,<1000cc,Good (18-24 km/l),Manual,Petrol,Fourth & Above,No,No,No
Maruti Suzuki,Alto,2015,120k+,1000-1500cc,Good (18-24 km/l),Manual,Petrol,Third Owner,Yes,No,No
Honda,City,2021,0-20k,1000-1500cc,Excellent (24+ km/l),Automatic,CNG,First Owner,No,No,Yes
Ford,Figo,2023,20k-50k,1000-1500cc,Good (18-24 km/l),Manual,Petrol,First Owner,No,No,No
Toyota,Yaris,2008,120k+,2000cc+,Good (18-24 km/l),Manual,Petrol,Second Owner,No,Yes,No
Hyundai,Venue,2022,20k-50k,1000-1500cc,Good (18-24 km/l),Manual,Diesel,Third Owner,Yes,No,Yes
Ford,EcoSport,2020,20k-50k,1000-1500cc,Good (18-24 km/l),Manual,Diesel,First Owner,Yes,No,Yes
Hyundai,i20,2020,50k-80k,1000-1500cc,Good (18-24 km/l),Manual,Petrol,Second Owner,Yes,No,No
Tata,Nexon,2023,0-20k,2000cc+,Good (18-24 km/l),Manual,Diesel,First Owner,Yes,No,Yes
Volkswagen,Taigun,2022,0-20k,1000-1500cc,Good (18-24 km/l),Manual,Diesel,First Owner,Yes,No,Yes
Toyota,Yaris,2023,0-20k,2000cc+,Average (12-18 km/l),Automatic,Diesel,First Owner,Yes,Yes,Yes
Skoda,Rapid,2017,20k-50k,1000-1500cc,Good (18-24 km/l),Manual,Petrol,Second Owner,No,Yes,No
Toyota,Glanza,2020,20k-50k,2000cc+,Average (12-18 km/l),Manual,Petrol,First Owner,Yes,No,Yes
Honda,Amaze,2021,20k-50k,1000-1500cc,Good (18-24 km/l),Manual,Petrol,First Owner,Yes,No,Yes
Maruti Suzuki,Alto,2017,20k-50k,<1000cc,Good (18-24 km/l),Manual,Hybrid,First Owner,Yes,No,Yes
Tata,Altroz,2020,20k-50k,2000cc+,Average (12-18 km/l),Manual,Petrol,Fourth & Above,Yes,No,Yes
Hyundai,Venue,2015,0-20k,1000-1500cc,Good (18-24 km/l),Manual,Petrol,Second Owner,Yes,No,Yes
Hyundai,i20,2013,50k-80k,1000-1500cc,Average (12-18 km/l),Automatic,Petrol,First Owner,No,No,No
Audi,Q3,2018,50k-80k,2000cc+,Good (18-24 km/l),Automatic,Hybrid,First Owner,Yes,Yes,No
Tata,Nexon,2022,0-20k,1500-2000cc,Good (18-24 km/l),Manual,Diesel,First Owner,Yes,No,Yes
Kia,Sonet,2023,0-20k,1000-1500cc,Good (18-24 km/l),Manual,Petrol,First Owner,Yes,No,Yes
Toyota,Yaris,2019,120k+,2000cc+,Good (18-24 km/l),Manual,CNG,Second Owner,No,Yes,No
Renault,Duster,2021,20k-50k,1500-2000cc,Good (18-24 km/l),Automatic,CNG,First Owner,Yes,No,Yes
Mahindra,XUV500,2011,80k-120k,2000cc+,Average (12-18 km/l),Manual,Petrol,Second Owner,No,Yes,No
Honda,Amaze,2023,0-20k,1000-1500cc,Good (18-24 km/l),Automatic,Diesel,First Owner,No,No,Yes
Mahindra,Bolero,2020,50k-80k,1000-1500cc,Excellent (24+ km/l),Automatic,CNG,Second Owner,Yes,No,Yes
Hyundai,i20,2022,0-20k,1000-1500cc,Average (12-18 km/l),Manual,Petrol,First Owner,Yes,No,Yes
Ford,EcoSport,2022,20k-50k,1000-1500cc,Good (18-24 km/l),Automatic,Petrol,First Owner,Yes,Yes,Yes
Hyundai,Verna,2016,50k-80k,1000-1500cc,Good (18-24 km/l),Manual,Diesel,Fourth & Above,Yes,No,No
Maruti Suzuki,Ertiga,2020,20k-50k,1000-1500cc,Good (18-24 km/l),Manual,Diesel,First Owner,No,Yes,Yes
Toyota,Fortuner,2023,0-20k,1500-2000cc,Good (18-24 km/l),Manual,Petrol,First Owner,Yes,No,Yes
Maruti Suzuki,WagonR,2011,120k+,1000-1500cc,Good (18-24 km/l),Manual,Petrol,Fourth & Above,Yes,Yes,No
BMW,3 Series,2021,20k-50k,2000cc+,Good (18-24 km/l),Manual,Diesel,First Owner,No,No,Yes
Audi,A4,2023,0-20k,2000cc+,Average (12-18 km/l),Automatic,Petrol,First Owner,Yes,No,Yes
BMW,5 Series,2017,20k-50k,1500-2000cc,Good (18-24 km/l),Manual,Hybrid,First Owner,No,No,Yes
Tata,Punch,2023,0-20k,1000-1500cc,Good (18-24 km/l),Manual,Petrol,First Owner,Yes,No,Yes
Maruti Suzuki,WagonR,2023,0-20k,1500-2000cc,Good (18-24 km/l),Manual,Diesel,First Owner,Yes,No,Yes
BMW,5 Series,2022,0-20k,2000cc+,Average (12-18 km/l),Automatic,Diesel,First Owner,Yes,No,Yes
Tata,Punch,2015,80k-120k,1000-1500cc,Good (18-24 km/l),Automatic,Petrol,Third Owner,Yes,Yes,No
Audi,A4,2017,80k-120k,2000cc+,Average (12-18 km/l),Automatic,Petrol,First Owner,Yes,Yes,No
Audi,Q3,2008,120k+,2000cc+,Average (12-18 km/l),Manual,Petrol,Third Owner,No,Yes,No
Skoda,Kushaq,2022,0-20k,1000-1500cc,Good (18-24 km/l),Automatic,Diesel,First Owner,Yes,No,Yes
Hyundai,Creta,2023,0-20k,1000-1500cc,Average (12-18 km/l),Manual,Petrol,First Owner,No,No,Yes
Tata,Tiago,2021,20k-50k,2000cc+,Good (18-24 km/l),Manual,Petrol,First Owner,No,No,Yes
Skoda,Rapid,2017,20k-50k,1000-1500cc,Good (18-24 km/l),Manual,Petrol,First Owner,Yes,No,Yes
Hyundai,i10,2010,80k-120k,1000-1500cc,Average (12-18 km/l),Manual,Petrol,Third Owner,Yes,No,No
Maruti Suzuki,WagonR,2022,0-20k,1000-1500cc,Good (18-24 km/l),Manual,Diesel,Third Owner,Yes,Yes,Yes
Honda,Jazz,2022,20k-50k,1000-1500cc,Good (18-24 km/l),Manual,Petrol,First Owner,No,No,Yes
BMW,X1,2023,0-20k,2000cc+,Average (12-18 km/l),Automatic,Petrol,First Owner,No,No,Yes
Ford,Endeavour,2022,0-20k,1500-2000cc,Good (18-24 km/l),Manual,Petrol,First Owner,No,No,Yes
Honda,City,2022,0-20k,1000-1500cc,Good (18-24 km/l),Automatic,Diesel,Second Owner,Yes,No,Yes
Maruti Suzuki,Swift,2022,0-20k,1000-1500cc,Good (18-24 km/l),Manual,Petrol,First Owner,Yes,No,Yes
Toyota,Innova,2021,20k-50k,2000cc+,Good (18-24 km/l),Manual,Petrol,First Owner,Yes,No,Yes
Mercedes-Benz,GLA,2018,80k-120k,1500-2000cc,Good (18-24 km/l),Manual,Diesel,First Owner,Yes,No,No
Maruti Suzuki,Dzire,2023,0-20k,1000-1500cc,Excellent (24+ km/l),Automatic,CNG,First Owner,Yes,Yes,Yes
Mahindra,XUV500,2021,0-20k,1000-1500cc,Good (18-24 km/l),Manual,Petrol,First Owner,No,No,Yes
Kia,Sonet,2018,120k+,1000-1500cc,Good (18-24 km/l),Manual,Petrol,First Owner,Yes,Yes,No
Volkswagen,Polo,2010,80k-120k,1000-1500cc,Excellent (24+ km/l),Manual,Diesel,First Owner,No,Yes,No
Ford,Endeavour,2016,50k-80k,1000-1500cc,Good (18-24 km/l),Manual,Hybrid,Fourth & Above,No,Yes,No
Ford,EcoSport,2020,50k-80k,1000-1500cc,Good (18-24 km/l),Automatic,Petrol,First Owner,No,Yes,No
Tata,Harrier,2016,80k-120k,1500-2000cc,Good (18-24 km/l),Manual,Diesel,Third Owner,No,Yes,No
Hyundai,Verna,2015,50k-80k,1000-1500cc,Good (18-24 km/l),Manual,Petrol,Third Owner,No,No,No
Renault,Triber,2020,80k-120k,<1000cc,Good (18-24 km/l),Manual,Petrol,First Owner,Yes,No,Yes
Renault,Triber,2014,20k-50k,1000-1500cc,Excellent (24+ km/l),Automatic,Diesel,Third Owner,No,No,Yes
Skoda,Kushaq,2022,0-20k,1500-2000cc,Good (18-24 km/l),Manual,Petrol,First Owner,Yes,No,Yes
BMW,X1,2019,20k-50k,2000cc+,Average (12-18 km/l),Manual,Petrol,First Owner,Yes,No,Yes
Mahindra,Scorpio,2020,50k-80k,1000-1500cc,Good (18-24 km/l),Automatic,Petrol,Third Owner,Yes,Yes,No
Mahindra,Bolero,2013,80k-120k,2000cc+,Excellent (24+ km/l),Manual,CNG,First Owner,Yes,Yes,No
Renault,Triber,2017,0-20k,1000-1500cc,Excellent (24+ km/l),Manual,CNG,First Owner,No,Yes,Yes
Toyota,Glanza,2018,20k-50k,2000cc+,Average (12-18 km/l),Manual,Petrol,First Owner,Yes,No,Yes
Ford,Endeavour,2022,20k-50k,1000-1500cc,Good (18-24 km/l),Automatic,Diesel,First Owner,Yes,No,Yes
Renault,Duster,2022,0-20k,1000-1500cc,Good (18-24 km/l),Manual,Petrol,First Owner,Yes,Yes,Yes
Kia,Seltos,2015,20k-50k,1000-1500cc,Good (18-24 km/l),Automatic,Diesel,Fourth & Above,No,No,No
Tata,Tiago,2021,0-20k,1000-1500cc,Excellent (24+ km/l),Automatic,CNG,First Owner,Yes,No,Yes
Tata,Nexon,2015,0-20k,2000cc+,Good (18-24 km/l),Manual,Petrol,First Owner,Yes,No,Yes
Maruti Suzuki,WagonR,2023,0-20k,1000-1500cc,Good (18-24 km/l),Automatic,Petrol,First Owner,Yes,No,Yes
Honda,WR-V,2023,0-20k,1000-1500cc,Good (18-24 km/l),Automatic,Diesel,Second Owner,Yes,No,Yes
Maruti Suzuki,Dzire,2020,0-20k,1000-1500cc,Good (18-24 km/l),Automatic,Diesel,First Owner,Yes,No,Yes
Mahindra,XUV300,2021,50k-80k,2000cc+,Average (12-18 km/l),Automatic,Petrol,First Owner,Yes,No,Yes
Honda,WR-V,2022,0-20k,1000-1500cc,Good (18-24 km/l),Manual,Diesel,First Owner,Yes,No,Yes
Hyundai,i20,2022,0-20k,<1000cc,Excellent (24+ km/l),Manual,CNG,First Owner,Yes,No,Yes
Honda,Amaze,2021,0-20k,1500-2000cc,Average (12-18 km/l),Manual,Petrol,First Owner,Yes,No,Yes
Maruti Suzuki,Baleno,2023,0-20k,1000-1500cc,Average (12-18 km/l),Automatic,Petrol,First Owner,Yes,No,Yes
Maruti Suzuki,Ertiga,2020,20k-50k,1500-2000cc,Average (12-18 km/l),Automatic,Petrol,Fourth & Above,No,No,No
Renault,Kwid,2021,50k-80k,1000-1500cc,Good (18-24 km/l),Manual,Diesel,First Owner,Yes,No,Yes
Tata,Harrier,2023,0-20k,1000-1500cc,Good (18-24 km/l),Automatic,Petrol,First Owner,Yes,No,Yes
Maruti Suzuki,Ertiga,2021,0-20k,1500-2000cc,Good (18-24 km/l),Automatic,Petrol,First Owner,Yes,No,Yes
Mahindra,XUV300,2022,20k-50k,2000cc+,Average (12-18 km/l),Automatic,Petrol,First Owner,No,No,Yes
Volkswagen,Polo,2015,120k+,<1000cc,Good (18-24 km/l),Manual,Petrol,Third Owner,No,Yes,No
Hyundai,i10,2018,50k-80k,1000-1500cc,Good (18-24 km/l),Manual,Diesel,First Owner,Yes,No,Yes
Toyota,Innova,2013,50k-80k,1000-1500cc,Good (18-24 km/l),Manual,Petrol,First Owner,No,Yes,No
Maruti Suzuki,Dzire,2019,20k-50k,1000-1500cc,Good (18-24 km/l),Manual,Diesel,First Owner,Yes,Yes,Yes
Maruti Suzuki,Baleno,2019,0-20k,1500-2000cc,Good (18-24 km/l),Manual,Petrol,Fourth & Above,Yes,No,Yes
Honda,Jazz,2023,0-20k,1000-1500cc,Good (18-24 km/l),Manual,Hybrid,First Owner,Yes,No,Yes
Honda,Jazz,2021,0-20k,1500-2000cc,Good (18-24 km/l),Automatic,Diesel,Second Owner,Yes,No,Yes
Toyota,Fortuner,2022,20k-50k,1500-2000cc,Good (18-24 km/l),Automatic,Petrol,Second Owner,Yes,No,Yes
Ford,Endeavour,2017,80k-120k,1000-1500cc,Good (18-24 km/l),Manual,Diesel,Second Owner,No,Yes,No
Mercedes-Benz,C-Class,2022,20k-50k,2000cc+,Good (18-24 km/l),Automatic,Petrol,First Owner,Yes,No,Yes
Mahindra,XUV300,2021,0-20k,1500-2000cc,Good (18-24 km/l),Automatic,Diesel,First Owner,Yes,No,Yes
Tata,Harrier,2021,20k-50k,1500-2000cc,Excellent (24+ km/l),Automatic,Electric,First Owner,Yes,No,Yes
Renault,Duster,2016,20k-50k,<1000cc,Good (18-24 km/l),Manual,Petrol,Second Owner,Yes,Yes,No
Hyundai,Verna,2020,20k-50k,1000-1500cc,Excellent (24+ km/l),Manual,Diesel,Third Owner,Yes,Yes,No
Mahindra,XUV300,2021,20k-50k,2000cc+,Average (12-18 km/l),Automatic,Petrol,First Owner,Yes,No,Yes
Maruti Suzuki,Baleno,2020,50k-80k,1000-1500cc,Good (18-24 km/l),Manual,Diesel,First Owner,No,No,Yes
Maruti Suzuki,Swift,2023,0-20k,1000-1500cc,Good (18-24 km/l),Automatic,Petrol,Second Owner,Yes,No,Yes
Audi,A4,2023,0-20k,2000cc+,Average (12-18 km/l),Automatic,Diesel,First Owner,Yes,No,Yes
Skoda,Kushaq,2023,0-20k,1000-1500cc,Good (18-24 km/l),Manual,Petrol,First Owner,Yes,No,Yes
Ford,Figo,2021,20k-50k,1500-2000cc,Good (18-24 km/l),Manual,Petrol,First Owner,No,No,Yes
Tata,Harrier,2023,0-20k,2000cc+,Excellent (24+ km/l),Manual,Electric,First Owner,Yes,No,Yes
Maruti Suzuki,Swift,2022,0-20k,1000-1500cc,Good (18-24 km/l),Automatic,Petrol,First Owner,Yes,No,Yes
Maruti Suzuki,Alto,2016,80k-120k,<1000cc,Good (18-24 km/l),Manual,Petrol,Third Owner,No,Yes,No
Hyundai,i10,2018,50k-80k,1000-1500cc,Good (18-24 km/l),Automatic,Diesel,First Owner,Yes,No,Yes
Honda,WR-V,2015,20k-50k,<1000cc,Good (18-24 km/l),Manual,Hybrid,First Owner,Yes,No,Yes
Ford,EcoSport,2005,120k+,1000-1500cc,Good (18-24 km/l),Manual,Diesel,Fourth & Above,No,Yes,No
Toyota,Innova,2014,50k-80k,1500-2000cc,Average (12-18 km/l),Manual,Petrol,Fourth & Above,Yes,No,No
Hyundai,Venue,2005,120k+,1000-1500cc,Good (18-24 km/l),Manual,Diesel,Second Owner,No,No,No
Audi,A4,2022,0-20k,2000cc+,Average (12-18 km/l),Manual,Petrol,First Owner,No,No,Yes
Volkswagen,Taigun,2018,20k-50k,1000-1500cc,Good (18-24 km/l),Manual,Hybrid,Second Owner,No,No,Yes
Honda,Jazz,2017,80k-120k,1000-1500cc,Good (18-24 km/l),Manual,Diesel,First Owner,No,Yes,No
Toyota,Fortuner,2022,0-20k,1500-2000cc,Good (18-24 km/l),Automatic,Diesel,First Owner,Yes,No,Yes
Tata,Tiago,2022,0-20k,2000cc+,Good (18-24 km/l),Automatic,Diesel,First Owner,Yes,No,Yes
Hyundai,Verna,2023,0-20k,1000-1500cc,Good (18-24 km/l),Manual,Diesel,First Owner,Yes,No,Yes
Tata,Tiago,2021,0-20k,1000-1500cc,Good (18-24 km/l),Manual,Diesel,First Owner,Yes,Yes,Yes
Volkswagen,Taigun,2019,20k-50k,1000-1500cc,Good (18-24 km/l),Manual,Petrol,First Owner,Yes,No,Yes
Maruti Suzuki,Dzire,2017,50k-80k,1000-1500cc,Good (18-24 km/l),Manual,Petrol,Second Owner,No,No,Yes
Maruti Suzuki,Baleno,2015,0-20k,<1000cc,Excellent (24+ km/l),Manual,Petrol,Second Owner,No,No,Yes
Maruti Suzuki,Swift,2015,80k-120k,1000-1500cc,Good (18-24 km/l),Manual,Petrol,First Owner,Yes,Yes,Yes
Maruti Suzuki,Swift,2018,20k-50k,1000-1500cc,Good (18-24 km/l),Manual,Petrol,First Owner,Yes,No,Yes
Skoda,Kushaq,2023,0-20k,<1000cc,Good (18-24 km/l),Automatic,Petrol,Second Owner,Yes,No,Yes
Ford,Endeavour,2005,80k-120k,1000-1500cc,Excellent (24+ km/l),Manual,CNG,Fourth & Above,No,No,No
Mahindra,Thar,2014,20k-50k,2000cc+,Average (12-18 km/l),Manual,Petrol,Second Owner,Yes,No,Yes
Maruti Suzuki,Baleno,2014,0-20k,<1000cc,Excellent (24+ km/l),Manual,CNG,First Owner,Yes,Yes,Yes
Mahindra,XUV300,2021,0-20k,1000-1500cc,Excellent (24+ km/l),Manual,CNG,First Owner,Yes,No,Yes
Mahindra,Thar,2017,120k+,1000-1500cc,Good (18-24 km/l),Manual,Diesel,Second Owner,Yes,Yes,No
Maruti Suzuki,WagonR,2019,20k-50k,1000-1500cc,Good (18-24 km/l),Manual,Petrol,Third Owner,Yes,Yes,Yes
Mahindra,Thar,2013,80k-120k,1500-2000cc,Good (18-24 km/l),Manual,Petrol,Second Owner,Yes,No,No
Tata,Altroz,2018,0-20k,2000cc+,Good (18-24 km/l),Manual,Hybrid,Second Owner,No,Yes,No
Toyota,Fortuner,2011,120k+,1500-2000cc,Excellent (24+ km/l),Manual,CNG,Third Owner,Yes,Yes,No
Toyota,Innova,2020,0-20k,2000cc+,Excellent (24+ km/l),Manual,Electric,First Owner,Yes,No,Yes
Maruti Suzuki,Swift,2011,50k-80k,1000-1500cc,Good (18-24 km/l),Manual,Hybrid,Fourth & Above,No,No,No
Tata,Tiago,2022,0-20k,1500-2000cc,Good (18-24 km/l),Manual,Petrol,First Owner,Yes,No,Yes
Toyota,Fortuner,2020,0-20k,1500-2000cc,Good (18-24 km/l),Manual,Diesel,First Owner,Yes,No,Yes
Mahindra,XUV300,2022,20k-50k,1500-2000cc,Average (12-18 km/l),Manual,Diesel,First Owner,Yes,No,Yes
Skoda,Kushaq,2018,50k-80k,1000-1500cc,Good (18-24 km/l),Manual,Petrol,Fourth & Above,Yes,No,Yes
Toyota,Innova,2018,0-20k,1500-2000cc,Average (12-18 km/l),Automatic,Petrol,First Owner,No,No,Yes
Maruti Suzuki,Swift,2011,20k-50k,<1000cc,Good (18-24 km/l),Manual,Petrol,Second Owner,No,No,No
Maruti Suzuki,Baleno,2020,20k-50k,1000-1500cc,Good (18-24 km/l),Automatic,Petrol,First Owner,Yes,No,Yes
Toyota,Fortuner,2020,0-20k,2000cc+,Average (12-18 km/l),Automatic,Petrol,First Owner,Yes,No,Yes
Maruti Suzuki,Dzire,2019,0-20k,1000-1500cc,Good (18-24 km/l),Manual,Petrol,Second Owner,No,No,Yes
Honda,City,2022,0-20k,1000-1500cc,Excellent (24+ km/l),Manual,Diesel,First Owner,Yes,No,Yes
BMW,3 Series,2022,20k-50k,1500-2000cc,Good (18-24 km/l),Manual,Diesel,Third Owner,Yes,No,No
Honda,WR-V,2022,20k-50k,<1000cc,Good (18-24 km/l),Automatic,Petrol,First Owner,Yes,Yes,Yes
Tata,Punch,2013,50k-80k,2000cc+,Good (18-24 km/l),Manual,Diesel,First Owner,Yes,Yes,Yes
Toyota,Fortuner,2021,20k-50k,2000cc+,Good (18-24 km/l),Automatic,CNG,First Owner,Yes,No,Yes
Mahindra,Thar,2010,120k+,1500-2000cc,Good (18-24 km/l),Manual,Petrol,Third Owner,No,Yes,No
Honda,City,2021,0-20k,1000-1500cc,Good (18-24 km/l),Manual,Petrol,First Owner,Yes,Yes,Yes
BMW,5 Series,2018,50k-80k,2000cc+,Average (12-18 km/l),Manual,Petrol,First Owner,No,No,Yes
Tata,Altroz,2012,120k+,1000-1500cc,Excellent (24+ km/l),Manual,Diesel,Second Owner,Yes,No,No
Audi,A4,2023,0-20k,1500-2000cc,Average (12-18 km/l),Automatic,Petrol,First Owner,Yes,No,Yes
Kia,Carens,2021,20k-50k,1000-1500cc,Good (18-24 km/l),Manual,Petrol,First Owner,Yes,No,Yes
Hyundai,i20,2017,20k-50k,1000-1500cc,Good (18-24 km/l),Manual,Petrol,First Owner,Yes,No,Yes
Maruti Suzuki,Alto,2007,50k-80k,1000-1500cc,Good (18-24 km/l),Manual,Petrol,Third Owner,No,Yes,No
Maruti Suzuki,Dzire,2020,50k-80k,1000-1500cc,Excellent (24+ km/l),Automatic,Electric,First Owner,Yes,No,Yes
Maruti Suzuki,Swift,2023,0-20k,1000-1500cc,Good (18-24 km/l),Manual,Petrol,First Owner,Yes,Yes,Yes
Maruti Suzuki,Dzire,2020,0-20k,1000-1500cc,Excellent (24+ km/l),Manual,Diesel,Second Owner,No,No,Yes
Ford,EcoSport,2023,0-20k,<1000cc,Good (18-24 km/l),Automatic,Petrol,First Owner,Yes,No,Yes
Maruti Suzuki,WagonR,2013,80k-120k,1000-1500cc,Average (12-18 km/l),Manual,Petrol,Second Owner,Yes,No,No
Hyundai,i10,2020,0-20k,1000-1500cc,Good (18-24 km/l),Manual,Petrol,Second Owner,Yes,No,Yes
Skoda,Kushaq,2022,0-20k,1500-2000cc,Good (18-24 km/l),Manual,Diesel,First Owner,Yes,No,Yes
Maruti Suzuki,Alto,2020,80k-120k,1000-1500cc,Good (18-24 km/l),Automatic,Petrol,First Owner,Yes,No,Yes
Renault,Triber,2011,120k+,1000-1500cc,Average (12-18 km/l),Manual,Petrol,Second Owner,No,No,No
Hyundai,Verna,2020,20k-50k,1500-2000cc,Good (18-24 km/l),Manual,Diesel,First Owner,Yes,Yes,Yes
Maruti Suzuki,Swift,2021,0-20k,1000-1500cc,Average (12-18 km/l),Automatic,Petrol,First Owner,No,No,Yes
Ford,Figo,2022,0-20k,1000-1500cc,Good (18-24 km/l),Manual,Diesel,First Owner,Yes,No,Yes
Toyota,Fortuner,2022,0-20k,1500-2000cc,Excellent (24+ km/l),Automatic,Electric,First Owner,Yes,No,Yes
Kia,Sonet,2022,0-20k,1000-1500cc,Good (18-24 km/l),Manual,Petrol,First Owner,Yes,Yes,Yes
Volkswagen,Vento,2021,80k-120k,1000-1500cc,Good (18-24 km/l),Manual,Petrol,First Owner,Yes,Yes,No
Renault,Triber,2015,50k-80k,1000-1500cc,Good (18-24 km/l),Manual,Diesel,Second Owner,Yes,No,Yes
Hyundai,Creta,2018,50k-80k,1000-1500cc,Average (12-18 km/l),Manual,Petrol,First Owner,Yes,Yes,No
Maruti Suzuki,WagonR,2022,0-20k,1000-1500cc,Excellent (24+ km/l),Automatic,CNG,First Owner,Yes,No,Yes
Volkswagen,Polo,2023,0-20k,<1000cc,Good (18-24 km/l),Automatic,Diesel,First Owner,Yes,No,Yes
Renault,Duster,2010,50k-80k,1000-1500cc,Good (18-24 km/l),Manual,Petrol,Third Owner,No,No,No
Mercedes-Benz,C-Class,2020,20k-50k,2000cc+,Good (18-24 km/l),Manual,Diesel,First Owner,Yes,No,No
Tata,Nexon,2017,120k+,1500-2000cc,Good (18-24 km/l),Manual,Petrol,Second Owner,No,Yes,No
Tata,Altroz,2015,80k-120k,1000-1500cc,Good (18-24 km/l),Automatic,Petrol,Second Owner,No,No,No
Volkswagen,Vento,2019,80k-120k,<1000cc,Good (18-24 km/l),Manual,Diesel,First Owner,No,No,No
Tata,Altroz,2020,50k-80k,2000cc+,Good (18-24 km/l),Manual,Diesel,Second Owner,Yes,No,Yes
BMW,3 Series,2006,80k-120k,1500-2000cc,Good (18-24 km/l),Manual,Diesel,First Owner,No,No,No
Skoda,Octavia,2022,20k-50k,1000-1500cc,Good (18-24 km/l),Automatic,Diesel,First Owner,Yes,No,Yes
Tata,Harrier,2022,20k-50k,1500-2000cc,Good (18-24 km/l),Manual,Petrol,First Owner,Yes,Yes,Yes
Volkswagen,Polo,2023,0-20k,<1000cc,Good (18-24 km/l),Automatic,Petrol,First Owner,Yes,Yes,Yes
Volkswagen,Vento,2014,20k-50k,<1000cc,Good (18-24 km/l),Manual,Petrol,Third Owner,Yes,Yes,No
Maruti Suzuki,Alto,2020,50k-80k,1000-1500cc,Excellent (24+ km/l),Manual,Diesel,Second Owner,Yes,No,Yes
Kia,Sonet,2018,50k-80k,1000-1500cc,Good (18-24 km/l),Manual,Petrol,First Owner,Yes,No,Yes
Mahindra,Scorpio,2017,20k-50k,2000cc+,Average (12-18 km/l),Manual,Petrol,Second Owner,Yes,No,Yes
Renault,Triber,2020,20k-50k,1500-2000cc,Good (18-24 km/l),Manual,Petrol,First Owner,Yes,Yes,Yes
Tata,Nexon,2022,0-20k,1500-2000cc,Excellent (24+ km/l),Manual,Diesel,First Owner,Yes,No,Yes
Kia,Sonet,2007,20k-50k,1000-1500cc,Good (18-24 km/l),Manual,Petrol,Fourth & Above,No,Yes,No
Tata,Tiago,2023,0-20k,1500-2000cc,Average (12-18 km/l),Automatic,Petrol,First Owner,Yes,No,Yes
Maruti Suzuki,Swift,2022,0-20k,1000-1500cc,Good (18-24 km/l),Manual,Petrol,First Owner,Yes,No,Yes
Kia,Seltos,2022,0-20k,1000-1500cc,Good (18-24 km/l),Manual,Diesel,Second Owner,Yes,No,Yes
Maruti Suzuki,Swift,2022,20k-50k,1000-1500cc,Good (18-24 km/l),Automatic,Diesel,First Owner,Yes,No,Yes
Hyundai,i20,2018,20k-50k,1000-1500cc,Excellent (24+ km/l),Manual,Petrol,First Owner,No,Yes,No
Audi,Q3,2022,0-20k,2000cc+,Average (12-18 km/l),Automatic,Diesel,First Owner,Yes,No,Yes
Audi,A4,2018,0-20k,2000cc+,Average (12-18 km/l),Manual,Petrol,First Owner,Yes,No,Yes
Honda,Amaze,2023,0-20k,1000-1500cc,Good (18-24 km/l),Manual,Diesel,First Owner,Yes,Yes,Yes
Toyota,Glanza,2014,80k-120k,1000-1500cc,Excellent (24+ km/l),Manual,Diesel,Third Owner,No,No,No
Mahindra,Thar,2016,80k-120k,2000cc+,Average (12-18 km/l),Manual,Petrol,Third Owner,No,Yes,No
Hyundai,Venue,2020,0-20k,1000-1500cc,Good (18-24 km/l),Manual,Petrol,Second Owner,Yes,No,Yes
Tata,Altroz,2017,0-20k,1000-1500cc,Good (18-24 km/l),Manual,Diesel,Second Owner,Yes,No,Yes
Toyota,Innova,2018,80k-120k,2000cc+,Good (18-24 km/l),Manual,Petrol,First Owner,Yes,No,Yes
Volkswagen,Taigun,2019,0-20k,1000-1500cc,Excellent (24+ km/l),Manual,CNG,First Owner,Yes,No,Yes
Renault,Duster,2023,0-20k,1000-1500cc,Good (18-24 km/l),Manual,Diesel,First Owner,Yes,No,Yes
Renault,Duster,2020,50k-80k,1500-2000cc,Good (18-24 km/l),Manual,Diesel,First Owner,Yes,Yes,No
Maruti Suzuki,Dzire,2018,50k-80k,1000-1500cc,Good (18-24 km/l),Manual,Diesel,Third Owner,Yes,No,Yes
Mahindra,Bolero,2015,20k-50k,1000-1500cc,Good (18-24 km/l),Manual,Petrol,First Owner,Yes,Yes,Yes
Maruti Suzuki,Alto,2018,120k+,1000-1500cc,Good (18-24 km/l),Manual,Hybrid,First Owner,Yes,No,Yes
Honda,City,2020,20k-50k,1000-1500cc,Excellent (24+ km/l),Automatic,CNG,First Owner,No,No,Yes
Mahindra,Thar,2022,20k-50k,2000cc+,Average (12-18 km/l),Automatic,Petrol,First Owner,Yes,No,Yes
Kia,Sonet,2012,80k-120k,1000-1500cc,Good (18-24 km/l),Manual,Diesel,Fourth & Above,No,Yes,No
Tata,Altroz,2015,80k-120k,1500-2000cc,Good (18-24 km/l),Manual,Diesel,First Owner,Yes,No,Yes
Maruti Suzuki,WagonR,2018,50k-80k,1000-1500cc,Good (18-24 km/l),Manual,Diesel,Second Owner,Yes,No,Yes
Maruti Suzuki,Ertiga,2018,20k-50k,<1000cc,Good (18-24 km/l),Manual,Petrol,First Owner,Yes,No,Yes
Volkswagen,Vento,2018,0-20k,<1000cc,Good (18-24 km/l),Automatic,Petrol,Second Owner,No,No,Yes
Toyota,Fortuner,2022,20k-50k,2000cc+,Average (12-18 km/l),Manual,Diesel,First Owner,Yes,No,Yes
Maruti Suzuki,Baleno,2017,0-20k,1000-1500cc,Good (18-24 km/l),Manual,Diesel,Second Owner,No,No,Yes
Maruti Suzuki,Dzire,2019,20k-50k,1500-2000cc,Good (18-24 km/l),Manual,Diesel,Second Owner,Yes,No,Yes
Ford,Figo,2021,20k-50k,1000-1500cc,Excellent (24+ km/l),Manual,Petrol,First Owner,Yes,Yes,Yes
Maruti Suzuki,Swift,2015,80k-120k,1000-1500cc,Excellent (24+ km/l),Manual,Electric,Fourth & Above,No,Yes,No
Renault,Duster,2022,0-20k,<1000cc,Average (12-18 km/l),Automatic,Petrol,First Owner,Yes,No,Yes
Ford,Endeavour,2020,20k-50k,1000-1500cc,Good (18-24 km/l),Manual,Diesel,Third Owner,Yes,No,Yes
Maruti Suzuki,Alto,2019,120k+,1000-1500cc,Good (18-24 km/l),Manual,Petrol,First Owner,No,No,No
Maruti Suzuki,Dzire,2022,0-20k,1000-1500cc,Good (18-24 km/l),Automatic,Petrol,Second Owner,Yes,No,Yes
Mercedes-Benz,GLA,2015,0-20k,2000cc+,Good (18-24 km/l),Automatic,Diesel,Second Owner,No,No,No
Tata,Tiago,2023,0-20k,2000cc+,Good (18-24 km/l),Automatic,Diesel,First Owner,Yes,No,Yes
Tata,Tiago,2020,50k-80k,1000-1500cc,Good (18-24 km/l),Manual,Hybrid,Third Owner,Yes,Yes,No
Renault,Duster,2021,0-20k,1000-1500cc,Good (18-24 km/l),Manual,Petrol,Second Owner,Yes,No,Yes
Audi,A4,2023,0-20k,2000cc+,Average (12-18 km/l),Automatic,Diesel,First Owner,Yes,No,Yes
Mercedes-Benz,C-Class,2022,20k-50k,2000cc+,Good (18-24 km/l),Automatic,Diesel,First Owner,Yes,No,Yes
Volkswagen,Polo,2020,20k-50k,1000-1500cc,Good (18-24 km/l),Manual,Petrol,Second Owner,Yes,No,Yes
Tata,Nexon,2022,0-20k,2000cc+,Average (12-18 km/l),Automatic,Diesel,First Owner,Yes,No,Yes
Maruti Suzuki,Dzire,2019,80k-120k,1000-1500cc,Good (18-24 km/l),Manual,Petrol,First Owner,Yes,No,Yes
Volkswagen,Taigun,2020,0-20k,1000-1500cc,Good (18-24 km/l),Automatic,CNG,Second Owner,Yes,No,Yes
Honda,WR-V,2009,120k+,1500-2000cc,Good (18-24 km/l),Manual,Petrol,First Owner,No,Yes,No
Tata,Punch,2011,120k+,1500-2000cc,Average (12-18 km/l),Manual,Diesel,Third Owner,No,Yes,No
Kia,Seltos,2022,0-20k,<1000cc,Average (12-18 km/l),Automatic,Petrol,First Owner,Yes,Yes,Yes
Maruti Suzuki,Swift,2009,80k-120k,<1000cc,Good (18-24 km/l),Manual,Petrol,First Owner,No,Yes,No
Mahindra,XUV300,2014,80k-120k,1000-1500cc,Good (18-24 km/l),Manual,Petrol,First Owner,No,Yes,No
Maruti Suzuki,Ertiga,2022,0-20k,1000-1500cc,Good (18-24 km/l),Manual,Petrol,First Owner,Yes,No,Yes
Mahindra,XUV300,2005,120k+,1500-2000cc,Good (18-24 km/l),Manual,Petrol,First Owner,Yes,No,Yes
Maruti Suzuki,Swift,2016,50k-80k,1000-1500cc,Good (18-24 km/l),Manual,Petrol,Third Owner,Yes,Yes,No
Maruti Suzuki,Ertiga,2020,20k-50k,1000-1500cc,Average (12-18 km/l),Automatic,Petrol,Third Owner,Yes,Yes,No
Maruti Suzuki,Ertiga,2020,0-20k,1000-1500cc,Average (12-18 km/l),Manual,Petrol,First Owner,No,No,Yes
Toyota,Yaris,2022,0-20k,2000cc+,Good (18-24 km/l),Manual,Diesel,First Owner,Yes,No,Yes
Volkswagen,Polo,2019,20k-50k,1000-1500cc,Excellent (24+ km/l),Manual,CNG,Second Owner,No,No,No
Honda,Amaze,2019,80k-120k,1000-1500cc,Good (18-24 km/l),Manual,Petrol,First Owner,Yes,Yes,Yes
Audi,Q3,2022,20k-50k,2000cc+,Good (18-24 km/l),Manual,Petrol,First Owner,Yes,No,Yes
Tata,Tiago,2019,20k-50k,1500-2000cc,Excellent (24+ km/l),Manual,Electric,Second Owner,No,Yes,No
Hyundai,Creta,2021,20k-50k,1000-1500cc,Excellent (24+ km/l),Manual,Electric,Second Owner,Yes,No,Yes
Skoda,Octavia,2023,0-20k,1000-1500cc,Good (18-24 km/l),Manual,Petrol,First Owner,Yes,No,Yes
Hyundai,i20,2018,20k-50k,1500-2000cc,Good (18-24 km/l),Manual,Diesel,Second Owner,No,No,No
Audi,Q3,2018,50k-80k,1500-2000cc,Good (18-24 km/l),Automatic,Diesel,Second Owner,Yes,Yes,No
Maruti Suzuki,Swift,2005,80k-120k,1000-1500cc,Excellent (24+ km/l),Manual,Diesel,Third Owner,Yes,Yes,No
Audi,A4,2021,0-20k,1500-2000cc,Good (18-24 km/l),Automatic,Diesel,First Owner,Yes,No,Yes
Maruti Suzuki,Alto,2007,20k-50k,<1000cc,Good (18-24 km/l),Manual,Petrol,Second Owner,Yes,Yes,No
Kia,Seltos,2019,20k-50k,1000-1500cc,Good (18-24 km/l),Manual,Petrol,First Owner,Yes,No,Yes
Mahindra,Scorpio,2022,0-20k,1000-1500cc,Good (18-24 km/l),Manual,Diesel,First Owner,Yes,No,Yes
Mercedes-Benz,GLA,2020,20k-50k,2000cc+,Average (12-18 km/l),Automatic,Petrol,First Owner,No,Yes,No
Maruti Suzuki,Alto,2016,0-20k,1000-1500cc,Good (18-24 km/l),Manual,Petrol,Second Owner,Yes,No,Yes
Honda,Amaze,2022,0-20k,1000-1500cc,Excellent (24+ km/l),Automatic,Diesel,First Owner,Yes,No,Yes
Audi,A4,2016,80k-120k,2000cc+,Good (18-24 km/l),Manual,Diesel,Third Owner,No,No,No
Mahindra,Scorpio,2022,0-20k,1500-2000cc,Average (12-18 km/l),Automatic,Petrol,First Owner,Yes,No,Yes
Toyota,Glanza,2021,50k-80k,1000-1500cc,Good (18-24 km/l),Automatic,Diesel,First Owner,Yes,No,Yes
Ford,Endeavour,2014,50k-80k,1000-1500cc,Good (18-24 km/l),Manual,Petrol,Second Owner,Yes,No,Yes
Mahindra,Thar,2023,20k-50k,1500-2000cc,Good (18-24 km/l),Manual,Diesel,Second Owner,No,No,Yes
Toyota,Glanza,2014,120k+,1500-2000cc,Good (18-24 km/l),Manual,Diesel,Fourth & Above,Yes,No,No
Honda,City,2023,0-20k,1000-1500cc,Excellent (24+ km/l),Manual,Diesel,First Owner,Yes,No,Yes
Kia,Sonet,2005,120k+,1000-1500cc,Good (18-24 km/l),Manual,Petrol,Second Owner,No,Yes,No
Maruti Suzuki,Ertiga,2016,80k-120k,1500-2000cc,Good (18-24 km/l),Manual,Petrol,First Owner,Yes,Yes,No
Hyundai,i10,2014,50k-80k,1000-1500cc,Good (18-24 km/l),Manual,Petrol,Second Owner,No,Yes,No
Audi,Q3,2006,120k+,2000cc+,Good (18-24 km/l),Manual,Diesel,Fourth & Above,No,Yes,No
Kia,Carens,2022,0-20k,1000-1500cc,Good (18-24 km/l),Manual,Petrol,First Owner,Yes,No,Yes
Mahindra,Scorpio,2021,0-20k,1500-2000cc,Good (18-24 km/l),Manual,Diesel,First Owner,No,No,Yes
Toyota,Fortuner,2022,20k-50k,2000cc+,Average (12-18 km/l),Manual,Petrol,First Owner,Yes,No,Yes
Hyundai,i20,2016,20k-50k,1000-1500cc,Good (18-24 km/l),Manual,Petrol,First Owner,No,No,Yes
Hyundai,i20,2019,50k-80k,1000-1500cc,Average (12-18 km/l),Manual,Petrol,Second Owner,Yes,No,Yes
Mahindra,Scorpio,2021,50k-80k,1000-1500cc,Excellent (24+ km/l),Manual,Diesel,First Owner,Yes,No,Yes
Tata,Tiago,2019,50k-80k,2000cc+,Good (18-24 km/l),Manual,Diesel,First Owner,Yes,Yes,Yes
Honda,WR-V,2021,0-20k,1000-1500cc,Good (18-24 km/l),Automatic,Petrol,First Owner,Yes,Yes,Yes
Maruti Suzuki,Swift,2021,0-20k,<1000cc,Good (18-24 km/l),Manual,Petrol,First Owner,Yes,Yes,Yes
Audi,Q3,2012,0-20k,2000cc+,Good (18-24 km/l),Manual,Petrol,Third Owner,Yes,Yes,No
Mercedes-Benz,GLA,2022,20k-50k,2000cc+,Good (18-24 km/l),Automatic,Diesel,First Owner,Yes,No,Yes
Ford,Figo,2022,0-20k,1000-1500cc,Excellent (24+ km/l),Manual,CNG,First Owner,Yes,Yes,Yes
Honda,Amaze,2021,0-20k,1500-2000cc,Good (18-24 km/l),Manual,Diesel,First Owner,Yes,No,Yes
Hyundai,Creta,2013,50k-80k,1000-1500cc,Excellent (24+ km/l),Manual,CNG,Fourth & Above,Yes,No,No
Renault,Kwid,2016,120k+,1000-1500cc,Good (18-24 km/l),Automatic,CNG,Fourth & Above,Yes,Yes,No
Ford,Endeavour,2018,120k+,1000-1500cc,Good (18-24 km/l),Manual,Petrol,First Owner,Yes,No,Yes
Maruti Suzuki,Alto,2016,0-20k,1000-1500cc,Good (18-24 km/l),Manual,Diesel,First Owner,Yes,No,Yes
BMW,X1,2015,20k-50k,2000cc+,Average (12-18 km/l),Manual,Petrol,Second Owner,Yes,No,No
Renault,Duster,2022,20k-50k,1000-1500cc,Excellent (24+ km/l),Automatic,CNG,First Owner,Yes,Yes,Yes
Audi,Q3,2021,20k-50k,2000cc+,Average (12-18 km/l),Automatic,Diesel,First Owner,No,No,Yes
Ford,EcoSport,2020,0-20k,<1000cc,Good (18-24 km/l),Manual,Diesel,Second Owner,No,No,Yes
Toyota,Yaris,2015,0-20k,2000cc+,Good (18-24 km/l),Manual,Petrol,First Owner,No,No,Yes
Tata,Nexon,2023,0-20k,1500-2000cc,Good (18-24 km/l),Manual,Diesel,First Owner,Yes,No,Yes
BMW,X1,2014,120k+,2000cc+,Average (12-18 km/l),Automatic,Diesel,Third Owner,No,Yes,No
Skoda,Rapid,2022,0-20k,<1000cc,Good (18-24 km/l),Automatic,Petrol,First Owner,Yes,No,Yes
Maruti Suzuki,Ertiga,2023,0-20k,1000-1500cc,Good (18-24 km/l),Automatic,Petrol,First Owner,Yes,No,Yes
Maruti Suzuki,Ertiga,2022,20k-50k,1000-1500cc,Good (18-24 km/l),Automatic,Diesel,Second Owner,No,No,Yes
Tata,Punch,2023,0-20k,1500-2000cc,Good (18-24 km/l),Manual,Petrol,First Owner,Yes,Yes,Yes
Renault,Duster,2021,0-20k,1000-1500cc,Good (18-24 km/l),Manual,Petrol,First Owner,Yes,Yes,Yes
Mercedes-Benz,GLA,2015,120k+,2000cc+,Average (12-18 km/l),Manual,Diesel,First Owner,No,Yes,No
Maruti Suzuki,Alto,2014,80k-120k,1000-1500cc,Good (18-24 km/l),Manual,Petrol,First Owner,No,Yes,No
Honda,Jazz,2017,120k+,<1000cc,Excellent (24+ km/l),Manual,Petrol,First Owner,No,No,Yes
Tata,Altroz,2005,120k+,2000cc+,Excellent (24+ km/l),Manual,Electric,First Owner,No,Yes,No
Audi,A4,2021,0-20k,2000cc+,Average (12-18 km/l),Automatic,Petrol,First Owner,Yes,No,Yes
Skoda,Kushaq,2016,20k-50k,<1000cc,Good (18-24 km/l),Manual,Petrol,First Owner,Yes,Yes,No
Skoda,Rapid,2022,0-20k,<1000cc,Good (18-24 km/l),Automatic,Petrol,First Owner,Yes,Yes,Yes
Mahindra,XUV500,2017,80k-120k,1000-1500cc,Good (18-24 km/l),Manual,Petrol,First Owner,No,No,No
Tata,Punch,2019,20k-50k,1000-1500cc,Good (18-24 km/l),Automatic,Petrol,First Owner,Yes,Yes,Yes
Hyundai,i20,2023,0-20k,1000-1500cc,Good (18-24 km/l),Manual,Petrol,First Owner,No,No,Yes
Maruti Suzuki,Alto,2015,20k-50k,1000-1500cc,Good (18-24 km/l),Manual,Petrol,Second Owner,No,No,No
Skoda,Octavia,2022,0-20k,<1000cc,Good (18-24 km/l),Manual,Diesel,First Owner,Yes,No,Yes
Renault,Duster,2022,0-20k,1000-1500cc,Good (18-24 km/l),Manual,Diesel,First Owner,No,No,No
Mercedes-Benz,GLA,2015,80k-120k,2000cc+,Average (12-18 km/l),Automatic,Petrol,First Owner,No,Yes,No
Mercedes-Benz,GLA,2019,0-20k,2000cc+,Average (12-18 km/l),Automatic,Diesel,First Owner,No,No,Yes
Honda,City,2017,20k-50k,<1000cc,Excellent (24+ km/l),Manual,CNG,Second Owner,Yes,No,Yes
Volkswagen,Taigun,2022,0-20k,<1000cc,Excellent (24+ km/l),Automatic,Diesel,Second Owner,Yes,No,Yes
BMW,3 Series,2021,20k-50k,2000cc+,Low (<12 km/l),Automatic,Petrol,First Owner,Yes,No,Yes
Skoda,Octavia,2019,0-20k,1000-1500cc,Good (18-24 km/l),Manual,Petrol,First Owner,Yes,No,Yes
Hyundai,i20,2022,0-20k,1000-1500cc,Good (18-24 km/l),Manual,Diesel,First Owner,Yes,No,Yes
Mahindra,Thar,2015,120k+,1500-2000cc,Good (18-24 km/l),Automatic,Petrol,First Owner,Yes,No,No
Maruti Suzuki,WagonR,2022,0-20k,1000-1500cc,Good (18-24 km/l),Manual,Petrol,First Owner,No,No,Yes
Audi,A4,2023,0-20k,2000cc+,Excellent (24+ km/l),Automatic,Electric,First Owner,Yes,No,Yes
Honda,Jazz,2023,0-20k,1000-1500cc,Excellent (24+ km/l),Automatic,Diesel,First Owner,Yes,No,Yes
Hyundai,Venue,2022,0-20k,1000-1500cc,Average (12-18 km/l),Automatic,Petrol,First Owner,Yes,No,Yes
Toyota,Fortuner,2018,120k+,1500-2000cc,Average (12-18 km/l),Automatic,Petrol,First Owner,Yes,Yes,No
Toyota,Fortuner,2023,0-20k,2000cc+,Average (12-18 km/l),Automatic,Petrol,First Owner,Yes,Yes,Yes
Tata,Harrier,2018,0-20k,1000-1500cc,Good (18-24 km/l),Manual,Petrol,Second Owner,Yes,No,Yes
Maruti Suzuki,Alto,2021,20k-50k,1500-2000cc,Good (18-24 km/l),Manual,Petrol,Second Owner,Yes,Yes,Yes
Toyota,Fortuner,2013,80k-120k,2000cc+,Good (18-24 km/l),Manual,Diesel,Fourth & Above,Yes,No,Yes
Mahindra,Bolero,2023,0-20k,1000-1500cc,Excellent (24+ km/l),Manual,Electric,First Owner,Yes,No,Yes
Volkswagen,Vento,2021,0-20k,1000-1500cc,Good (18-24 km/l),Manual,Diesel,First Owner,Yes,No,Yes
Mahindra,XUV500,2022,20k-50k,1000-1500cc,Good (18-24 km/l),Manual,Petrol,First Owner,Yes,No,Yes
Skoda,Kushaq,2010,20k-50k,1000-1500cc,Good (18-24 km/l),Manual,Petrol,Second Owner,No,No,No
Honda,WR-V,2022,0-20k,1000-1500cc,Good (18-24 km/l),Manual,Diesel,First Owner,Yes,No,Yes
Honda,Amaze,2022,0-20k,1000-1500cc,Good (18-24 km/l),Manual,Petrol,First Owner,No,No,Yes
Kia,Sonet,2021,0-20k,1500-2000cc,Good (18-24 km/l),Automatic,Diesel,First Owner,Yes,No,Yes
Tata,Nexon,2016,50k-80k,2000cc+,Good (18-24 km/l),Automatic,Petrol,First Owner,Yes,No,Yes
Maruti Suzuki,WagonR,2019,0-20k,<1000cc,Good (18-24 km/l),Automatic,Petrol,Second Owner,Yes,No,Yes
Maruti Suzuki,Dzire,2012,50k-80k,1000-1500cc,Good (18-24 km/l),Manual,Diesel,First Owner,No,No,Yes
Volkswagen,Taigun,2019,0-20k,<1000cc,Good (18-24 km/l),Automatic,Petrol,Second Owner,Yes,No,Yes
Toyota,Glanza,2015,80k-120k,2000cc+,Good (18-24 km/l),Manual,Diesel,First Owner,No,No,No
Ford,Figo,2017,20k-50k,1000-1500cc,Excellent (24+ km/l),Manual,Electric,First Owner,Yes,No,Yes
Hyundai,Verna,2013,120k+,1000-1500cc,Good (18-24 km/l),Manual,Diesel,Second Owner,Yes,Yes,No
Maruti Suzuki,Dzire,2015,80k-120k,1500-2000cc,Good (18-24 km/l),Manual,Diesel,Second Owner,Yes,Yes,No
Maruti Suzuki,Dzire,2010,20k-50k,1000-1500cc,Good (18-24 km/l),Manual,Petrol,First Owner,No,Yes,No
Tata,Tiago,2023,0-20k,2000cc+,Average (12-18 km/l),Automatic,Petrol,Second Owner,Yes,No,Yes
Honda,WR-V,2020,20k-50k,1500-2000cc,Average (12-18 km/l),Automatic,Petrol,First Owner,Yes,Yes,Yes
Tata,Harrier,2018,80k-120k,1000-1500cc,Good (18-24 km/l),Manual,Diesel,First Owner,No,No,Yes
Mahindra,XUV500,2020,20k-50k,1500-2000cc,Good (18-24 km/l),Manual,Petrol,First Owner,Yes,No,Yes
Kia,Seltos,2021,20k-50k,1000-1500cc,Good (18-24 km/l),Manual,Petrol,First Owner,No,No,Yes
Tata,Punch,2023,0-20k,1500-2000cc,Good (18-24 km/l),Manual,Petrol,First Owner,Yes,No,Yes
Mahindra,XUV300,2014,50k-80k,2000cc+,Average (12-18 km/l),Manual,Diesel,First Owner,No,Yes,No
Renault,Duster,2016,50k-80k,1000-1500cc,Excellent (24+ km/l),Manual,Diesel,Second Owner,Yes,No,Yes
Tata,Punch,2023,0-20k,1500-2000cc,Good (18-24 km/l),Automatic,Petrol,Second Owner,No,No,Yes
Toyota,Glanza,2018,120k+,1000-1500cc,Excellent (24+ km/l),Manual,Diesel,First Owner,Yes,No,Yes
Skoda,Rapid,2007,120k+,1000-1500cc,Excellent (24+ km/l),Manual,CNG,First Owner,Yes,Yes,No
Audi,A4,2013,80k-120k,1500-2000cc,Good (18-24 km/l),Manual,Petrol,Third Owner,Yes,No,No
Maruti Suzuki,Swift,2007,120k+,1500-2000cc,Good (18-24 km/l),Manual,Petrol,Third Owner,No,No,No
BMW,5 Series,2023,0-20k,2000cc+,Average (12-18 km/l),Automatic,Diesel,Second Owner,Yes,No,Yes
Mahindra,Thar,2016,20k-50k,1500-2000cc,Good (18-24 km/l),Automatic,Petrol,Second Owner,Yes,No,Yes
Hyundai,i20,2023,20k-50k,<1000cc,Good (18-24 km/l),Manual,Diesel,First Owner,Yes,No,Yes
Mahindra,Bolero,2023,0-20k,1000-1500cc,Good (18-24 km/l),Automatic,Petrol,First Owner,Yes,No,Yes
Mercedes-Benz,C-Class,2020,20k-50k,1500-2000cc,Good (18-24 km/l),Automatic,Petrol,First Owner,Yes,No,Yes
Mahindra,XUV500,2008,80k-120k,1500-2000cc,Average (12-18 km/l),Manual,Petrol,Fourth & Above,No,No,No
Tata,Punch,2010,80k-120k,2000cc+,Good (18-24 km/l),Manual,Hybrid,Second Owner,No,No,No
Toyota,Glanza,2019,0-20k,1000-1500cc,Good (18-24 km/l),Manual,Petrol,First Owner,Yes,No,Yes
Hyundai,Creta,2018,20k-50k,1000-1500cc,Excellent (24+ km/l),Manual,CNG,First Owner,Yes,No,Yes
Maruti Suzuki,Alto,2020,20k-50k,1000-1500cc,Good (18-24 km/l),Manual,Petrol,Third Owner,No,No,No
Maruti Suzuki,Ertiga,2019,20k-50k,1000-1500cc,Good (18-24 km/l),Manual,Petrol,First Owner,Yes,No,Yes
Maruti Suzuki,WagonR,2023,0-20k,1500-2000cc,Good (18-24 km/l),Manual,Petrol,First Owner,Yes,No,Yes
Maruti Suzuki,Baleno,2020,80k-120k,1500-2000cc,Good (18-24 km/l),Manual,Petrol,First Owner,Yes,No,Yes
Maruti Suzuki,Swift,2021,0-20k,1000-1500cc,Good (18-24 km/l),Manual,Petrol,First Owner,Yes,No,Yes
Toyota,Glanza,2023,0-20k,2000cc+,Good (18-24 km/l),Manual,CNG,First Owner,Yes,No,Yes
Hyundai,i10,2013,120k+,1000-1500cc,Excellent (24+ km/l),Manual,CNG,Third Owner,No,Yes,No
Tata,Harrier,2015,20k-50k,2000cc+,Average (12-18 km/l),Manual,Petrol,Second Owner,Yes,No,Yes
Kia,Seltos,2011,120k+,<1000cc,Good (18-24 km/l),Manual,Diesel,Fourth & Above,No,Yes,No
Mahindra,XUV500,2013,50k-80k,2000cc+,Average (12-18 km/l),Manual,Petrol,Third Owner,Yes,No,Yes
Toyota,Yaris,2020,20k-50k,2000cc+,Average (12-18 km/l),Automatic,Hybrid,Second Owner,Yes,No,Yes
Maruti Suzuki,Alto,2017,20k-50k,1000-1500cc,Excellent (24+ km/l),Manual,Petrol,Second Owner,Yes,Yes,No
Hyundai,i10,2018,50k-80k,1000-1500cc,Excellent (24+ km/l),Manual,Petrol,Second Owner,Yes,Yes,No
Maruti Suzuki,Alto,2023,20k-50k,1000-1500cc,Excellent (24+ km/l),Manual,Petrol,First Owner,Yes,No,Yes
Maruti Suzuki,Dzire,2013,50k-80k,1000-1500cc,Good (18-24 km/l),Manual,Diesel,Second Owner,No,Yes,No
Hyundai,Creta,2020,20k-50k,1000-1500cc,Excellent (24+ km/l),Automatic,Petrol,First Owner,Yes,No,Yes
Maruti Suzuki,Alto,2011,80k-120k,1000-1500cc,Excellent (24+ km/l),Manual,Diesel,Second Owner,No,Yes,No
Maruti Suzuki,Baleno,2017,0-20k,1000-1500cc,Excellent (24+ km/l),Manual,Electric,Second Owner,No,No,Yes
Maruti Suzuki,Alto,2020,0-20k,1000-1500cc,Good (18-24 km/l),Manual,Petrol,Third Owner,Yes,No,Yes
Mahindra,Bolero,2023,0-20k,2000cc+,Average (12-18 km/l),Automatic,Petrol,First Owner,Yes,No,Yes
Hyundai,Venue,2018,50k-80k,1000-1500cc,Average (12-18 km/l),Automatic,Petrol,Second Owner,Yes,No,No
Tata,Altroz,2010,50k-80k,2000cc+,Average (12-18 km/l),Manual,Petrol,Second Owner,No,No,No
Mahindra,Thar,2018,80k-120k,1500-2000cc,Good (18-24 km/l),Manual,Petrol,Third Owner,Yes,Yes,Yes
Ford,Figo,2013,20k-50k,1000-1500cc,Good (18-24 km/l),Manual,Petrol,Second Owner,Yes,Yes,No
Maruti Suzuki,Ertiga,2015,80k-120k,1000-1500cc,Good (18-24 km/l),Automatic,Hybrid,Second Owner,No,No,No
Renault,Kwid,2021,0-20k,1000-1500cc,Good (18-24 km/l),Automatic,Petrol,First Owner,Yes,No,Yes
Toyota,Innova,2010,120k+,2000cc+,Average (12-18 km/l),Manual,Petrol,Second Owner,No,Yes,No
Maruti Suzuki,Ertiga,2019,0-20k,1000-1500cc,Good (18-24 km/l),Manual,Petrol,Second Owner,Yes,No,Yes
Kia,Sonet,2021,0-20k,1000-1500cc,Good (18-24 km/l),Automatic,Diesel,First Owner,No,No,Yes
BMW,3 Series,2018,120k+,1500-2000cc,Good (18-24 km/l),Automatic,Petrol,Third Owner,Yes,No,No
Maruti Suzuki,Alto,2006,50k-80k,1000-1500cc,Excellent (24+ km/l),Manual,CNG,Third Owner,No,Yes,No
Hyundai,Venue,2023,0-20k,1000-1500cc,Good (18-24 km/l),Manual,Diesel,First Owner,Yes,No,Yes
Renault,Triber,2018,80k-120k,1500-2000cc,Excellent (24+ km/l),Manual,CNG,Second Owner,Yes,No,Yes
Volkswagen,Taigun,2022,0-20k,1000-1500cc,Average (12-18 km/l),Automatic,Petrol,First Owner,Yes,No,Yes
Hyundai,Creta,2017,50k-80k,1000-1500cc,Excellent (24+ km/l),Manual,Petrol,Fourth & Above,No,No,No
Hyundai,i10,2019,80k-120k,1000-1500cc,Good (18-24 km/l),Manual,Petrol,Second Owner,No,No,Yes
Tata,Harrier,2018,20k-50k,1500-2000cc,Good (18-24 km/l),Automatic,Petrol,First Owner,Yes,No,Yes
Mahindra,Thar,2017,20k-50k,1000-1500cc,Good (18-24 km/l),Manual,Petrol,Second Owner,Yes,Yes,No
Toyota,Yaris,2007,80k-120k,2000cc+,Good (18-24 km/l),Manual,Diesel,Third Owner,No,Yes,No
Tata,Altroz,2018,80k-120k,1000-1500cc,Good (18-24 km/l),Manual,Diesel,First Owner,Yes,Yes,Yes
Mahindra,XUV300,2023,0-20k,1500-2000cc,Good (18-24 km/l),Manual,Diesel,First Owner,Yes,No,Yes
Volkswagen,Polo,2021,20k-50k,1500-2000cc,Good (18-24 km/l),Automatic,CNG,First Owner,Yes,Yes,Yes
Maruti Suzuki,Ertiga,2013,120k+,1500-2000cc,Excellent (24+ km/l),Manual,Diesel,Second Owner,Yes,No,No
Hyundai,Venue,2020,80k-120k,1000-1500cc,Good (18-24 km/l),Automatic,Petrol,Second Owner,Yes,No,Yes
Ford,EcoSport,2023,20k-50k,1000-1500cc,Good (18-24 km/l),Automatic,Diesel,First Owner,Yes,No,Yes
Kia,Sonet,2021,0-20k,1500-2000cc,Good (18-24 km/l),Manual,Petrol,First Owner,Yes,No,Yes
Mahindra,Bolero,2013,120k+,2000cc+,Average (12-18 km/l),Manual,Petrol,Third Owner,No,Yes,No
Honda,Jazz,2023,0-20k,1000-1500cc,Good (18-24 km/l),Automatic,Diesel,First Owner,Yes,No,Yes
Maruti Suzuki,Baleno,2017,50k-80k,1000-1500cc,Good (18-24 km/l),Manual,Diesel,First Owner,Yes,Yes,No
Mahindra,Bolero,2019,20k-50k,2000cc+,Excellent (24+ km/l),Manual,Petrol,First Owner,Yes,No,Yes
Honda,WR-V,2020,20k-50k,1000-1500cc,Average (12-18 km/l),Manual,Petrol,First Owner,Yes,No,Yes
Hyundai,Verna,2023,0-20k,1000-1500cc,Good (18-24 km/l),Manual,Diesel,First Owner,Yes,No,Yes
Hyundai,Creta,2023,0-20k,<1000cc,Excellent (24+ km/l),Automatic,Diesel,First Owner,Yes,No,Yes
Tata,Altroz,2023,0-20k,2000cc+,Excellent (24+ km/l),Manual,Electric,First Owner,Yes,No,Yes
Maruti Suzuki,Ertiga,2005,50k-80k,<1000cc,Good (18-24 km/l),Manual,Petrol,Fourth & Above,No,Yes,No
Tata,Punch,2023,0-20k,1500-2000cc,Good (18-24 km/l),Manual,Diesel,First Owner,Yes,No,Yes
Hyundai,Venue,2009,20k-50k,1000-1500cc,Good (18-24 km/l),Manual,Diesel,Third Owner,No,No,No
Tata,Altroz,2016,120k+,1000-1500cc,Good (18-24 km/l),Manual,Petrol,Third Owner,Yes,Yes,No
Maruti Suzuki,Swift,2020,0-20k,1000-1500cc,Good (18-24 km/l),Manual,Diesel,First Owner,Yes,No,Yes
Kia,Sonet,2019,20k-50k,1000-1500cc,Good (18-24 km/l),Manual,Petrol,First Owner,No,Yes,Yes
Honda,City,2020,20k-50k,<1000cc,Excellent (24+ km/l),Manual,Diesel,First Owner,Yes,Yes,Yes
Toyota,Glanza,2019,20k-50k,2000cc+,Good (18-24 km/l),Manual,Diesel,First Owner,No,No,Yes
Renault,Kwid,2023,0-20k,1000-1500cc,Good (18-24 km/l),Automatic,Diesel,First Owner,No,No,Yes
Mahindra,Scorpio,2015,50k-80k,1000-1500cc,Good (18-24 km/l),Manual,Petrol,Fourth & Above,No,No,No
Maruti Suzuki,Alto,2016,20k-50k,1000-1500cc,Excellent (24+ km/l),Manual,CNG,First Owner,Yes,No,Yes
Honda,Jazz,2023,0-20k,1000-1500cc,Excellent (24+ km/l),Manual,CNG,First Owner,Yes,No,Yes
Honda,Jazz,2010,120k+,1500-2000cc,Excellent (24+ km/l),Manual,CNG,Second Owner,No,Yes,No
Volkswagen,Polo,2021,20k-50k,1000-1500cc,Good (18-24 km/l),Manual,Petrol,First Owner,No,Yes,Yes
Mahindra,XUV500,2021,20k-50k,2000cc+,Good (18-24 km/l),Manual,Petrol,First Owner,Yes,No,Yes
Maruti Suzuki,Baleno,2019,120k+,1500-2000cc,Good (18-24 km/l),Manual,Petrol,First Owner,No,No,Yes
Hyundai,Creta,2021,0-20k,1000-1500cc,Good (18-24 km/l),Automatic,Petrol,First Owner,Yes,No,Yes
Tata,Punch,2014,20k-50k,2000cc+,Good (18-24 km/l),Manual,Petrol,Second Owner,Yes,No,No
Toyota,Fortuner,2023,0-20k,1500-2000cc,Good (18-24 km/l),Automatic,Diesel,First Owner,Yes,No,Yes
Honda,City,2013,80k-120k,1000-1500cc,Good (18-24 km/l),Manual,Petrol,Second Owner,No,Yes,No
Tata,Harrier,2018,50k-80k,2000cc+,Good (18-24 km/l),Manual,Diesel,First Owner,Yes,Yes,Yes
Mercedes-Benz,GLA,2010,50k-80k,2000cc+,Average (12-18 km/l),Automatic,Diesel,Third Owner,Yes,Yes,No
Honda,City,2020,0-20k,<1000cc,Excellent (24+ km/l),Manual,CNG,First Owner,Yes,No,Yes
Hyundai,Verna,2021,20k-50k,1500-2000cc,Excellent (24+ km/l),Manual,CNG,First Owner,Yes,No,Yes
Maruti Suzuki,Swift,2023,0-20k,<1000cc,Good (18-24 km/l),Manual,Diesel,First Owner,Yes,No,Yes
Maruti Suzuki,Dzire,2022,0-20k,1000-1500cc,Good (18-24 km/l),Automatic,Diesel,First Owner,Yes,No,Yes
Hyundai,Verna,2020,0-20k,1000-1500cc,Good (18-24 km/l),Manual,Petrol,First Owner,Yes,No,Yes
Maruti Suzuki,Ertiga,2023,0-20k,1000-1500cc,Good (18-24 km/l),Manual,Petrol,First Owner,Yes,No,Yes
Hyundai,Verna,2019,20k-50k,<1000cc,Good (18-24 km/l),Manual,Petrol,Second Owner,No,No,Yes
Hyundai,i20,2020,20k-50k,1000-1500cc,Good (18-24 km/l),Manual,Diesel,Second Owner,Yes,No,Yes
Maruti Suzuki,Ertiga,2020,0-20k,<1000cc,Good (18-24 km/l),Manual,Diesel,Second Owner,Yes,No,Yes
Kia,Carens,2018,20k-50k,1000-1500cc,Good (18-24 km/l),Manual,Petrol,Second Owner,Yes,Yes,Yes
Maruti Suzuki,Swift,2022,0-20k,1000-1500cc,Excellent (24+ km/l),Manual,Electric,Second Owner,Yes,No,Yes
Mahindra,Bolero,2014,80k-120k,2000cc+,Good (18-24 km/l),Manual,Diesel,Third Owner,Yes,No,Yes
Tata,Punch,2020,20k-50k,1500-2000cc,Good (18-24 km/l),Manual,Petrol,Second Owner,No,No,Yes
Mercedes-Benz,GLA,2022,0-20k,2000cc+,Average (12-18 km/l),Automatic,Petrol,First Owner,Yes,No,Yes
Maruti Suzuki,Baleno,2023,0-20k,1000-1500cc,Average (12-18 km/l),Manual,Hybrid,First Owner,Yes,No,Yes
Tata,Nexon,2023,0-20k,2000cc+,Good (18-24 km/l),Manual,Petrol,First Owner,Yes,No,Yes
Audi,A4,2019,0-20k,2000cc+,Average (12-18 km/l),Automatic,Petrol,First Owner,Yes,No,Yes
Skoda,Octavia,2021,0-20k,1000-1500cc,Good (18-24 km/l),Manual,Petrol,First Owner,Yes,Yes,Yes
Renault,Triber,2018,0-20k,1000-1500cc,Good (18-24 km/l),Manual,Petrol,Third Owner,Yes,No,Yes
Hyundai,Venue,2019,0-20k,1000-1500cc,Excellent (24+ km/l),Manual,Diesel,First Owner,Yes,No,Yes
Maruti Suzuki,Baleno,2023,0-20k,1000-1500cc,Good (18-24 km/l),Automatic,Petrol,First Owner,No,No,Yes
Toyota,Innova,2023,0-20k,1500-2000cc,Good (18-24 km/l),Automatic,Diesel,First Owner,Yes,No,Yes
BMW,5 Series,2023,0-20k,2000cc+,Good (18-24 km/l),Manual,Petrol,First Owner,Yes,No,Yes
Honda,WR-V,2013,80k-120k,1000-1500cc,Good (18-24 km/l),Manual,Diesel,Second Owner,Yes,No,Yes
Honda,Jazz,2023,0-20k,1000-1500cc,Good (18-24 km/l),Automatic,CNG,First Owner,Yes,No,Yes
Hyundai,Venue,2023,0-20k,1500-2000cc,Good (18-24 km/l),Manual,Petrol,First Owner,Yes,No,Yes
Volkswagen,Polo,2018,0-20k,1000-1500cc,Good (18-24 km/l),Manual,Petrol,First Owner,Yes,No,Yes
Hyundai,Venue,2020,20k-50k,1000-1500cc,Average (12-18 km/l),Automatic,Petrol,First Owner,No,Yes,Yes
Tata,Nexon,2022,20k-50k,2000cc+,Average (12-18 km/l),Automatic,Diesel,First Owner,Yes,No,Yes
Tata,Altroz,2020,50k-80k,1000-1500cc,Excellent (24+ km/l),Manual,Electric,Second Owner,No,Yes,No
Mahindra,XUV300,2023,0-20k,1500-2000cc,Good (18-24 km/l),Manual,Petrol,First Owner,Yes,No,Yes
Hyundai,Venue,2019,20k-50k,1000-1500cc,Good (18-24 km/l),Manual,Diesel,Second Owner,Yes,No,Yes
Maruti Suzuki,Dzire,2021,50k-80k,1000-1500cc,Good (18-24 km/l),Manual,Petrol,Third Owner,Yes,No,Yes
Toyota,Fortuner,2022,0-20k,2000cc+,Average (12-18 km/l),Automatic,Petrol,First Owner,Yes,No,Yes
Hyundai,i20,2019,0-20k,1500-2000cc,Good (18-24 km/l),Manual,Petrol,First Owner,Yes,No,Yes
Honda,Jazz,2023,0-20k,1000-1500cc,Good (18-24 km/l),Manual,Diesel,First Owner,Yes,No,Yes
Maruti Suzuki,Baleno,2020,20k-50k,1000-1500cc,Good (18-24 km/l),Manual,Petrol,Third Owner,Yes,No,Yes
Mahindra,Scorpio,2018,20k-50k,2000cc+,Good (18-24 km/l),Manual,Petrol,First Owner,Yes,Yes,Yes
Honda,WR-V,2011,80k-120k,1000-1500cc,Good (18-24 km/l),Manual,Petrol,Fourth & Above,No,Yes,No
Maruti Suzuki,Baleno,2018,20k-50k,1000-1500cc,Good (18-24 km/l),Manual,Petrol,First Owner,Yes,No,Yes
Tata,Harrier,2022,0-20k,1000-1500cc,Excellent (24+ km/l),Manual,Diesel,First Owner,Yes,No,Yes
Maruti Suzuki,Baleno,2023,0-20k,<1000cc,Good (18-24 km/l),Manual,Petrol,Second Owner,Yes,No,Yes
Maruti Suzuki,Baleno,2016,20k-50k,1500-2000cc,Average (12-18 km/l),Automatic,Petrol,Second Owner,Yes,No,Yes
Mercedes-Benz,GLA,2017,20k-50k,2000cc+,Good (18-24 km/l),Automatic,Diesel,Second Owner,No,No,Yes
Tata,Altroz,2013,120k+,1500-2000cc,Average (12-18 km/l),Manual,Petrol,Second Owner,Yes,Yes,No
Renault,Kwid,2021,20k-50k,1000-1500cc,Excellent (24+ km/l),Automatic,CNG,First Owner,Yes,No,Yes
Hyundai,i10,2023,0-20k,<1000cc,Good (18-24 km/l),Manual,Diesel,First Owner,Yes,No,Yes
Ford,EcoSport,2021,20k-50k,1500-2000cc,Average (12-18 km/l),Manual,Petrol,First Owner,Yes,No,Yes
Volkswagen,Taigun,2021,0-20k,<1000cc,Excellent (24+ km/l),Manual,Petrol,First Owner,Yes,No,Yes
Honda,Amaze,2020,120k+,1500-2000cc,Good (18-24 km/l),Automatic,CNG,First Owner,No,Yes,Yes
Mahindra,Bolero,2011,20k-50k,2000cc+,Good (18-24 km/l),Manual,Petrol,First Owner,No,No,No
Tata,Punch,2022,0-20k,2000cc+,Good (18-24 km/l),Manual,Petrol,First Owner,No,No,Yes
Tata,Punch,2020,0-20k,1000-1500cc,Good (18-24 km/l),Manual,Diesel,First Owner,Yes,No,Yes
BMW,3 Series,2021,0-20k,2000cc+,Average (12-18 km/l),Automatic,Petrol,First Owner,Yes,No,Yes
Skoda,Octavia,2023,0-20k,1500-2000cc,Good (18-24 km/l),Manual,Petrol,First Owner,Yes,No,Yes
Audi,Q3,2022,0-20k,2000cc+,Average (12-18 km/l),Automatic,Diesel,First Owner,Yes,No,Yes
Maruti Suzuki,WagonR,2022,0-20k,1000-1500cc,Good (18-24 km/l),Manual,Diesel,Third Owner,Yes,No,Yes
Volkswagen,Vento,2023,0-20k,1000-1500cc,Excellent (24+ km/l),Manual,CNG,First Owner,Yes,No,Yes
BMW,3 Series,2023,0-20k,1500-2000cc,Good (18-24 km/l),Automatic,Petrol,First Owner,Yes,No,Yes
Hyundai,i10,2020,20k-50k,1000-1500cc,Average (12-18 km/l),Automatic,Diesel,First Owner,Yes,Yes,No
Maruti Suzuki,WagonR,2012,120k+,1000-1500cc,Good (18-24 km/l),Manual,Petrol,First Owner,Yes,No,Yes
Volkswagen,Vento,2019,0-20k,1000-1500cc,Good (18-24 km/l),Automatic,Petrol,First Owner,Yes,No,Yes
Honda,City,2022,0-20k,1000-1500cc,Good (18-24 km/l),Automatic,Petrol,First Owner,Yes,No,Yes
Skoda,Rapid,2007,0-20k,<1000cc,Good (18-24 km/l),Manual,Petrol,Fourth & Above,No,No,No
Maruti Suzuki,Alto,2009,80k-120k,<1000cc,Excellent (24+ km/l),Manual,Diesel,Third Owner,No,Yes,No
Renault,Kwid,2010,120k+,<1000cc,Good (18-24 km/l),Manual,Petrol,First Owner,No,No,No
Hyundai,Verna,2022,20k-50k,1000-1500cc,Good (18-24 km/l),Manual,Diesel,First Owner,Yes,No,Yes
Maruti Suzuki,Swift,2019,0-20k,<1000cc,Good (18-24 km/l),Manual,Petrol,First Owner,Yes,No,Yes
Maruti Suzuki,Ertiga,2018,50k-80k,<1000cc,Good (18-24 km/l),Manual,Petrol,Third Owner,Yes,Yes,No
Renault,Triber,2011,120k+,1000-1500cc,Good (18-24 km/l),Manual,Diesel,Third Owner,No,No,No
Toyota,Innova,2022,0-20k,1500-2000cc,Good (18-24 km/l),Manual,Diesel,First Owner,Yes,No,Yes
Mahindra,XUV500,2017,120k+,1500-2000cc,Good (18-24 km/l),Manual,Diesel,Second Owner,Yes,Yes,No
Tata,Punch,2016,50k-80k,1500-2000cc,Good (18-24 km/l),Manual,Diesel,Second Owner,No,Yes,No
Kia,Seltos,2021,0-20k,1500-2000cc,Good (18-24 km/l),Manual,Petrol,First Owner,No,No,Yes
Tata,Harrier,2020,0-20k,1000-1500cc,Good (18-24 km/l),Automatic,Hybrid,Second Owner,Yes,No,Yes
Renault,Kwid,2018,20k-50k,1500-2000cc,Good (18-24 km/l),Manual,Petrol,Second Owner,No,Yes,No
Mahindra,XUV500,2021,0-20k,1000-1500cc,Good (18-24 km/l),Manual,Diesel,First Owner,Yes,Yes,Yes
Tata,Nexon,2016,120k+,1500-2000cc,Average (12-18 km/l),Manual,Hybrid,Fourth & Above,No,No,No
Mahindra,XUV300,2022,0-20k,2000cc+,Average (12-18 km/l),Manual,Petrol,First Owner,No,No,Yes
Hyundai,i20,2015,0-20k,1000-1500cc,Good (18-24 km/l),Manual,Petrol,Second Owner,Yes,No,Yes
Volkswagen,Vento,2013,80k-120k,1000-1500cc,Good (18-24 km/l),Manual,Diesel,Third Owner,Yes,No,No
Mahindra,Thar,2022,20k-50k,2000cc+,Good (18-24 km/l),Manual,Diesel,First Owner,Yes,No,Yes
Hyundai,Verna,2021,0-20k,1000-1500cc,Good (18-24 km/l),Manual,Petrol,First Owner,Yes,No,Yes
Kia,Sonet,2014,20k-50k,1000-1500cc,Good (18-24 km/l),Manual,Diesel,Third Owner,No,No,No
Tata,Tiago,2012,120k+,1500-2000cc,Good (18-24 km/l),Manual,Petrol,First Owner,No,Yes,No
Honda,WR-V,2022,20k-50k,1000-1500cc,Excellent (24+ km/l),Manual,CNG,First Owner,Yes,No,Yes
Kia,Carens,2022,0-20k,1000-1500cc,Good (18-24 km/l),Manual,Petrol,First Owner,Yes,No,Yes
Toyota,Fortuner,2017,80k-120k,1000-1500cc,Good (18-24 km/l),Manual,Diesel,First Owner,Yes,No,No
Maruti Suzuki,WagonR,2021,50k-80k,1000-1500cc,Average (12-18 km/l),Automatic,Petrol,Second Owner,Yes,Yes,Yes
BMW,5 Series,2012,20k-50k,1500-2000cc,Average (12-18 km/l),Automatic,Petrol,Second Owner,No,No,No
Toyota,Yaris,2019,50k-80k,1500-2000cc,Good (18-24 km/l),Manual,Petrol,Second Owner,Yes,Yes,No
Tata,Altroz,2006,80k-120k,1500-2000cc,Good (18-24 km/l),Manual,Petrol,Second Owner,No,No,No
Maruti Suzuki,Dzire,2018,20k-50k,1000-1500cc,Good (18-24 km/l),Manual,Diesel,First Owner,Yes,No,Yes
Renault,Duster,2010,80k-120k,1500-2000cc,Good (18-24 km/l),Manual,Diesel,Second Owner,Yes,No,No
Toyota,Fortuner,2019,80k-120k,1500-2000cc,Average (12-18 km/l),Manual,Petrol,Second Owner,No,Yes,No
Honda,Jazz,2018,120k+,1000-1500cc,Good (18-24 km/l),Manual,Petrol,Second Owner,No,Yes,No
Kia,Carens,2019,20k-50k,<1000cc,Excellent (24+ km/l),Manual,CNG,First Owner,Yes,No,Yes
Renault,Duster,2008,20k-50k,1000-1500cc,Excellent (24+ km/l),Manual,CNG,Fourth & Above,Yes,Yes,No
Maruti Suzuki,Alto,2018,80k-120k,1000-1500cc,Average (12-18 km/l),Manual,Petrol,First Owner,No,Yes,No
Hyundai,Venue,2022,20k-50k,<1000cc,Good (18-24 km/l),Manual,Diesel,First Owner,No,No,Yes
Hyundai,Verna,2018,50k-80k,1000-1500cc,Good (18-24 km/l),Automatic,Petrol,Second Owner,Yes,No,Yes
Volkswagen,Vento,2021,20k-50k,1000-1500cc,Good (18-24 km/l),Manual,Petrol,First Owner,Yes,Yes,Yes
Maruti Suzuki,Dzire,2018,20k-50k,1500-2000cc,Average (12-18 km/l),Automatic,Petrol,Third Owner,Yes,No,Yes
Honda,Amaze,2018,50k-80k,<1000cc,Good (18-24 km/l),Manual,Diesel,Second Owner,Yes,No,Yes
Volkswagen,Polo,2020,50k-80k,1000-1500cc,Good (18-24 km/l),Manual,Diesel,Second Owner,Yes,No,Yes
Kia,Sonet,2023,0-20k,<1000cc,Excellent (24+ km/l),Automatic,CNG,First Owner,Yes,No,Yes
Tata,Punch,2012,120k+,1500-2000cc,Good (18-24 km/l),Manual,Petrol,Second Owner,Yes,Yes,No
Renault,Kwid,2008,80k-120k,1000-1500cc,Good (18-24 km/l),Manual,Petrol,Second Owner,No,No,No
Maruti Suzuki,Ertiga,2021,50k-80k,1000-1500cc,Average (12-18 km/l),Automatic,Petrol,Second Owner,Yes,No,Yes
Skoda,Rapid,2023,0-20k,1000-1500cc,Good (18-24 km/l),Automatic,Diesel,First Owner,Yes,No,Yes
Maruti Suzuki,Swift,2023,0-20k,1500-2000cc,Average (12-18 km/l),Automatic,Petrol,Second Owner,No,No,Yes
Tata,Nexon,2019,20k-50k,1000-1500cc,Good (18-24 km/l),Manual,Diesel,First Owner,Yes,Yes,Yes
Renault,Triber,2019,20k-50k,1000-1500cc,Good (18-24 km/l),Manual,Diesel,Second Owner,Yes,Yes,Yes
Maruti Suzuki,Baleno,2021,20k-50k,1000-1500cc,Good (18-24 km/l),Manual,Diesel,First Owner,Yes,No,Yes
Hyundai,i20,2020,0-20k,1000-1500cc,Average (12-18 km/l),Automatic,Petrol,First Owner,Yes,Yes,Yes
Ford,Endeavour,2021,20k-50k,1000-1500cc,Good (18-24 km/l),Automatic,Petrol,First Owner,Yes,No,Yes
Ford,EcoSport,2023,0-20k,1000-1500cc,Good (18-24 km/l),Automatic,Petrol,Second Owner,Yes,No,Yes
Toyota,Yaris,2022,20k-50k,1000-1500cc,Excellent (24+ km/l),Manual,Diesel,First Owner,Yes,Yes,Yes
Ford,Figo,2019,20k-50k,1000-1500cc,Excellent (24+ km/l),Manual,Petrol,First Owner,No,No,Yes
Honda,WR-V,2019,80k-120k,1000-1500cc,Good (18-24 km/l),Manual,Petrol,First Owner,Yes,No,Yes
Hyundai,Venue,2021,20k-50k,1500-2000cc,Average (12-18 km/l),Automatic,Hybrid,First Owner,Yes,No,Yes
Tata,Tiago,2019,80k-120k,2000cc+,Average (12-18 km/l),Manual,Petrol,First Owner,No,Yes,No
Hyundai,i20,2019,20k-50k,1000-1500cc,Good (18-24 km/l),Manual,Petrol,First Owner,Yes,No,Yes
Kia,Seltos,2006,120k+,1000-1500cc,Good (18-24 km/l),Manual,Petrol,Third Owner,No,Yes,No
Honda,City,2014,120k+,1000-1500cc,Excellent (24+ km/l),Manual,Diesel,First Owner,Yes,Yes,Yes
Tata,Punch,2019,20k-50k,1500-2000cc,Good (18-24 km/l),Manual,Petrol,First Owner,Yes,No,Yes
Mahindra,Bolero,2022,20k-50k,2000cc+,Good (18-24 km/l),Manual,Diesel,First Owner,Yes,Yes,Yes
Audi,A4,2016,80k-120k,2000cc+,Good (18-24 km/l),Manual,Diesel,Second Owner,No,No,No
Maruti Suzuki,Dzire,2020,20k-50k,1000-1500cc,Excellent (24+ km/l),Manual,Electric,First Owner,Yes,No,Yes
Honda,Jazz,2017,50k-80k,1000-1500cc,Good (18-24 km/l),Manual,Petrol,First Owner,No,Yes,No
Mahindra,XUV500,2011,120k+,1000-1500cc,Good (18-24 km/l),Manual,Diesel,Third Owner,No,No,No
Toyota,Fortuner,2023,0-20k,1500-2000cc,Good (18-24 km/l),Manual,Petrol,First Owner,Yes,No,Yes
Maruti Suzuki,WagonR,2023,0-20k,1000-1500cc,Good (18-24 km/l),Manual,Petrol,First Owner,Yes,No,Yes
Kia,Seltos,2010,120k+,1500-2000cc,Average (12-18 km/l),Manual,Petrol,First Owner,No,No,No
BMW,X1,2022,0-20k,1500-2000cc,Excellent (24+ km/l),Automatic,Diesel,First Owner,Yes,No,Yes
Honda,Jazz,2017,50k-80k,1000-1500cc,Average (12-18 km/l),Automatic,Petrol,First Owner,Yes,No,Yes
Ford,Figo,2023,0-20k,1000-1500cc,Good (18-24 km/l),Automatic,Petrol,First Owner,Yes,No,Yes
BMW,X1,2017,120k+,2000cc+,Average (12-18 km/l),Automatic,Petrol,Second Owner,Yes,No,No
Ford,Figo,2015,120k+,1500-2000cc,Good (18-24 km/l),Automatic,Petrol,Second Owner,No,Yes,No
Maruti Suzuki,WagonR,2020,20k-50k,1000-1500cc,Good (18-24 km/l),Manual,Petrol,First Owner,Yes,Yes,Yes
Honda,Jazz,2022,20k-50k,<1000cc,Average (12-18 km/l),Automatic,Petrol,Second Owner,Yes,Yes,Yes
Honda,Jazz,2014,50k-80k,1500-2000cc,Good (18-24 km/l),Manual,Petrol,First Owner,No,No,No
Tata,Tiago,2021,0-20k,1500-2000cc,Good (18-24 km/l),Automatic,Petrol,First Owner,Yes,No,Yes
Volkswagen,Taigun,2009,120k+,<1000cc,Good (18-24 km/l),Manual,Petrol,Fourth & Above,No,Yes,No
BMW,X1,2023,0-20k,2000cc+,Good (18-24 km/l),Automatic,Diesel,Second Owner,Yes,No,Yes
BMW,5 Series,2010,50k-80k,2000cc+,Good (18-24 km/l),Manual,Diesel,Second Owner,Yes,No,No
Mahindra,Scorpio,2023,0-20k,2000cc+,Good (18-24 km/l),Manual,Diesel,First Owner,Yes,No,Yes
Maruti Suzuki,Swift,2019,0-20k,1000-1500cc,Excellent (24+ km/l),Manual,Diesel,First Owner,Yes,No,Yes
Mercedes-Benz,GLA,2019,20k-50k,1500-2000cc,Good (18-24 km/l),Manual,Diesel,Third Owner,Yes,No,Yes
Skoda,Kushaq,2023,0-20k,1000-1500cc,Good (18-24 km/l),Automatic,Petrol,First Owner,Yes,No,Yes
Maruti Suzuki,Baleno,2023,0-20k,1000-1500cc,Good (18-24 km/l),Automatic,Diesel,First Owner,Yes,No,Yes
BMW,X1,2021,50k-80k,2000cc+,Average (12-18 km/l),Automatic,Petrol,First Owner,Yes,Yes,Yes
Skoda,Kushaq,2012,20k-50k,<1000cc,Excellent (24+ km/l),Manual,Diesel,Second Owner,No,No,Yes
Mahindra,Scorpio,2019,0-20k,1500-2000cc,Good (18-24 km/l),Manual,Diesel,Second Owner,Yes,No,Yes
Honda,Jazz,2020,0-20k,1000-1500cc,Good (18-24 km/l),Automatic,Diesel,First Owner,No,Yes,Yes
Tata,Harrier,2020,80k-120k,2000cc+,Good (18-24 km/l),Automatic,Diesel,Third Owner,Yes,Yes,No
Maruti Suzuki,Swift,2020,20k-50k,1000-1500cc,Average (12-18 km/l),Manual,Petrol,First Owner,No,No,Yes
Tata,Nexon,2006,120k+,1500-2000cc,Good (18-24 km/l),Manual,Petrol,Fourth & Above,No,Yes,No
Renault,Kwid,2021,20k-50k,1000-1500cc,Average (12-18 km/l),Automatic,Petrol,First Owner,Yes,Yes,Yes
Maruti Suzuki,Dzire,2021,0-20k,1000-1500cc,Good (18-24 km/l),Manual,Diesel,First Owner,Yes,No,Yes
Tata,Punch,2012,20k-50k,2000cc+,Good (18-24 km/l),Manual,Diesel,Third Owner,Yes,Yes,No
Tata,Punch,2020,20k-50k,1000-1500cc,Good (18-24 km/l),Manual,Petrol,First Owner,Yes,No,Yes
Honda,Amaze,2020,20k-50k,1000-1500cc,Good (18-24 km/l),Automatic,Hybrid,First Owner,Yes,No,Yes
BMW,X1,2021,0-20k,2000cc+,Average (12-18 km/l),Automatic,Hybrid,First Owner,Yes,No,Yes
Tata,Punch,2011,80k-120k,1000-1500cc,Good (18-24 km/l),Manual,Petrol,Second Owner,Yes,No,No
Tata,Tiago,2021,0-20k,1500-2000cc,Good (18-24 km/l),Automatic,Diesel,First Owner,No,Yes,Yes
Volkswagen,Polo,2016,50k-80k,<1000cc,Good (18-24 km/l),Manual,Petrol,First Owner,Yes,No,Yes
Mahindra,Bolero,2019,0-20k,2000cc+,Good (18-24 km/l),Manual,Diesel,Second Owner,Yes,No,Yes
Hyundai,i10,2022,0-20k,1000-1500cc,Good (18-24 km/l),Automatic,Diesel,First Owner,Yes,No,Yes
Mahindra,Thar,2021,0-20k,1500-2000cc,Good (18-24 km/l),Automatic,Diesel,First Owner,Yes,No,Yes
Maruti Suzuki,Ertiga,2012,80k-120k,1000-1500cc,Good (18-24 km/l),Automatic,Petrol,Second Owner,No,No,No
Maruti Suzuki,Alto,2020,20k-50k,1500-2000cc,Good (18-24 km/l),Manual,CNG,First Owner,Yes,No,Yes
Mahindra,XUV500,2023,0-20k,2000cc+,Good (18-24 km/l),Manual,CNG,First Owner,Yes,No,Yes
Tata,Tiago,2013,20k-50k,2000cc+,Good (18-24 km/l),Manual,Diesel,Second Owner,Yes,Yes,No
BMW,X1,2023,0-20k,2000cc+,Good (18-24 km/l),Manual,Petrol,First Owner,Yes,No,Yes
Tata,Nexon,2021,0-20k,2000cc+,Good (18-24 km/l),Manual,Diesel,First Owner,Yes,No,Yes
Honda,Amaze,2022,0-20k,<1000cc,Good (18-24 km/l),Automatic,Diesel,First Owner,No,No,Yes
Toyota,Innova,2016,120k+,2000cc+,Good (18-24 km/l),Manual,Hybrid,First Owner,No,No,No
Maruti Suzuki,Alto,2016,80k-120k,1000-1500cc,Good (18-24 km/l),Manual,Petrol,First Owner,Yes,No,Yes
Toyota,Innova,2023,0-20k,1500-2000cc,Good (18-24 km/l),Manual,Petrol,Second Owner,Yes,No,Yes
Maruti Suzuki,Dzire,2017,0-20k,1500-2000cc,Excellent (24+ km/l),Manual,Diesel,Second Owner,No,No,Yes
Audi,Q3,2009,80k-120k,2000cc+,Average (12-18 km/l),Automatic,Petrol,Second Owner,Yes,No,No
Maruti Suzuki,Alto,2020,20k-50k,1000-1500cc,Good (18-24 km/l),Manual,Diesel,First Owner,No,No,Yes
Tata,Nexon,2012,120k+,1000-1500cc,Average (12-18 km/l),Manual,Petrol,First Owner,No,No,No
Maruti Suzuki,Dzire,2022,20k-50k,1000-1500cc,Good (18-24 km/l),Manual,Diesel,First Owner,Yes,Yes,Yes
Mercedes-Benz,GLA,2021,50k-80k,1500-2000cc,Good (18-24 km/l),Automatic,Diesel,First Owner,Yes,Yes,Yes
Mahindra,Bolero,2023,0-20k,1500-2000cc,Good (18-24 km/l),Automatic,Diesel,First Owner,Yes,No,Yes
Honda,WR-V,2022,0-20k,1000-1500cc,Good (18-24 km/l),Automatic,Diesel,First Owner,Yes,No,Yes
Maruti Suzuki,Ertiga,2012,0-20k,1000-1500cc,Excellent (24+ km/l),Manual,CNG,Second Owner,No,No,Yes
Volkswagen,Vento,2018,0-20k,1500-2000cc,Good (18-24 km/l),Manual,Diesel,First Owner,Yes,No,Yes
Hyundai,i10,2022,20k-50k,<1000cc,Good (18-24 km/l),Manual,Petrol,First Owner,Yes,No,Yes
Kia,Carens,2018,50k-80k,1000-1500cc,Good (18-24 km/l),Automatic,Diesel,Second Owner,Yes,No,Yes
Hyundai,Verna,2023,0-20k,1500-2000cc,Good (18-24 km/l),Manual,Petrol,Second Owner,No,No,Yes
Hyundai,Venue,2022,0-20k,<1000cc,Good (18-24 km/l),Manual,Petrol,First Owner,Yes,No,Yes
Maruti Suzuki,Baleno,2006,20k-50k,1000-1500cc,Excellent (24+ km/l),Manual,CNG,Fourth & Above,Yes,No,No
Mahindra,XUV500,2023,0-20k,1500-2000cc,Average (12-18 km/l),Manual,Diesel,First Owner,Yes,No,Yes
Honda,City,2011,80k-120k,1000-1500cc,Good (18-24 km/l),Manual,Petrol,Third Owner,No,Yes,No
Maruti Suzuki,Ertiga,2013,80k-120k,1000-1500cc,Good (18-24 km/l),Automatic,Diesel,Third Owner,No,Yes,No
Volkswagen,Polo,2022,20k-50k,1000-1500cc,Good (18-24 km/l),Automatic,Diesel,First Owner,Yes,No,Yes
Mahindra,Bolero,2023,0-20k,2000cc+,Good (18-24 km/l),Manual,CNG,First Owner,Yes,No,Yes
Mahindra,Thar,2020,20k-50k,1500-2000cc,Average (12-18 km/l),Automatic,Petrol,First Owner,Yes,No,Yes
Mahindra,Thar,2016,20k-50k,2000cc+,Average (12-18 km/l),Manual,Diesel,Fourth & Above,Yes,No,Yes
Tata,Tiago,2017,120k+,1000-1500cc,Average (12-18 km/l),Automatic,Petrol,First Owner,Yes,Yes,No
Honda,Amaze,2017,50k-80k,1000-1500cc,Average (12-18 km/l),Manual,Petrol,First Owner,No,No,Yes
Maruti Suzuki,Baleno,2017,50k-80k,1000-1500cc,Good (18-24 km/l),Manual,Petrol,First Owner,No,No,Yes
Hyundai,i10,2015,120k+,1000-1500cc,Good (18-24 km/l),Manual,Petrol,First Owner,Yes,Yes,No
Skoda,Rapid,2021,0-20k,1000-1500cc,Good (18-24 km/l),Manual,Diesel,First Owner,Yes,No,Yes
Audi,Q3,2023,0-20k,2000cc+,Average (12-18 km/l),Automatic,Diesel,First Owner,Yes,No,Yes
Tata,Punch,2017,80k-120k,2000cc+,Average (12-18 km/l),Manual,Petrol,Second Owner,Yes,No,Yes
Hyundai,i20,2014,50k-80k,1000-1500cc,Good (18-24 km/l),Manual,Petrol,Fourth & Above,No,No,No
Toyota,Fortuner,2022,20k-50k,2000cc+,Average (12-18 km/l),Manual,Petrol,Second Owner,Yes,Yes,No
Tata,Nexon,2022,20k-50k,2000cc+,Good (18-24 km/l),Automatic,Petrol,First Owner,Yes,Yes,Yes
Maruti Suzuki,Dzire,2023,0-20k,1000-1500cc,Good (18-24 km/l),Manual,Petrol,Second Owner,Yes,No,Yes
Maruti Suzuki,Baleno,2013,20k-50k,<1000cc,Good (18-24 km/l),Manual,Petrol,First Owner,Yes,No,Yes
Ford,Endeavour,2013,0-20k,1000-1500cc,Good (18-24 km/l),Manual,Diesel,Fourth & Above,No,No,No
Toyota,Yaris,2020,0-20k,1500-2000cc,Good (18-24 km/l),Automatic,CNG,First Owner,Yes,No,Yes
Maruti Suzuki,Baleno,2021,20k-50k,1000-1500cc,Average (12-18 km/l),Automatic,Petrol,First Owner,Yes,No,Yes
Hyundai,Venue,2019,20k-50k,1000-1500cc,Good (18-24 km/l),Manual,Petrol,First Owner,No,No,Yes
Hyundai,Verna,2020,0-20k,1500-2000cc,Good (18-24 km/l),Manual,Diesel,Second Owner,Yes,No,Yes
Toyota,Glanza,2014,120k+,1000-1500cc,Excellent (24+ km/l),Manual,CNG,First Owner,Yes,No,Yes
Maruti Suzuki,Ertiga,2019,80k-120k,1500-2000cc,Good (18-24 km/l),Manual,Petrol,First Owner,Yes,No,Yes
Maruti Suzuki,Ertiga,2021,50k-80k,1000-1500cc,Excellent (24+ km/l),Automatic,CNG,First Owner,Yes,Yes,Yes
Renault,Triber,2019,20k-50k,1000-1500cc,Good (18-24 km/l),Manual,Petrol,First Owner,Yes,Yes,Yes
Maruti Suzuki,Ertiga,2021,80k-120k,1500-2000cc,Good (18-24 km/l),Automatic,Diesel,First Owner,Yes,Yes,Yes
Toyota,Yaris,2019,50k-80k,2000cc+,Average (12-18 km/l),Manual,Petrol,First Owner,No,No,No
Hyundai,Verna,2017,50k-80k,1500-2000cc,Excellent (24+ km/l),Manual,CNG,First Owner,No,No,Yes
Maruti Suzuki,WagonR,2017,50k-80k,1500-2000cc,Good (18-24 km/l),Manual,Petrol,Second Owner,No,No,Yes
Hyundai,Venue,2018,50k-80k,1000-1500cc,Good (18-24 km/l),Manual,Diesel,First Owner,Yes,No,Yes
Ford,EcoSport,2007,80k-120k,1000-1500cc,Good (18-24 km/l),Manual,Petrol,Fourth & Above,No,Yes,No
Skoda,Rapid,2021,20k-50k,1000-1500cc,Good (18-24 km/l),Automatic,Petrol,First Owner,Yes,No,Yes
Skoda,Rapid,2022,20k-50k,1000-1500cc,Excellent (24+ km/l),Manual,Diesel,First Owner,Yes,No,Yes
Tata,Altroz,2017,0-20k,1500-2000cc,Good (18-24 km/l),Manual,Hybrid,First Owner,No,No,Yes
Toyota,Yaris,2008,120k+,2000cc+,Average (12-18 km/l),Automatic,Hybrid,Fourth & Above,No,No,No
Hyundai,i10,2023,0-20k,1000-1500cc,Excellent (24+ km/l),Manual,Diesel,First Owner,Yes,No,Yes
Hyundai,i20,2016,120k+,1000-1500cc,Good (18-24 km/l),Manual,Diesel,Third Owner,Yes,Yes,No
Kia,Sonet,2012,80k-120k,1000-1500cc,Excellent (24+ km/l),Manual,Electric,Second Owner,Yes,No,Yes
Maruti Suzuki,Swift,2018,50k-80k,1500-2000cc,Average (12-18 km/l),Manual,Petrol,Second Owner,No,Yes,No
Maruti Suzuki,WagonR,2022,0-20k,<1000cc,Good (18-24 km/l),Manual,Petrol,First Owner,Yes,No,Yes
Hyundai,i10,2016,20k-50k,1500-2000cc,Good (18-24 km/l),Manual,Petrol,Third Owner,No,No,Yes
Maruti Suzuki,Ertiga,2020,20k-50k,1000-1500cc,Good (18-24 km/l),Automatic,Petrol,Second Owner,No,No,No
Hyundai,Creta,2018,80k-120k,1500-2000cc,Excellent (24+ km/l),Manual,Electric,First Owner,Yes,No,Yes
Honda,WR-V,2012,50k-80k,1500-2000cc,Good (18-24 km/l),Manual,Diesel,Second Owner,Yes,Yes,Yes
Tata,Tiago,2017,20k-50k,1500-2000cc,Good (18-24 km/l),Manual,Diesel,Second Owner,No,No,Yes
Kia,Carens,2022,20k-50k,1000-1500cc,Good (18-24 km/l),Manual,Diesel,First Owner,Yes,No,Yes
Renault,Triber,2021,80k-120k,1000-1500cc,Excellent (24+ km/l),Manual,CNG,Second Owner,No,No,Yes
Tata,Punch,2012,80k-120k,1500-2000cc,Good (18-24 km/l),Manual,Diesel,Second Owner,Yes,Yes,No
Hyundai,i20,2013,120k+,1000-1500cc,Excellent (24+ km/l),Automatic,CNG,Third Owner,No,Yes,No
Tata,Tiago,2021,50k-80k,1500-2000cc,Average (12-18 km/l),Automatic,Petrol,First Owner,Yes,No,Yes
Honda,Amaze,2022,0-20k,<1000cc,Good (18-24 km/l),Manual,Petrol,First Owner,Yes,No,Yes
Hyundai,Verna,2017,20k-50k,1000-1500cc,Good (18-24 km/l),Manual,Petrol,Second Owner,No,No,Yes
Toyota,Yaris,2020,120k+,1500-2000cc,Good (18-24 km/l),Manual,Petrol,First Owner,Yes,No,Yes
Tata,Harrier,2014,120k+,1500-2000cc,Average (12-18 km/l),Manual,Petrol,Second Owner,No,Yes,No
Honda,Amaze,2017,0-20k,1000-1500cc,Excellent (24+ km/l),Manual,CNG,Third Owner,Yes,No,Yes
Mahindra,Thar,2007,120k+,1000-1500cc,Good (18-24 km/l),Manual,Petrol,Third Owner,No,Yes,No
Hyundai,i10,2022,50k-80k,1000-1500cc,Excellent (24+ km/l),Manual,Diesel,First Owner,Yes,Yes,Yes
Audi,A4,2018,50k-80k,2000cc+,Average (12-18 km/l),Automatic,Petrol,Third Owner,Yes,No,No
Volkswagen,Polo,2022,20k-50k,1500-2000cc,Excellent (24+ km/l),Automatic,Electric,First Owner,Yes,Yes,Yes
Maruti Suzuki,Ertiga,2021,20k-50k,1000-1500cc,Good (18-24 km/l),Manual,Diesel,First Owner,Yes,No,Yes
Skoda,Kushaq,2022,20k-50k,<1000cc,Average (12-18 km/l),Automatic,Petrol,First Owner,No,No,Yes
Mahindra,XUV500,2016,20k-50k,2000cc+,Good (18-24 km/l),Manual,Petrol,First Owner,No,Yes,No
Kia,Carens,2014,50k-80k,1000-1500cc,Good (18-24 km/l),Manual,Hybrid,First Owner,Yes,Yes,Yes
Renault,Triber,2023,0-20k,1500-2000cc,Average (12-18 km/l),Automatic,Hybrid,First Owner,Yes,No,Yes
Tata,Nexon,2021,20k-50k,1500-2000cc,Good (18-24 km/l),Manual,Diesel,First Owner,No,No,Yes
Maruti Suzuki,Baleno,2022,20k-50k,1000-1500cc,Good (18-24 km/l),Automatic,Diesel,First Owner,Yes,Yes,Yes
Hyundai,Verna,2006,120k+,1000-1500cc,Excellent (24+ km/l),Automatic,CNG,Third Owner,No,No,No
Honda,City,2017,120k+,1000-1500cc,Good (18-24 km/l),Automatic,Diesel,First Owner,No,Yes,No
Toyota,Yaris,2022,20k-50k,1500-2000cc,Excellent (24+ km/l),Automatic,CNG,First Owner,No,No,Yes
Hyundai,i20,2010,120k+,1000-1500cc,Good (18-24 km/l),Manual,Petrol,First Owner,No,No,No
Maruti Suzuki,Baleno,2020,20k-50k,1000-1500cc,Good (18-24 km/l),Manual,Hybrid,Third Owner,No,No,Yes
Skoda,Octavia,2018,20k-50k,1500-2000cc,Good (18-24 km/l),Automatic,Diesel,First Owner,No,No,Yes
Mercedes-Benz,GLA,2006,120k+,2000cc+,Good (18-24 km/l),Manual,Diesel,Third Owner,No,Yes,No
Mahindra,XUV500,2015,20k-50k,2000cc+,Good (18-24 km/l),Manual,Petrol,Third Owner,No,Yes,No
Maruti Suzuki,Alto,2016,20k-50k,1000-1500cc,Good (18-24 km/l),Automatic,Diesel,Fourth & Above,Yes,No,Yes
Hyundai,Venue,2012,80k-120k,1000-1500cc,Good (18-24 km/l),Manual,Diesel,First Owner,Yes,Yes,No
Maruti Suzuki,Swift,2021,20k-50k,1500-2000cc,Average (12-18 km/l),Manual,Petrol,First Owner,Yes,No,Yes
BMW,5 Series,2015,20k-50k,2000cc+,Average (12-18 km/l),Automatic,Petrol,First Owner,Yes,No,Yes
Maruti Suzuki,WagonR,2016,50k-80k,1000-1500cc,Good (18-24 km/l),Manual,Petrol,First Owner,Yes,Yes,No
Honda,City,2023,20k-50k,1000-1500cc,Excellent (24+ km/l),Automatic,Electric,First Owner,Yes,No,Yes
Hyundai,Venue,2019,120k+,1000-1500cc,Average (12-18 km/l),Manual,Petrol,Second Owner,Yes,Yes,No
Honda,Amaze,2018,0-20k,1000-1500cc,Good (18-24 km/l),Manual,Petrol,Second Owner,Yes,No,Yes
Toyota,Glanza,2022,0-20k,1000-1500cc,Average (12-18 km/l),Manual,Petrol,First Owner,Yes,No,Yes
Renault,Triber,2023,0-20k,1500-2000cc,Good (18-24 km/l),Manual,Diesel,First Owner,Yes,No,Yes
Hyundai,Creta,2007,20k-50k,1000-1500cc,Good (18-24 km/l),Manual,Diesel,First Owner,No,No,No
Maruti Suzuki,Swift,2019,20k-50k,1000-1500cc,Good (18-24 km/l),Manual,Petrol,Third Owner,Yes,No,Yes
Maruti Suzuki,Alto,2021,20k-50k,1000-1500cc,Good (18-24 km/l),Manual,Petrol,First Owner,No,No,Yes
Kia,Seltos,2017,20k-50k,1000-1500cc,Excellent (24+ km/l),Manual,CNG,First Owner,Yes,No,Yes
Kia,Carens,2022,20k-50k,<1000cc,Excellent (24+ km/l),Manual,Electric,First Owner,Yes,No,Yes
Honda,WR-V,2023,0-20k,1000-1500cc,Good (18-24 km/l),Manual,Petrol,Second Owner,Yes,No,Yes
Honda,WR-V,2023,0-20k,<1000cc,Average (12-18 km/l),Manual,Petrol,First Owner,Yes,Yes,Yes
Toyota,Yaris,2016,120k+,1500-2000cc,Good (18-24 km/l),Manual,Petrol,First Owner,No,Yes,No
Maruti Suzuki,Baleno,2015,50k-80k,1000-1500cc,Excellent (24+ km/l),Manual,CNG,Second Owner,No,No,No
BMW,5 Series,2023,0-20k,1500-2000cc,Good (18-24 km/l),Automatic,Petrol,First Owner,Yes,No,Yes
Tata,Harrier,2019,0-20k,2000cc+,Good (18-24 km/l),Manual,Petrol,First Owner,Yes,No,Yes
Tata,Punch,2015,120k+,1000-1500cc,Average (12-18 km/l),Automatic,Petrol,First Owner,Yes,Yes,No
Mahindra,Scorpio,2021,0-20k,2000cc+,Good (18-24 km/l),Automatic,CNG,First Owner,Yes,Yes,Yes
Maruti Suzuki,Baleno,2016,20k-50k,1500-2000cc,Good (18-24 km/l),Manual,Diesel,First Owner,No,No,No
Maruti Suzuki,Baleno,2016,80k-120k,<1000cc,Excellent (24+ km/l),Manual,Diesel,Second Owner,No,Yes,No
Volkswagen,Polo,2023,0-20k,<1000cc,Excellent (24+ km/l),Automatic,Diesel,First Owner,Yes,No,Yes
Maruti Suzuki,Dzire,2013,80k-120k,<1000cc,Good (18-24 km/l),Manual,Diesel,First Owner,Yes,Yes,No
Honda,Amaze,2009,20k-50k,1000-1500cc,Good (18-24 km/l),Manual,Diesel,Fourth & Above,No,No,No
Hyundai,Creta,2016,50k-80k,1000-1500cc,Good (18-24 km/l),Manual,Petrol,Third Owner,Yes,Yes,No
Tata,Harrier,2021,50k-80k,1500-2000cc,Good (18-24 km/l),Manual,Diesel,First Owner,Yes,No,Yes
Hyundai,Venue,2012,50k-80k,1000-1500cc,Excellent (24+ km/l),Manual,Diesel,First Owner,No,Yes,Yes
Tata,Nexon,2019,0-20k,2000cc+,Good (18-24 km/l),Manual,Diesel,Second Owner,Yes,No,Yes
Ford,Endeavour,2021,20k-50k,1000-1500cc,Good (18-24 km/l),Automatic,Petrol,Second Owner,Yes,No,Yes
Hyundai,Creta,2023,0-20k,1000-1500cc,Good (18-24 km/l),Automatic,Petrol,First Owner,Yes,No,Yes
Honda,WR-V,2015,50k-80k,1000-1500cc,Excellent (24+ km/l),Manual,Electric,First Owner,Yes,Yes,No
Mahindra,XUV500,2022,50k-80k,1500-2000cc,Good (18-24 km/l),Automatic,Diesel,First Owner,No,No,Yes
Toyota,Fortuner,2015,20k-50k,1500-2000cc,Good (18-24 km/l),Automatic,Diesel,First Owner,No,Yes,No
BMW,X1,2021,0-20k,2000cc+,Good (18-24 km/l),Automatic,Diesel,First Owner,Yes,Yes,Yes
Volkswagen,Taigun,2019,20k-50k,1000-1500cc,Good (18-24 km/l),Manual,Petrol,First Owner,Yes,Yes,Yes
Hyundai,i20,2012,80k-120k,1000-1500cc,Good (18-24 km/l),Automatic,Petrol,First Owner,No,Yes,No
Maruti Suzuki,WagonR,2021,0-20k,1000-1500cc,Good (18-24 km/l),Manual,Petrol,Second Owner,Yes,No,Yes
Hyundai,Verna,2015,20k-50k,1000-1500cc,Good (18-24 km/l),Manual,Petrol,Third Owner,Yes,No,Yes
Honda,City,2014,50k-80k,1000-1500cc,Good (18-24 km/l),Manual,Diesel,First Owner,Yes,Yes,No
Maruti Suzuki,Alto,2017,0-20k,1500-2000cc,Average (12-18 km/l),Manual,Petrol,Third Owner,Yes,No,Yes
Mahindra,Bolero,2021,0-20k,1000-1500cc,Good (18-24 km/l),Automatic,Petrol,First Owner,Yes,No,Yes
Honda,WR-V,2015,80k-120k,1000-1500cc,Good (18-24 km/l),Manual,Petrol,Second Owner,No,Yes,No
Tata,Tiago,2014,20k-50k,2000cc+,Average (12-18 km/l),Manual,Petrol,Second Owner,No,No,No
Volkswagen,Taigun,2006,120k+,<1000cc,Good (18-24 km/l),Manual,Petrol,Third Owner,No,Yes,No
Maruti Suzuki,Alto,2019,20k-50k,1000-1500cc,Excellent (24+ km/l),Manual,Petrol,First Owner,Yes,No,Yes
Maruti Suzuki,Alto,2018,50k-80k,1500-2000cc,Average (12-18 km/l),Manual,Petrol,Third Owner,Yes,No,Yes
Ford,Endeavour,2015,120k+,1000-1500cc,Good (18-24 km/l),Manual,Petrol,First Owner,Yes,Yes,Yes
Mahindra,XUV500,2009,120k+,2000cc+,Average (12-18 km/l),Manual,Petrol,Third Owner,No,Yes,No
Ford,EcoSport,2018,20k-50k,1000-1500cc,Excellent (24+ km/l),Manual,Diesel,Second Owner,Yes,No,Yes
Mahindra,Bolero,2022,0-20k,2000cc+,Good (18-24 km/l),Manual,Petrol,Second Owner,Yes,No,Yes
Hyundai,Verna,2021,0-20k,<1000cc,Good (18-24 km/l),Automatic,Petrol,First Owner,Yes,Yes,Yes
Renault,Triber,2023,0-20k,<1000cc,Good (18-24 km/l),Manual,Petrol,First Owner,Yes,No,Yes
Renault,Duster,2006,80k-120k,<1000cc,Good (18-24 km/l),Manual,Diesel,First Owner,No,No,No
Ford,EcoSport,2023,0-20k,1500-2000cc,Good (18-24 km/l),Automatic,Petrol,First Owner,Yes,No,Yes
Hyundai,i20,2017,20k-50k,1500-2000cc,Excellent (24+ km/l),Manual,Electric,Second Owner,Yes,No,Yes
Honda,WR-V,2023,0-20k,1000-1500cc,Good (18-24 km/l),Manual,Petrol,First Owner,Yes,No,Yes
Tata,Punch,2016,20k-50k,1500-2000cc,Good (18-24 km/l),Manual,Petrol,Second Owner,Yes,No,Yes
Maruti Suzuki,Ertiga,2019,0-20k,1000-1500cc,Good (18-24 km/l),Manual,Petrol,First Owner,Yes,No,Yes
BMW,3 Series,2017,50k-80k,1500-2000cc,Good (18-24 km/l),Manual,Petrol,First Owner,No,No,Yes
Maruti Suzuki,Dzire,2017,50k-80k,1000-1500cc,Excellent (24+ km/l),Manual,Diesel,Second Owner,No,No,Yes
Audi,Q3,2022,0-20k,2000cc+,Good (18-24 km/l),Automatic,Petrol,Second Owner,Yes,No,Yes
Mahindra,Thar,2022,0-20k,2000cc+,Average (12-18 km/l),Automatic,Diesel,First Owner,Yes,No,Yes
Hyundai,i10,2023,0-20k,1000-1500cc,Good (18-24 km/l),Manual,Diesel,First Owner,Yes,No,Yes
Honda,Amaze,2021,20k-50k,1000-1500cc,Good (18-24 km/l),Manual,Petrol,Third Owner,No,No,No
Kia,Sonet,2019,20k-50k,<1000cc,Excellent (24+ km/l),Manual,Diesel,First Owner,Yes,Yes,Yes
Volkswagen,Vento,2011,120k+,<1000cc,Good (18-24 km/l),Automatic,Diesel,Second Owner,No,No,No
Renault,Triber,2023,0-20k,1000-1500cc,Good (18-24 km/l),Manual,Petrol,First Owner,Yes,No,Yes
Toyota,Fortuner,2020,0-20k,1500-2000cc,Good (18-24 km/l),Manual,Petrol,First Owner,Yes,No,Yes
Ford,Endeavour,2021,20k-50k,1000-1500cc,Good (18-24 km/l),Manual,Petrol,Second Owner,Yes,No,Yes
Skoda,Rapid,2018,50k-80k,1000-1500cc,Good (18-24 km/l),Manual,Petrol,Third Owner,No,No,Yes
Hyundai,Verna,2020,20k-50k,1000-1500cc,Good (18-24 km/l),Automatic,Petrol,Third Owner,Yes,Yes,Yes
Mahindra,Thar,2023,0-20k,1000-1500cc,Good (18-24 km/l),Manual,Diesel,First Owner,Yes,No,Yes
Hyundai,i10,2013,120k+,1000-1500cc,Good (18-24 km/l),Manual,Diesel,Second Owner,Yes,Yes,Yes
Mercedes-Benz,C-Class,2016,20k-50k,1500-2000cc,Average (12-18 km/l),Automatic,Petrol,Second Owner,Yes,No,Yes
BMW,5 Series,2013,120k+,2000cc+,Average (12-18 km/l),Automatic,Petrol,Second Owner,No,Yes,No
Maruti Suzuki,Swift,2022,50k-80k,<1000cc,Good (18-24 km/l),Automatic,Petrol,First Owner,Yes,No,Yes
Ford,Figo,2009,20k-50k,1000-1500cc,Good (18-24 km/l),Manual,Petrol,Third Owner,No,Yes,No
BMW,5 Series,2010,20k-50k,2000cc+,Average (12-18 km/l),Automatic,Petrol,Third Owner,No,No,No
Hyundai,Venue,2016,50k-80k,1500-2000cc,Good (18-24 km/l),Manual,Petrol,Second Owner,Yes,Yes,Yes
Honda,City,2020,20k-50k,<1000cc,Good (18-24 km/l),Manual,Petrol,Second Owner,Yes,No,Yes
BMW,3 Series,2018,80k-120k,2000cc+,Average (12-18 km/l),Automatic,Petrol,Second Owner,Yes,No,No
Maruti Suzuki,Ertiga,2008,80k-120k,1500-2000cc,Average (12-18 km/l),Automatic,Petrol,Third Owner,No,Yes,No
Ford,Figo,2023,0-20k,1000-1500cc,Good (18-24 km/l),Manual,Petrol,First Owner,Yes,No,Yes
Hyundai,Verna,2023,0-20k,1000-1500cc,Good (18-24 km/l),Manual,Petrol,Second Owner,Yes,No,Yes
BMW,X1,2016,20k-50k,2000cc+,Average (12-18 km/l),Automatic,Petrol,First Owner,No,No,Yes
Audi,A4,2022,0-20k,2000cc+,Good (18-24 km/l),Manual,Petrol,Second Owner,Yes,No,Yes
BMW,5 Series,2020,50k-80k,1500-2000cc,Good (18-24 km/l),Automatic,Diesel,First Owner,Yes,No,Yes
Mahindra,Scorpio,2015,20k-50k,1000-1500cc,Good (18-24 km/l),Manual,Diesel,Second Owner,Yes,No,Yes
Skoda,Kushaq,2016,20k-50k,1500-2000cc,Good (18-24 km/l),Manual,Petrol,Fourth & Above,No,Yes,No
Skoda,Rapid,2019,20k-50k,1000-1500cc,Good (18-24 km/l),Manual,Petrol,Second Owner,Yes,No,Yes
Hyundai,Creta,2018,50k-80k,1000-1500cc,Good (18-24 km/l),Manual,Petrol,First Owner,Yes,Yes,Yes
Renault,Triber,2016,0-20k,<1000cc,Good (18-24 km/l),Automatic,Petrol,Second Owner,Yes,No,Yes
Maruti Suzuki,WagonR,2022,0-20k,1500-2000cc,Good (18-24 km/l),Automatic,Petrol,Second Owner,Yes,No,Yes
Honda,City,2019,20k-50k,<1000cc,Good (18-24 km/l),Manual,Petrol,First Owner,Yes,No,Yes
Hyundai,Creta,2021,0-20k,<1000cc,Good (18-24 km/l),Manual,Petrol,First Owner,Yes,No,Yes
Maruti Suzuki,Baleno,2014,50k-80k,1000-1500cc,Excellent (24+ km/l),Manual,CNG,Third Owner,No,Yes,No
Maruti Suzuki,Swift,2020,20k-50k,1000-1500cc,Excellent (24+ km/l),Manual,Electric,Third Owner,Yes,No,Yes
Ford,Figo,2017,20k-50k,1000-1500cc,Good (18-24 km/l),Manual,Diesel,First Owner,Yes,No,Yes
Tata,Nexon,2020,20k-50k,1500-2000cc,Good (18-24 km/l),Manual,Diesel,First Owner,Yes,No,Yes
Ford,Endeavour,2022,0-20k,1000-1500cc,Good (18-24 km/l),Manual,Petrol,First Owner,No,No,Yes
Maruti Suzuki,Baleno,2022,0-20k,<1000cc,Excellent (24+ km/l),Manual,Diesel,First Owner,Yes,No,Yes
Hyundai,Creta,2017,20k-50k,1000-1500cc,Good (18-24 km/l),Manual,Petrol,First Owner,Yes,No,Yes
Honda,City,2021,20k-50k,<1000cc,Excellent (24+ km/l),Manual,Electric,First Owner,Yes,No,Yes
Renault,Duster,2023,0-20k,1000-1500cc,Good (18-24 km/l),Automatic,Diesel,Second Owner,Yes,No,Yes
Hyundai,Verna,2021,20k-50k,<1000cc,Good (18-24 km/l),Automatic,Petrol,First Owner,Yes,No,Yes
Toyota,Yaris,2013,20k-50k,2000cc+,Average (12-18 km/l),Manual,Diesel,First Owner,Yes,No,Yes
Kia,Sonet,2021,20k-50k,1000-1500cc,Good (18-24 km/l),Manual,Petrol,First Owner,Yes,No,Yes
Toyota,Fortuner,2011,20k-50k,1500-2000cc,Average (12-18 km/l),Manual,Petrol,Third Owner,Yes,No,No
Hyundai,Venue,2023,0-20k,1500-2000cc,Excellent (24+ km/l),Manual,CNG,First Owner,Yes,No,Yes
Maruti Suzuki,Baleno,2020,20k-50k,1000-1500cc,Average (12-18 km/l),Automatic,Petrol,First Owner,Yes,No,Yes
Kia,Seltos,2018,20k-50k,1500-2000cc,Good (18-24 km/l),Automatic,Diesel,Second Owner,Yes,Yes,No
Maruti Suzuki,Alto,2009,80k-120k,<1000cc,Good (18-24 km/l),Manual,Petrol,Second Owner,No,No,No
Kia,Carens,2018,0-20k,1000-1500cc,Good (18-24 km/l),Manual,Petrol,First Owner,No,No,Yes
Mahindra,XUV500,2023,0-20k,1500-2000cc,Good (18-24 km/l),Manual,Diesel,First Owner,Yes,No,Yes
BMW,X1,2007,80k-120k,1500-2000cc,Good (18-24 km/l),Automatic,Petrol,Third Owner,No,Yes,No
Renault,Kwid,2019,20k-50k,1000-1500cc,Good (18-24 km/l),Automatic,Petrol,Third Owner,Yes,No,Yes
Mercedes-Benz,GLA,2023,0-20k,2000cc+,Average (12-18 km/l),Automatic,Petrol,First Owner,Yes,No,Yes
Tata,Nexon,2018,0-20k,2000cc+,Average (12-18 km/l),Manual,Petrol,First Owner,Yes,No,Yes
Volkswagen,Polo,2018,20k-50k,1000-1500cc,Good (18-24 km/l),Manual,Diesel,First Owner,No,No,Yes
Tata,Punch,2020,20k-50k,2000cc+,Average (12-18 km/l),Manual,Petrol,First Owner,Yes,No,Yes
Mahindra,Thar,2019,0-20k,2000cc+,Good (18-24 km/l),Manual,Diesel,First Owner,Yes,No,Yes
Toyota,Glanza,2014,120k+,1500-2000cc,Good (18-24 km/l),Manual,Diesel,First Owner,Yes,Yes,No
Kia,Carens,2006,20k-50k,1000-1500cc,Good (18-24 km/l),Manual,Petrol,Third Owner,No,Yes,No
Mercedes-Benz,GLA,2021,20k-50k,2000cc+,Good (18-24 km/l),Automatic,Petrol,First Owner,Yes,No,Yes
Volkswagen,Polo,2023,20k-50k,1500-2000cc,Good (18-24 km/l),Manual,Petrol,First Owner,Yes,No,Yes
Tata,Nexon,2011,120k+,2000cc+,Average (12-18 km/l),Automatic,Petrol,Third Owner,Yes,Yes,No
Tata,Altroz,2015,20k-50k,2000cc+,Good (18-24 km/l),Automatic,CNG,Fourth & Above,No,Yes,No
Volkswagen,Polo,2018,50k-80k,1000-1500cc,Good (18-24 km/l),Manual,Diesel,First Owner,Yes,Yes,Yes
Hyundai,Venue,2022,0-20k,1500-2000cc,Good (18-24 km/l),Manual,Diesel,First Owner,Yes,No,Yes
Maruti Suzuki,Alto,2016,120k+,1000-1500cc,Excellent (24+ km/l),Manual,Diesel,Second Owner,Yes,No,No
Tata,Altroz,2023,0-20k,1000-1500cc,Good (18-24 km/l),Automatic,Petrol,First Owner,Yes,No,Yes
Hyundai,i20,2009,50k-80k,1000-1500cc,Good (18-24 km/l),Manual,Petrol,Second Owner,Yes,No,No
Hyundai,Verna,2023,0-20k,1500-2000cc,Average (12-18 km/l),Manual,Petrol,Third Owner,Yes,No,Yes
Hyundai,Verna,2020,20k-50k,<1000cc,Good (18-24 km/l),Manual,Hybrid,Second Owner,Yes,No,Yes
Maruti Suzuki,Ertiga,2021,20k-50k,1000-1500cc,Good (18-24 km/l),Automatic,CNG,First Owner,Yes,Yes,Yes
Maruti Suzuki,WagonR,2018,50k-80k,1500-2000cc,Good (18-24 km/l),Manual,Diesel,First Owner,Yes,No,Yes
Mercedes-Benz,GLA,2022,20k-50k,2000cc+,Average (12-18 km/l),Automatic,Petrol,First Owner,Yes,No,Yes
Tata,Nexon,2013,120k+,1500-2000cc,Average (12-18 km/l),Manual,Diesel,Second Owner,Yes,No,No
Tata,Punch,2009,80k-120k,1500-2000cc,Good (18-24 km/l),Manual,Petrol,Third Owner,No,No,No
Toyota,Yaris,2018,20k-50k,1500-2000cc,Good (18-24 km/l),Manual,Diesel,Second Owner,No,No,Yes
Hyundai,Verna,2023,20k-50k,1000-1500cc,Good (18-24 km/l),Manual,Petrol,First Owner,Yes,No,Yes
Audi,Q3,2022,0-20k,2000cc+,Average (12-18 km/l),Automatic,Petrol,First Owner,Yes,No,Yes
Renault,Triber,2020,0-20k,1000-1500cc,Good (18-24 km/l),Manual,Petrol,First Owner,Yes,No,Yes
Maruti Suzuki,Ertiga,2020,20k-50k,1000-1500cc,Good (18-24 km/l),Manual,Diesel,Third Owner,Yes,No,Yes
Tata,Tiago,2012,120k+,1000-1500cc,Good (18-24 km/l),Manual,Diesel,Second Owner,Yes,Yes,No
Kia,Carens,2022,0-20k,1000-1500cc,Average (12-18 km/l),Manual,Petrol,First Owner,No,No,Yes
BMW,3 Series,2022,20k-50k,2000cc+,Average (12-18 km/l),Automatic,Diesel,Second Owner,Yes,No,Yes
Mahindra,XUV300,2021,0-20k,1000-1500cc,Good (18-24 km/l),Automatic,Diesel,Second Owner,Yes,No,Yes
Toyota,Innova,2019,50k-80k,2000cc+,Average (12-18 km/l),Manual,Diesel,First Owner,Yes,Yes,Yes
Maruti Suzuki,Ertiga,2023,0-20k,1000-1500cc,Good (18-24 km/l),Manual,Diesel,First Owner,Yes,No,Yes
Mercedes-Benz,GLA,2023,0-20k,2000cc+,Good (18-24 km/l),Manual,Petrol,First Owner,Yes,No,Yes
Hyundai,Creta,2021,50k-80k,1000-1500cc,Excellent (24+ km/l),Manual,CNG,First Owner,No,No,Yes
BMW,5 Series,2018,20k-50k,2000cc+,Average (12-18 km/l),Automatic,Petrol,First Owner,Yes,No,Yes
Toyota,Yaris,2021,20k-50k,1000-1500cc,Good (18-24 km/l),Automatic,Petrol,First Owner,Yes,No,Yes
Honda,City,2020,20k-50k,1000-1500cc,Good (18-24 km/l),Manual,Diesel,Second Owner,Yes,Yes,Yes
Mahindra,XUV500,2018,20k-50k,1000-1500cc,Average (12-18 km/l),Automatic,Petrol,First Owner,Yes,No,Yes
Hyundai,i20,2017,20k-50k,1000-1500cc,Excellent (24+ km/l),Manual,CNG,Second Owner,No,No,Yes
Maruti Suzuki,Ertiga,2018,50k-80k,1000-1500cc,Good (18-24 km/l),Manual,Petrol,Second Owner,Yes,Yes,Yes
Hyundai,Creta,2020,0-20k,1000-1500cc,Good (18-24 km/l),Automatic,Petrol,Second Owner,Yes,No,Yes
Hyundai,Verna,2018,20k-50k,1000-1500cc,Excellent (24+ km/l),Manual,Electric,First Owner,Yes,No,Yes
Volkswagen,Polo,2016,80k-120k,1500-2000cc,Average (12-18 km/l),Manual,Petrol,Fourth & Above,No,Yes,No
Tata,Altroz,2022,0-20k,2000cc+,Average (12-18 km/l),Manual,Petrol,First Owner,Yes,No,Yes
Maruti Suzuki,Dzire,2020,0-20k,1000-1500cc,Good (18-24 km/l),Manual,Petrol,First Owner,No,No,Yes
Audi,A4,2010,50k-80k,1500-2000cc,Good (18-24 km/l),Automatic,Diesel,Fourth & Above,No,No,No
Kia,Seltos,2018,50k-80k,1000-1500cc,Good (18-24 km/l),Manual,Petrol,Second Owner,No,No,No
BMW,5 Series,2023,0-20k,2000cc+,Average (12-18 km/l),Automatic,Petrol,First Owner,Yes,No,Yes
Mercedes-Benz,GLA,2022,0-20k,2000cc+,Average (12-18 km/l),Automatic,Petrol,First Owner,Yes,No,Yes
Maruti Suzuki,Dzire,2017,80k-120k,1000-1500cc,Excellent (24+ km/l),Manual,CNG,Second Owner,Yes,Yes,No
Tata,Harrier,2023,0-20k,2000cc+,Good (18-24 km/l),Manual,Petrol,Second Owner,Yes,No,Yes
Volkswagen,Polo,2010,120k+,1000-1500cc,Good (18-24 km/l),Manual,Petrol,Second Owner,No,Yes,No
Ford,EcoSport,2023,0-20k,1000-1500cc,Good (18-24 km/l),Manual,Diesel,First Owner,Yes,No,Yes
Maruti Suzuki,Swift,2015,20k-50k,1000-1500cc,Good (18-24 km/l),Automatic,Diesel,Second Owner,Yes,No,Yes
Renault,Triber,2005,0-20k,1000-1500cc,Excellent (24+ km/l),Manual,Petrol,Second Owner,No,Yes,No
Hyundai,i10,2019,0-20k,1000-1500cc,Excellent (24+ km/l),Manual,Diesel,Second Owner,Yes,No,Yes
Hyundai,i20,2017,20k-50k,1000-1500cc,Good (18-24 km/l),Manual,Petrol,First Owner,Yes,No,Yes
Honda,City,2020,20k-50k,1000-1500cc,Good (18-24 km/l),Manual,Petrol,First Owner,Yes,No,Yes
Honda,City,2022,20k-50k,1500-2000cc,Good (18-24 km/l),Manual,Petrol,First Owner,Yes,No,Yes
Honda,City,2022,0-20k,1000-1500cc,Average (12-18 km/l),Automatic,Petrol,First Owner,Yes,No,Yes
Maruti Suzuki,Ertiga,2018,20k-50k,<1000cc,Excellent (24+ km/l),Manual,Petrol,First Owner,Yes,No,Yes
Kia,Sonet,2019,20k-50k,1000-1500cc,Good (18-24 km/l),Manual,Petrol,Second Owner,Yes,No,Yes
Hyundai,Creta,2013,80k-120k,1000-1500cc,Good (18-24 km/l),Manual,Petrol,Third Owner,No,Yes,No
Maruti Suzuki,WagonR,2009,120k+,1000-1500cc,Excellent (24+ km/l),Manual,Diesel,Third Owner,Yes,Yes,No
Kia,Seltos,2021,50k-80k,1000-1500cc,Good (18-24 km/l),Manual,Diesel,First Owner,Yes,No,Yes
Audi,Q3,2009,20k-50k,2000cc+,Good (18-24 km/l),Manual,Petrol,Fourth & Above,No,Yes,No
Skoda,Octavia,2022,20k-50k,1000-1500cc,Good (18-24 km/l),Automatic,Petrol,First Owner,Yes,No,Yes
Renault,Kwid,2020,80k-120k,1500-2000cc,Good (18-24 km/l),Automatic,Petrol,Third Owner,Yes,No,No
Toyota,Innova,2014,20k-50k,1000-1500cc,Excellent (24+ km/l),Manual,CNG,First Owner,No,No,Yes
Honda,Jazz,2020,20k-50k,1000-1500cc,Good (18-24 km/l),Manual,Diesel,Second Owner,Yes,No,Yes
Maruti Suzuki,Alto,2014,80k-120k,1000-1500cc,Good (18-24 km/l),Manual,Diesel,First Owner,Yes,No,Yes
Tata,Altroz,2019,50k-80k,1500-2000cc,Good (18-24 km/l),Manual,Petrol,Second Owner,Yes,Yes,No
Tata,Harrier,2022,0-20k,1000-1500cc,Average (12-18 km/l),Automatic,Petrol,First Owner,Yes,No,Yes
Hyundai,i10,2019,0-20k,1000-1500cc,Good (18-24 km/l),Manual,Petrol,First Owner,Yes,Yes,Yes
Ford,EcoSport,2013,120k+,<1000cc,Good (18-24 km/l),Automatic,Petrol,Second Owner,No,No,No
Mahindra,Thar,2022,20k-50k,1500-2000cc,Good (18-24 km/l),Automatic,Diesel,First Owner,Yes,No,Yes
Maruti Suzuki,Baleno,2014,50k-80k,1000-1500cc,Good (18-24 km/l),Manual,Diesel,Second Owner,Yes,No,No
Hyundai,Creta,2022,0-20k,1000-1500cc,Good (18-24 km/l),Automatic,Diesel,First Owner,Yes,No,Yes
Ford,EcoSport,2019,50k-80k,<1000cc,Excellent (24+ km/l),Manual,CNG,First Owner,Yes,No,Yes
Maruti Suzuki,WagonR,2019,0-20k,1000-1500cc,Good (18-24 km/l),Manual,Petrol,Second Owner,Yes,No,Yes
Skoda,Rapid,2023,0-20k,1000-1500cc,Excellent (24+ km/l),Manual,CNG,First Owner,Yes,No,Yes
Mahindra,Bolero,2021,20k-50k,1000-1500cc,Good (18-24 km/l),Automatic,Diesel,First Owner,Yes,No,Yes
Mahindra,Bolero,2008,80k-120k,1500-2000cc,Good (18-24 km/l),Manual,Petrol,Fourth & Above,No,No,No
Honda,City,2016,20k-50k,1000-1500cc,Excellent (24+ km/l),Manual,Diesel,Second Owner,Yes,No,Yes
Renault,Duster,2023,0-20k,1500-2000cc,Average (12-18 km/l),Manual,Petrol,First Owner,Yes,No,Yes
Tata,Punch,2006,80k-120k,1000-1500cc,Good (18-24 km/l),Manual,Petrol,Fourth & Above,No,Yes,No
Toyota,Fortuner,2020,20k-50k,2000cc+,Average (12-18 km/l),Manual,Petrol,First Owner,Yes,No,Yes
Honda,Amaze,2022,0-20k,1000-1500cc,Good (18-24 km/l),Manual,Petrol,Second Owner,Yes,No,Yes
Hyundai,i20,2021,20k-50k,1000-1500cc,Good (18-24 km/l),Manual,Petrol,First Owner,No,No,Yes
Kia,Carens,2022,0-20k,1000-1500cc,Good (18-24 km/l),Manual,Petrol,First Owner,Yes,No,Yes
Renault,Kwid,2022,0-20k,<1000cc,Good (18-24 km/l),Automatic,Diesel,First Owner,Yes,No,Yes
Toyota,Fortuner,2021,20k-50k,2000cc+,Average (12-18 km/l),Automatic,Diesel,First Owner,No,No,Yes
Skoda,Octavia,2022,20k-50k,1000-1500cc,Good (18-24 km/l),Automatic,Petrol,First Owner,Yes,No,Yes
Skoda,Rapid,2021,20k-50k,1500-2000cc,Average (12-18 km/l),Manual,Petrol,First Owner,Yes,No,Yes
Ford,Endeavour,2018,120k+,1500-2000cc,Excellent (24+ km/l),Manual,CNG,First Owner,No,Yes,Yes
Skoda,Rapid,2019,0-20k,<1000cc,Good (18-24 km/l),Automatic,Petrol,Third Owner,Yes,No,Yes
Ford,EcoSport,2021,0-20k,1500-2000cc,Good (18-24 km/l),Manual,Petrol,First Owner,Yes,No,Yes
Ford,EcoSport,2023,0-20k,1000-1500cc,Good (18-24 km/l),Automatic,Diesel,First Owner,Yes,Yes,Yes
Toyota,Yaris,2016,20k-50k,2000cc+,Average (12-18 km/l),Manual,Petrol,Second Owner,Yes,Yes,No
Volkswagen,Taigun,2017,50k-80k,<1000cc,Excellent (24+ km/l),Manual,Diesel,Second Owner,No,Yes,No
Maruti Suzuki,Swift,2023,20k-50k,1000-1500cc,Good (18-24 km/l),Manual,Petrol,First Owner,Yes,No,Yes
Kia,Seltos,2020,50k-80k,1000-1500cc,Good (18-24 km/l),Manual,Petrol,First Owner,No,No,No
Kia,Sonet,2014,80k-120k,<1000cc,Good (18-24 km/l),Manual,Diesel,First Owner,No,No,Yes
Maruti Suzuki,Swift,2021,20k-50k,<1000cc,Good (18-24 km/l),Manual,Hybrid,First Owner,Yes,No,Yes
Renault,Duster,2023,0-20k,1000-1500cc,Excellent (24+ km/l),Automatic,Diesel,First Owner,Yes,No,Yes
Maruti Suzuki,Ertiga,2022,20k-50k,<1000cc,Good (18-24 km/l),Manual,Petrol,Second Owner,Yes,No,Yes
Tata,Tiago,2022,0-20k,1500-2000cc,Good (18-24 km/l),Manual,Petrol,Second Owner,Yes,No,Yes
Volkswagen,Vento,2015,120k+,1000-1500cc,Good (18-24 km/l),Automatic,Petrol,First Owner,No,Yes,No
Maruti Suzuki,Dzire,2023,0-20k,1500-2000cc,Good (18-24 km/l),Manual,Diesel,First Owner,Yes,Yes,Yes
Renault,Kwid,2020,20k-50k,1000-1500cc,Good (18-24 km/l),Manual,Petrol,First Owner,Yes,No,Yes
Skoda,Octavia,2023,0-20k,1000-1500cc,Excellent (24+ km/l),Manual,CNG,Second Owner,Yes,No,Yes
Mahindra,Scorpio,2017,50k-80k,1500-2000cc,Good (18-24 km/l),Manual,Petrol,Second Owner,No,Yes,No
Maruti Suzuki,Dzire,2009,120k+,1000-1500cc,Good (18-24 km/l),Manual,Petrol,Fourth & Above,Yes,Yes,No
Hyundai,Venue,2019,0-20k,1000-1500cc,Good (18-24 km/l),Automatic,Petrol,First Owner,Yes,No,Yes
Toyota,Fortuner,2016,120k+,1500-2000cc,Good (18-24 km/l),Manual,Diesel,Third Owner,Yes,Yes,No
Mercedes-Benz,C-Class,2021,20k-50k,2000cc+,Average (12-18 km/l),Automatic,Petrol,First Owner,Yes,No,Yes
Toyota,Glanza,2023,0-20k,1500-2000cc,Good (18-24 km/l),Manual,Petrol,First Owner,Yes,No,Yes
Hyundai,Creta,2021,20k-50k,1000-1500cc,Good (18-24 km/l),Automatic,Diesel,Second Owner,Yes,Yes,Yes
Toyota,Glanza,2023,0-20k,1500-2000cc,Good (18-24 km/l),Manual,Petrol,First Owner,Yes,No,Yes
Honda,WR-V,2019,0-20k,1000-1500cc,Good (18-24 km/l),Manual,Petrol,Fourth & Above,Yes,No,Yes
Volkswagen,Taigun,2022,0-20k,1000-1500cc,Good (18-24 km/l),Manual,Petrol,First Owner,Yes,No,Yes
Maruti Suzuki,Alto,2022,0-20k,1000-1500cc,Excellent (24+ km/l),Manual,Electric,First Owner,Yes,No,Yes
Volkswagen,Vento,2021,20k-50k,1000-1500cc,Excellent (24+ km/l),Manual,Electric,First Owner,Yes,No,Yes
Honda,Jazz,2019,20k-50k,1000-1500cc,Average (12-18 km/l),Manual,Petrol,First Owner,Yes,No,Yes
Audi,Q3,2021,20k-50k,2000cc+,Average (12-18 km/l),Automatic,Petrol,First Owner,Yes,Yes,Yes
Tata,Tiago,2021,20k-50k,1500-2000cc,Good (18-24 km/l),Manual,Diesel,First Owner,Yes,No,Yes
Toyota,Innova,2016,80k-120k,2000cc+,Good (18-24 km/l),Automatic,Diesel,Fourth & Above,Yes,No,No
BMW,X1,2022,20k-50k,2000cc+,Average (12-18 km/l),Automatic,Petrol,First Owner,Yes,No,Yes
Maruti Suzuki,Baleno,2023,0-20k,1000-1500cc,Good (18-24 km/l),Automatic,Diesel,Second Owner,Yes,No,Yes
BMW,3 Series,2019,20k-50k,2000cc+,Average (12-18 km/l),Manual,Diesel,Second Owner,Yes,No,Yes
Ford,Endeavour,2021,0-20k,1000-1500cc,Excellent (24+ km/l),Automatic,Electric,Second Owner,Yes,No,Yes
Maruti Suzuki,WagonR,2022,0-20k,1500-2000cc,Good (18-24 km/l),Manual,Diesel,First Owner,Yes,Yes,Yes
Hyundai,Verna,2021,0-20k,1000-1500cc,Good (18-24 km/l),Manual,Petrol,First Owner,Yes,No,Yes
Ford,Figo,2020,20k-50k,1000-1500cc,Good (18-24 km/l),Automatic,Diesel,First Owner,Yes,No,Yes
Maruti Suzuki,WagonR,2023,0-20k,1500-2000cc,Good (18-24 km/l),Manual,Petrol,First Owner,Yes,No,Yes
Honda,WR-V,2019,20k-50k,1000-1500cc,Good (18-24 km/l),Manual,Petrol,Second Owner,Yes,No,Yes
Tata,Altroz,2009,120k+,1000-1500cc,Good (18-24 km/l),Manual,Diesel,Second Owner,No,Yes,No
Toyota,Glanza,2022,0-20k,1500-2000cc,Good (18-24 km/l),Manual,Diesel,First Owner,Yes,No,Yes
Maruti Suzuki,Dzire,2021,0-20k,1000-1500cc,Good (18-24 km/l),Automatic,Petrol,First Owner,Yes,No,Yes
Kia,Seltos,2023,0-20k,1000-1500cc,Excellent (24+ km/l),Manual,CNG,First Owner,Yes,No,Yes
Audi,Q3,2013,50k-80k,2000cc+,Average (12-18 km/l),Automatic,Diesel,Second Owner,Yes,No,No
Audi,Q3,2007,120k+,2000cc+,Good (18-24 km/l),Automatic,Petrol,Third Owner,No,No,No
Volkswagen,Vento,2023,0-20k,1000-1500cc,Average (12-18 km/l),Manual,Petrol,First Owner,Yes,No,Yes
Maruti Suzuki,Baleno,2013,50k-80k,<1000cc,Average (12-18 km/l),Automatic,Petrol,First Owner,No,No,Yes
Volkswagen,Vento,2022,0-20k,<1000cc,Good (18-24 km/l),Manual,Diesel,First Owner,Yes,No,Yes
Maruti Suzuki,WagonR,2022,0-20k,1000-1500cc,Good (18-24 km/l),Manual,Petrol,First Owner,No,No,Yes
Maruti Suzuki,Alto,2021,0-20k,<1000cc,Good (18-24 km/l),Automatic,Petrol,First Owner,Yes,No,Yes
Tata,Tiago,2012,120k+,1500-2000cc,Good (18-24 km/l),Manual,Petrol,Third Owner,Yes,Yes,No
Mahindra,Scorpio,2021,20k-50k,1500-2000cc,Good (18-24 km/l),Manual,Diesel,First Owner,Yes,Yes,Yes
Volkswagen,Polo,2023,0-20k,1000-1500cc,Good (18-24 km/l),Manual,Petrol,First Owner,Yes,No,Yes
Ford,Figo,2018,20k-50k,1000-1500cc,Good (18-24 km/l),Manual,Petrol,First Owner,No,No,Yes
Mahindra,XUV500,2018,80k-120k,1500-2000cc,Excellent (24+ km/l),Manual,Electric,First Owner,Yes,No,Yes
Hyundai,i10,2019,0-20k,1000-1500cc,Excellent (24+ km/l),Manual,CNG,First Owner,Yes,No,Yes
Mercedes-Benz,C-Class,2010,120k+,1500-2000cc,Good (18-24 km/l),Automatic,Petrol,Third Owner,Yes,No,No
Tata,Altroz,2023,20k-50k,1000-1500cc,Good (18-24 km/l),Manual,Petrol,Second Owner,Yes,No,Yes
Mahindra,XUV300,2023,20k-50k,2000cc+,Average (12-18 km/l),Automatic,Petrol,First Owner,Yes,No,Yes
Maruti Suzuki,Swift,2023,0-20k,1500-2000cc,Good (18-24 km/l),Manual,Diesel,First Owner,Yes,Yes,Yes
Renault,Duster,2020,50k-80k,1000-1500cc,Excellent (24+ km/l),Manual,Petrol,First Owner,Yes,No,Yes
Ford,EcoSport,2022,20k-50k,1000-1500cc,Good (18-24 km/l),Manual,Diesel,Second Owner,Yes,No,Yes
Hyundai,Venue,2014,120k+,1500-2000cc,Good (18-24 km/l),Manual,Petrol,First Owner,Yes,Yes,No
Maruti Suzuki,Ertiga,2021,0-20k,<1000cc,Good (18-24 km/l),Automatic,Diesel,First Owner,Yes,Yes,Yes
Ford,Endeavour,2021,0-20k,1000-1500cc,Good (18-24 km/l),Automatic,Diesel,First Owner,Yes,No,Yes
Toyota,Innova,2023,0-20k,1000-1500cc,Good (18-24 km/l),Automatic,Diesel,First Owner,Yes,No,Yes
Hyundai,Venue,2022,20k-50k,1500-2000cc,Good (18-24 km/l),Manual,Petrol,First Owner,Yes,Yes,Yes
Audi,A4,2023,0-20k,1500-2000cc,Good (18-24 km/l),Automatic,Diesel,First Owner,Yes,No,Yes
Maruti Suzuki,Dzire,2023,0-20k,<1000cc,Good (18-24 km/l),Automatic,Diesel,First Owner,Yes,No,Yes
Mahindra,Scorpio,2023,0-20k,2000cc+,Good (18-24 km/l),Automatic,Diesel,First Owner,Yes,Yes,Yes
BMW,5 Series,2009,120k+,2000cc+,Average (12-18 km/l),Manual,Petrol,First Owner,No,No,No
Tata,Nexon,2022,0-20k,1500-2000cc,Average (12-18 km/l),Automatic,Petrol,Second Owner,Yes,No,Yes
Toyota,Glanza,2021,0-20k,2000cc+,Average (12-18 km/l),Automatic,Hybrid,First Owner,Yes,No,Yes
Tata,Harrier,2018,20k-50k,1500-2000cc,Excellent (24+ km/l),Manual,Electric,First Owner,No,No,Yes
Hyundai,i10,2009,120k+,1000-1500cc,Average (12-18 km/l),Automatic,Petrol,Second Owner,No,Yes,No
Mercedes-Benz,GLA,2021,20k-50k,2000cc+,Average (12-18 km/l),Automatic,Petrol,First Owner,No,No,Yes
Tata,Punch,2017,50k-80k,2000cc+,Average (12-18 km/l),Manual,Petrol,Second Owner,Yes,No,Yes
Kia,Seltos,2019,20k-50k,1000-1500cc,Good (18-24 km/l),Manual,Petrol,Second Owner,Yes,No,Yes
Hyundai,Creta,2021,0-20k,1000-1500cc,Good (18-24 km/l),Manual,Petrol,First Owner,No,No,Yes
Hyundai,i20,2023,0-20k,1000-1500cc,Good (18-24 km/l),Manual,Petrol,First Owner,No,No,Yes
Maruti Suzuki,WagonR,2022,0-20k,1000-1500cc,Good (18-24 km/l),Automatic,Diesel,First Owner,Yes,No,Yes
Toyota,Innova,2019,20k-50k,1500-2000cc,Good (18-24 km/l),Manual,Petrol,First Owner,No,No,Yes
Tata,Tiago,2018,50k-80k,2000cc+,Average (12-18 km/l),Automatic,Hybrid,Third Owner,No,Yes,No
Skoda,Kushaq,2015,120k+,1500-2000cc,Good (18-24 km/l),Manual,Petrol,First Owner,Yes,Yes,Yes
Mahindra,Scorpio,2018,20k-50k,2000cc+,Average (12-18 km/l),Manual,Petrol,First Owner,No,No,Yes
Audi,Q3,2012,120k+,1500-2000cc,Average (12-18 km/l),Manual,Hybrid,Fourth & Above,No,Yes,No
Hyundai,Creta,2023,0-20k,1000-1500cc,Good (18-24 km/l),Manual,Diesel,First Owner,Yes,No,Yes
Skoda,Kushaq,2020,20k-50k,1000-1500cc,Good (18-24 km/l),Automatic,Petrol,First Owner,Yes,No,Yes
Volkswagen,Vento,2012,50k-80k,1000-1500cc,Average (12-18 km/l),Manual,Petrol,Third Owner,Yes,No,Yes
Volkswagen,Taigun,2017,50k-80k,1000-1500cc,Average (12-18 km/l),Automatic,Petrol,First Owner,Yes,Yes,Yes
Skoda,Octavia,2020,20k-50k,1500-2000cc,Good (18-24 km/l),Automatic,Diesel,First Owner,No,No,Yes
Volkswagen,Polo,2020,0-20k,<1000cc,Excellent (24+ km/l),Manual,Diesel,First Owner,Yes,No,Yes
Toyota,Innova,2008,120k+,2000cc+,Average (12-18 km/l),Manual,Petrol,Second Owner,No,Yes,No
Maruti Suzuki,Ertiga,2023,0-20k,1000-1500cc,Good (18-24 km/l),Manual,Petrol,First Owner,Yes,No,Yes
Maruti Suzuki,Dzire,2016,20k-50k,1000-1500cc,Good (18-24 km/l),Automatic,Petrol,Third Owner,No,No,Yes
BMW,X1,2006,20k-50k,2000cc+,Average (12-18 km/l),Automatic,Petrol,Fourth & Above,No,Yes,No
Toyota,Yaris,2010,120k+,1500-2000cc,Average (12-18 km/l),Manual,Petrol,Third Owner,Yes,Yes,No
Renault,Kwid,2020,20k-50k,1500-2000cc,Excellent (24+ km/l),Manual,CNG,First Owner,Yes,Yes,No
Mahindra,XUV300,2013,80k-120k,2000cc+,Good (18-24 km/l),Manual,Diesel,Fourth & Above,Yes,No,No
Maruti Suzuki,WagonR,2008,50k-80k,1000-1500cc,Good (18-24 km/l),Manual,Petrol,Second Owner,No,Yes,No
Maruti Suzuki,Dzire,2018,50k-80k,1000-1500cc,Good (18-24 km/l),Manual,Diesel,Second Owner,Yes,No,No
Ford,EcoSport,2021,20k-50k,1000-1500cc,Good (18-24 km/l),Manual,Petrol,First Owner,No,No,Yes
Mahindra,Thar,2012,80k-120k,1500-2000cc,Good (18-24 km/l),Manual,Diesel,First Owner,Yes,Yes,No
Hyundai,Venue,2017,0-20k,1000-1500cc,Good (18-24 km/l),Manual,Diesel,First Owner,Yes,No,Yes
Mahindra,Scorpio,2018,50k-80k,1000-1500cc,Average (12-18 km/l),Manual,Diesel,Second Owner,Yes,Yes,Yes
Maruti Suzuki,Swift,2013,20k-50k,1000-1500cc,Good (18-24 km/l),Manual,Petrol,Third Owner,Yes,No,Yes
Honda,WR-V,2019,50k-80k,1000-1500cc,Good (18-24 km/l),Manual,Petrol,Second Owner,No,No,No
Hyundai,i20,2011,120k+,1000-1500cc,Good (18-24 km/l),Manual,Diesel,Third Owner,No,No,No
Renault,Kwid,2008,120k+,1000-1500cc,Good (18-24 km/l),Manual,Diesel,Third Owner,No,No,No
Hyundai,Creta,2020,20k-50k,1000-1500cc,Excellent (24+ km/l),Manual,Diesel,First Owner,Yes,No,Yes
Mahindra,Thar,2015,80k-120k,1500-2000cc,Average (12-18 km/l),Manual,Petrol,Second Owner,Yes,Yes,No
Maruti Suzuki,Swift,2011,20k-50k,1000-1500cc,Excellent (24+ km/l),Manual,Diesel,First Owner,Yes,No,Yes
Maruti Suzuki,Baleno,2018,120k+,1000-1500cc,Good (18-24 km/l),Automatic,Diesel,Third Owner,Yes,Yes,No
Tata,Altroz,2023,0-20k,2000cc+,Good (18-24 km/l),Manual,Diesel,First Owner,Yes,No,Yes
Mahindra,Scorpio,2022,20k-50k,2000cc+,Average (12-18 km/l),Automatic,Diesel,First Owner,Yes,No,Yes
Honda,City,2022,20k-50k,1000-1500cc,Excellent (24+ km/l),Manual,CNG,First Owner,Yes,No,Yes
Hyundai,Creta,2023,0-20k,1500-2000cc,Good (18-24 km/l),Manual,Petrol,First Owner,Yes,No,Yes
Ford,Figo,2023,0-20k,1000-1500cc,Good (18-24 km/l),Manual,Petrol,First Owner,Yes,No,Yes
Skoda,Octavia,2022,20k-50k,1000-1500cc,Good (18-24 km/l),Automatic,Diesel,First Owner,Yes,No,Yes
Volkswagen,Taigun,2021,20k-50k,1500-2000cc,Average (12-18 km/l),Manual,Petrol,First Owner,Yes,Yes,Yes
Maruti Suzuki,Swift,2018,20k-50k,1000-1500cc,Excellent (24+ km/l),Manual,Electric,First Owner,Yes,Yes,Yes
Mahindra,Thar,2014,20k-50k,1500-2000cc,Good (18-24 km/l),Manual,Petrol,Third Owner,Yes,No,Yes
Maruti Suzuki,Baleno,2021,50k-80k,<1000cc,Good (18-24 km/l),Manual,Petrol,First Owner,Yes,No,Yes
Hyundai,Creta,2023,0-20k,1000-1500cc,Excellent (24+ km/l),Manual,Hybrid,First Owner,Yes,No,Yes
Mercedes-Benz,C-Class,2019,50k-80k,1500-2000cc,Good (18-24 km/l),Automatic,Petrol,Third Owner,Yes,Yes,No
Maruti Suzuki,Dzire,2022,20k-50k,1500-2000cc,Good (18-24 km/l),Manual,Petrol,First Owner,Yes,Yes,Yes
Mahindra,Bolero,2019,20k-50k,1000-1500cc,Average (12-18 km/l),Automatic,Petrol,First Owner,Yes,No,Yes
Toyota,Glanza,2019,20k-50k,2000cc+,Good (18-24 km/l),Manual,Diesel,First Owner,Yes,No,Yes
Ford,EcoSport,2018,20k-50k,1000-1500cc,Good (18-24 km/l),Manual,Petrol,Second Owner,Yes,No,Yes
Honda,WR-V,2019,20k-50k,1000-1500cc,Good (18-24 km/l),Manual,Petrol,Third Owner,Yes,No,Yes
Maruti Suzuki,WagonR,2018,50k-80k,1000-1500cc,Good (18-24 km/l),Automatic,CNG,First Owner,Yes,No,Yes
Tata,Tiago,2022,0-20k,1000-1500cc,Good (18-24 km/l),Manual,Petrol,First Owner,Yes,No,Yes
Mahindra,XUV300,2023,0-20k,1000-1500cc,Good (18-24 km/l),Automatic,Diesel,First Owner,Yes,No,Yes
Maruti Suzuki,WagonR,2023,0-20k,1000-1500cc,Average (12-18 km/l),Manual,Petrol,First Owner,Yes,No,Yes
Tata,Punch,2015,80k-120k,1500-2000cc,Average (12-18 km/l),Manual,Petrol,First Owner,No,Yes,No
Maruti Suzuki,Dzire,2023,0-20k,1500-2000cc,Good (18-24 km/l),Manual,Diesel,First Owner,Yes,No,Yes
Maruti Suzuki,WagonR,2017,80k-120k,<1000cc,Good (18-24 km/l),Manual,Petrol,First Owner,No,No,Yes
Tata,Tiago,2017,0-20k,1000-1500cc,Good (18-24 km/l),Manual,Petrol,First Owner,No,No,Yes
Maruti Suzuki,Ertiga,2022,0-20k,1000-1500cc,Excellent (24+ km/l),Manual,Diesel,First Owner,Yes,No,Yes
Honda,WR-V,2017,50k-80k,<1000cc,Average (12-18 km/l),Manual,Petrol,Second Owner,Yes,Yes,Yes
Ford,Endeavour,2009,120k+,1000-1500cc,Good (18-24 km/l),Manual,Diesel,Fourth & Above,Yes,No,No
Renault,Triber,2018,80k-120k,<1000cc,Good (18-24 km/l),Manual,Petrol,First Owner,Yes,Yes,Yes
Hyundai,Venue,2022,0-20k,1000-1500cc,Good (18-24 km/l),Manual,Diesel,First Owner,Yes,No,Yes
Maruti Suzuki,Alto,2017,0-20k,1000-1500cc,Good (18-24 km/l),Manual,Petrol,First Owner,Yes,No,Yes
Maruti Suzuki,Swift,2021,20k-50k,1000-1500cc,Good (18-24 km/l),Automatic,Diesel,First Owner,Yes,No,Yes
Toyota,Fortuner,2021,0-20k,1500-2000cc,Excellent (24+ km/l),Manual,Diesel,First Owner,Yes,No,Yes
Ford,EcoSport,2022,0-20k,1000-1500cc,Good (18-24 km/l),Automatic,Diesel,First Owner,Yes,No,Yes
Maruti Suzuki,Ertiga,2023,0-20k,1000-1500cc,Good (18-24 km/l),Manual,Petrol,First Owner,Yes,No,Yes
BMW,5 Series,2019,0-20k,2000cc+,Good (18-24 km/l),Manual,Petrol,Second Owner,No,No,Yes
Maruti Suzuki,Dzire,2013,20k-50k,<1000cc,Good (18-24 km/l),Manual,Diesel,Second Owner,No,Yes,Yes
Honda,City,2017,20k-50k,1000-1500cc,Excellent (24+ km/l),Manual,CNG,Second Owner,Yes,No,Yes
Ford,Figo,2019,50k-80k,1500-2000cc,Average (12-18 km/l),Manual,Petrol,First Owner,Yes,Yes,Yes
Kia,Sonet,2021,20k-50k,1000-1500cc,Excellent (24+ km/l),Manual,Diesel,First Owner,Yes,Yes,Yes
Ford,Figo,2006,0-20k,1000-1500cc,Good (18-24 km/l),Automatic,Petrol,Second Owner,No,No,No
Renault,Triber,2017,20k-50k,1500-2000cc,Good (18-24 km/l),Manual,Petrol,First Owner,Yes,Yes,Yes
Tata,Tiago,2022,0-20k,1500-2000cc,Good (18-24 km/l),Manual,CNG,First Owner,Yes,No,Yes
Renault,Kwid,2021,0-20k,1000-1500cc,Excellent (24+ km/l),Automatic,Electric,First Owner,Yes,No,Yes
Maruti Suzuki,Swift,2022,20k-50k,1500-2000cc,Average (12-18 km/l),Manual,Petrol,Second Owner,Yes,Yes,No
Kia,Seltos,2022,0-20k,1000-1500cc,Good (18-24 km/l),Manual,Petrol,First Owner,Yes,No,Yes
Honda,Amaze,2022,20k-50k,1000-1500cc,Good (18-24 km/l),Automatic,Petrol,Second Owner,Yes,No,Yes
Renault,Duster,2021,0-20k,1000-1500cc,Good (18-24 km/l),Manual,Petrol,First Owner,Yes,No,Yes
Mahindra,Bolero,2019,20k-50k,2000cc+,Average (12-18 km/l),Manual,Petrol,First Owner,No,No,Yes
Toyota,Glanza,2023,0-20k,1500-2000cc,Good (18-24 km/l),Manual,Petrol,First Owner,Yes,No,Yes
Mahindra,XUV500,2020,0-20k,1000-1500cc,Good (18-24 km/l),Manual,Petrol,First Owner,Yes,No,Yes
Volkswagen,Taigun,2014,20k-50k,1000-1500cc,Good (18-24 km/l),Automatic,Petrol,First Owner,Yes,No,Yes
Maruti Suzuki,Swift,2016,20k-50k,1000-1500cc,Excellent (24+ km/l),Manual,CNG,First Owner,Yes,No,Yes
Maruti Suzuki,Baleno,2021,0-20k,1000-1500cc,Average (12-18 km/l),Manual,Petrol,First Owner,Yes,Yes,Yes
Hyundai,i10,2023,0-20k,1000-1500cc,Average (12-18 km/l),Automatic,Petrol,First Owner,Yes,No,Yes
Maruti Suzuki,Alto,2014,50k-80k,1000-1500cc,Good (18-24 km/l),Manual,Diesel,Third Owner,No,No,No
Kia,Sonet,2010,80k-120k,1000-1500cc,Excellent (24+ km/l),Manual,Electric,Third Owner,No,Yes,No
Hyundai,i10,2023,0-20k,1500-2000cc,Average (12-18 km/l),Automatic,Petrol,First Owner,Yes,Yes,Yes
Mercedes-Benz,C-Class,2023,0-20k,2000cc+,Good (18-24 km/l),Automatic,Diesel,First Owner,Yes,No,Yes
Tata,Nexon,2016,80k-120k,1500-2000cc,Good (18-24 km/l),Manual,CNG,Third Owner,Yes,Yes,No
Hyundai,i10,2018,20k-50k,1000-1500cc,Good (18-24 km/l),Automatic,Petrol,First Owner,No,Yes,Yes
Renault,Triber,2021,0-20k,1000-1500cc,Good (18-24 km/l),Automatic,Diesel,First Owner,Yes,No,Yes
Toyota,Yaris,2017,20k-50k,1000-1500cc,Good (18-24 km/l),Manual,Petrol,First Owner,No,Yes,Yes
Mahindra,XUV300,2023,0-20k,1500-2000cc,Excellent (24+ km/l),Manual,Electric,First Owner,No,No,Yes
Honda,City,2011,50k-80k,<1000cc,Excellent (24+ km/l),Manual,Petrol,Fourth & Above,Yes,No,No
Ford,EcoSport,2008,50k-80k,1000-1500cc,Excellent (24+ km/l),Manual,CNG,First Owner,No,No,No
Hyundai,Venue,2015,80k-120k,1500-2000cc,Good (18-24 km/l),Manual,Petrol,Second Owner,Yes,Yes,No
Mercedes-Benz,C-Class,2016,20k-50k,1500-2000cc,Good (18-24 km/l),Automatic,Diesel,First Owner,Yes,Yes,Yes
Audi,A4,2012,50k-80k,2000cc+,Average (12-18 km/l),Manual,Petrol,Third Owner,No,Yes,No
Toyota,Innova,2010,80k-120k,2000cc+,Excellent (24+ km/l),Automatic,CNG,Third Owner,Yes,No,No
Hyundai,i10,2022,20k-50k,1000-1500cc,Good (18-24 km/l),Automatic,Diesel,First Owner,Yes,No,Yes
Ford,EcoSport,2013,0-20k,1000-1500cc,Good (18-24 km/l),Manual,Petrol,Third Owner,Yes,Yes,No
Maruti Suzuki,Ertiga,2023,20k-50k,1000-1500cc,Good (18-24 km/l),Manual,Petrol,First Owner,Yes,No,Yes
Maruti Suzuki,Baleno,2018,50k-80k,<1000cc,Excellent (24+ km/l),Manual,Diesel,First Owner,No,No,Yes
Hyundai,Venue,2021,0-20k,1000-1500cc,Good (18-24 km/l),Manual,Petrol,First Owner,Yes,No,Yes
Mahindra,Thar,2015,20k-50k,2000cc+,Good (18-24 km/l),Automatic,Diesel,Third Owner,No,Yes,No
Skoda,Octavia,2015,20k-50k,1000-1500cc,Average (12-18 km/l),Automatic,Petrol,First Owner,No,Yes,No
Ford,Figo,2020,0-20k,1000-1500cc,Good (18-24 km/l),Manual,Diesel,Third Owner,No,No,Yes
Volkswagen,Taigun,2020,80k-120k,1000-1500cc,Good (18-24 km/l),Automatic,Petrol,First Owner,Yes,Yes,No
Tata,Tiago,2022,20k-50k,1000-1500cc,Good (18-24 km/l),Manual,Petrol,First Owner,Yes,No,Yes
Tata,Punch,2022,0-20k,1000-1500cc,Excellent (24+ km/l),Manual,Petrol,First Owner,No,No,Yes
Tata,Tiago,2021,0-20k,1500-2000cc,Good (18-24 km/l),Manual,Diesel,Second Owner,Yes,No,Yes
Mercedes-Benz,GLA,2019,50k-80k,2000cc+,Average (12-18 km/l),Automatic,Petrol,First Owner,No,Yes,No
Maruti Suzuki,Baleno,2023,0-20k,1500-2000cc,Good (18-24 km/l),Manual,Petrol,Second Owner,Yes,No,Yes
Skoda,Octavia,2021,0-20k,<1000cc,Excellent (24+ km/l),Automatic,Petrol,First Owner,Yes,No,Yes
Honda,Amaze,2023,0-20k,1000-1500cc,Excellent (24+ km/l),Automatic,CNG,First Owner,Yes,No,Yes
Mahindra,Scorpio,2022,0-20k,1500-2000cc,Good (18-24 km/l),Manual,Diesel,First Owner,Yes,No,Yes
Ford,Endeavour,2008,120k+,1000-1500cc,Good (18-24 km/l),Manual,Petrol,Fourth & Above,No,No,No
Mahindra,Thar,2017,80k-120k,2000cc+,Excellent (24+ km/l),Manual,Electric,Second Owner,No,Yes,No
Kia,Seltos,2020,20k-50k,1000-1500cc,Good (18-24 km/l),Manual,Diesel,First Owner,Yes,No,Yes
Kia,Seltos,2022,20k-50k,1000-1500cc,Excellent (24+ km/l),Automatic,CNG,First Owner,Yes,No,Yes
Tata,Punch,2020,20k-50k,2000cc+,Average (12-18 km/l),Automatic,Diesel,First Owner,No,No,No
Hyundai,Venue,2022,0-20k,1000-1500cc,Good (18-24 km/l),Automatic,Petrol,First Owner,Yes,No,Yes
Honda,Jazz,2016,50k-80k,1000-1500cc,Excellent (24+ km/l),Manual,Diesel,Second Owner,Yes,No,Yes
BMW,5 Series,2014,80k-120k,2000cc+,Average (12-18 km/l),Automatic,Petrol,Third Owner,No,No,No
Hyundai,i20,2009,120k+,1000-1500cc,Good (18-24 km/l),Manual,Petrol,Second Owner,No,No,No
Toyota,Fortuner,2020,20k-50k,1500-2000cc,Average (12-18 km/l),Manual,Petrol,First Owner,No,Yes,No
Toyota,Glanza,2021,20k-50k,1500-2000cc,Good (18-24 km/l),Automatic,Petrol,First Owner,Yes,No,Yes
Volkswagen,Taigun,2017,120k+,<1000cc,Good (18-24 km/l),Manual,Petrol,Fourth & Above,Yes,No,No
Maruti Suzuki,Alto,2021,20k-50k,1000-1500cc,Good (18-24 km/l),Manual,Petrol,First Owner,Yes,Yes,Yes
Ford,EcoSport,2009,80k-120k,1000-1500cc,Good (18-24 km/l),Automatic,Diesel,Fourth & Above,No,Yes,No
Kia,Carens,2011,20k-50k,<1000cc,Good (18-24 km/l),Manual,Petrol,Second Owner,Yes,No,Yes
Maruti Suzuki,WagonR,2021,0-20k,1000-1500cc,Good (18-24 km/l),Manual,Petrol,First Owner,Yes,No,Yes
Hyundai,Venue,2018,20k-50k,1000-1500cc,Good (18-24 km/l),Manual,Diesel,Second Owner,No,Yes,No
Audi,Q3,2021,0-20k,2000cc+,Average (12-18 km/l),Automatic,Petrol,First Owner,No,Yes,Yes
Hyundai,Verna,2022,20k-50k,1000-1500cc,Excellent (24+ km/l),Automatic,CNG,First Owner,No,No,Yes
Skoda,Kushaq,2023,0-20k,1000-1500cc,Average (12-18 km/l),Manual,Petrol,First Owner,Yes,No,Yes
Mahindra,Scorpio,2014,80k-120k,2000cc+,Average (12-18 km/l),Manual,Diesel,First Owner,Yes,Yes,No
Hyundai,Verna,2019,20k-50k,1000-1500cc,Good (18-24 km/l),Manual,Petrol,First Owner,No,No,Yes
Kia,Sonet,2022,0-20k,1000-1500cc,Good (18-24 km/l),Manual,Petrol,First Owner,Yes,No,Yes
Mahindra,Thar,2022,0-20k,1500-2000cc,Excellent (24+ km/l),Automatic,CNG,Second Owner,Yes,No,Yes
Mahindra,Scorpio,2022,0-20k,1000-1500cc,Good (18-24 km/l),Manual,CNG,First Owner,Yes,No,Yes
Tata,Tiago,2015,50k-80k,1500-2000cc,Good (18-24 km/l),Manual,Diesel,Second Owner,Yes,No,Yes
Honda,WR-V,2014,50k-80k,<1000cc,Excellent (24+ km/l),Manual,Diesel,Third Owner,No,No,Yes
Maruti Suzuki,Dzire,2020,20k-50k,1000-1500cc,Good (18-24 km/l),Manual,Petrol,Second Owner,Yes,Yes,Yes
Tata,Punch,2022,0-20k,1000-1500cc,Good (18-24 km/l),Automatic,Diesel,First Owner,Yes,No,Yes
Audi,A4,2017,80k-120k,2000cc+,Average (12-18 km/l),Manual,Petrol,Second Owner,No,No,Yes
Hyundai,i20,2011,120k+,1000-1500cc,Good (18-24 km/l),Manual,Petrol,Third Owner,Yes,No,No
Toyota,Glanza,2021,0-20k,2000cc+,Good (18-24 km/l),Manual,Diesel,First Owner,Yes,No,Yes
Tata,Punch,2016,20k-50k,1000-1500cc,Good (18-24 km/l),Manual,Petrol,Second Owner,Yes,No,Yes
Volkswagen,Taigun,2013,120k+,1000-1500cc,Excellent (24+ km/l),Manual,Diesel,Second Owner,No,Yes,No
Maruti Suzuki,Swift,2013,80k-120k,1500-2000cc,Good (18-24 km/l),Automatic,Petrol,Second Owner,No,Yes,No
Audi,Q3,2017,20k-50k,2000cc+,Good (18-24 km/l),Manual,Diesel,First Owner,Yes,No,Yes
Mahindra,Bolero,2020,0-20k,1500-2000cc,Good (18-24 km/l),Manual,Petrol,Second Owner,No,No,Yes
Hyundai,Venue,2017,0-20k,1000-1500cc,Excellent (24+ km/l),Manual,Diesel,First Owner,Yes,No,Yes
Maruti Suzuki,Baleno,2007,20k-50k,1000-1500cc,Good (18-24 km/l),Manual,Petrol,Fourth & Above,No,No,No
Maruti Suzuki,WagonR,2011,80k-120k,1500-2000cc,Good (18-24 km/l),Manual,Petrol,Second Owner,Yes,Yes,No
Mahindra,Bolero,2016,50k-80k,1000-1500cc,Good (18-24 km/l),Automatic,Petrol,Third Owner,Yes,Yes,No
Tata,Punch,2021,0-20k,2000cc+,Good (18-24 km/l),Manual,Petrol,First Owner,Yes,No,Yes
Renault,Triber,2011,80k-120k,1000-1500cc,Good (18-24 km/l),Manual,Petrol,Fourth & Above,Yes,No,No
Mahindra,Bolero,2020,20k-50k,1500-2000cc,Good (18-24 km/l),Automatic,Petrol,First Owner,Yes,Yes,Yes
Hyundai,Venue,2012,80k-120k,1000-1500cc,Good (18-24 km/l),Automatic,Petrol,First Owner,No,Yes,No
Toyota,Glanza,2015,20k-50k,1500-2000cc,Good (18-24 km/l),Manual,Petrol,Third Owner,Yes,Yes,Yes
Ford,Figo,2014,20k-50k,1000-1500cc,Excellent (24+ km/l),Manual,CNG,First Owner,Yes,No,Yes
Maruti Suzuki,Alto,2010,20k-50k,1000-1500cc,Good (18-24 km/l),Manual,Petrol,First Owner,No,Yes,No
Maruti Suzuki,Swift,2021,20k-50k,1000-1500cc,Good (18-24 km/l),Manual,Diesel,First Owner,No,No,Yes
Maruti Suzuki,Alto,2019,80k-120k,1000-1500cc,Good (18-24 km/l),Manual,Diesel,First Owner,Yes,Yes,No
Volkswagen,Polo,2022,0-20k,1000-1500cc,Excellent (24+ km/l),Manual,Diesel,First Owner,No,No,Yes
Toyota,Glanza,2011,120k+,1000-1500cc,Good (18-24 km/l),Manual,Petrol,Fourth & Above,No,Yes,No
Mahindra,Bolero,2013,120k+,2000cc+,Average (12-18 km/l),Manual,Petrol,First Owner,Yes,Yes,No
Skoda,Rapid,2017,80k-120k,1000-1500cc,Good (18-24 km/l),Manual,Diesel,Third Owner,Yes,Yes,No
Renault,Triber,2022,0-20k,1500-2000cc,Good (18-24 km/l),Automatic,Petrol,First Owner,Yes,No,Yes
Honda,City,2017,120k+,1000-1500cc,Good (18-24 km/l),Manual,Petrol,First Owner,Yes,No,Yes
Skoda,Octavia,2018,80k-120k,1000-1500cc,Good (18-24 km/l),Manual,Diesel,First Owner,No,No,Yes
Hyundai,Creta,2017,0-20k,1000-1500cc,Good (18-24 km/l),Manual,Petrol,Second Owner,Yes,No,Yes
Maruti Suzuki,Ertiga,2010,50k-80k,1500-2000cc,Good (18-24 km/l),Automatic,Diesel,Third Owner,Yes,Yes,No
Hyundai,Creta,2023,0-20k,1000-1500cc,Good (18-24 km/l),Automatic,Diesel,Second Owner,Yes,No,Yes
Maruti Suzuki,Alto,2020,20k-50k,1000-1500cc,Good (18-24 km/l),Automatic,Petrol,Second Owner,Yes,No,Yes
Honda,Amaze,2022,0-20k,<1000cc,Good (18-24 km/l),Manual,Diesel,First Owner,Yes,No,Yes
BMW,5 Series,2021,20k-50k,2000cc+,Average (12-18 km/l),Automatic,Petrol,First Owner,Yes,No,Yes
Maruti Suzuki,Dzire,2020,0-20k,1000-1500cc,Good (18-24 km/l),Automatic,Diesel,Second Owner,Yes,No,Yes
Maruti Suzuki,WagonR,2011,80k-120k,<1000cc,Excellent (24+ km/l),Manual,CNG,Third Owner,No,No,No
Mahindra,XUV300,2021,20k-50k,1500-2000cc,Good (18-24 km/l),Manual,Petrol,First Owner,Yes,No,Yes
BMW,5 Series,2013,80k-120k,2000cc+,Good (18-24 km/l),Manual,Diesel,Third Owner,No,Yes,No
Hyundai,Venue,2018,0-20k,1000-1500cc,Good (18-24 km/l),Automatic,Diesel,Fourth & Above,Yes,No,No
Mahindra,Scorpio,2021,20k-50k,1000-1500cc,Good (18-24 km/l),Manual,Petrol,First Owner,Yes,No,Yes
Maruti Suzuki,Baleno,2022,20k-50k,1000-1500cc,Good (18-24 km/l),Manual,Diesel,First Owner,Yes,No,Yes
Maruti Suzuki,Ertiga,2021,20k-50k,1000-1500cc,Good (18-24 km/l),Manual,Petrol,Second Owner,Yes,No,Yes
Mercedes-Benz,GLA,2021,0-20k,2000cc+,Excellent (24+ km/l),Manual,Diesel,First Owner,Yes,No,Yes
Audi,A4,2013,120k+,2000cc+,Good (18-24 km/l),Manual,Petrol,Second Owner,Yes,Yes,No
Maruti Suzuki,Alto,2017,20k-50k,1500-2000cc,Average (12-18 km/l),Manual,Petrol,Second Owner,Yes,No,Yes
Audi,Q3,2008,0-20k,1500-2000cc,Good (18-24 km/l),Manual,Diesel,Fourth & Above,No,No,No
Toyota,Fortuner,2022,20k-50k,2000cc+,Average (12-18 km/l),Automatic,Petrol,Second Owner,No,No,Yes
Skoda,Kushaq,2023,0-20k,1000-1500cc,Good (18-24 km/l),Manual,Petrol,First Owner,Yes,No,Yes
Mahindra,XUV500,2016,20k-50k,2000cc+,Excellent (24+ km/l),Manual,Electric,Third Owner,Yes,No,Yes
Mahindra,Bolero,2011,50k-80k,2000cc+,Average (12-18 km/l),Manual,Petrol,Third Owner,No,Yes,No
Mahindra,Bolero,2019,20k-50k,2000cc+,Good (18-24 km/l),Manual,Diesel,First Owner,Yes,No,Yes
Toyota,Innova,2023,0-20k,2000cc+,Average (12-18 km/l),Manual,Diesel,First Owner,No,No,Yes
Maruti Suzuki,Alto,2020,20k-50k,1500-2000cc,Good (18-24 km/l),Manual,Petrol,Second Owner,Yes,No,Yes
Maruti Suzuki,Baleno,2008,120k+,1500-2000cc,Good (18-24 km/l),Automatic,Diesel,Third Owner,No,No,No
Hyundai,Creta,2023,0-20k,1000-1500cc,Excellent (24+ km/l),Manual,Petrol,First Owner,No,No,Yes
Ford,Figo,2022,0-20k,1000-1500cc,Good (18-24 km/l),Manual,Petrol,First Owner,Yes,No,Yes
Hyundai,Venue,2012,120k+,1000-1500cc,Good (18-24 km/l),Manual,Petrol,Second Owner,Yes,No,No
Toyota,Yaris,2023,0-20k,1500-2000cc,Average (12-18 km/l),Manual,Petrol,First Owner,Yes,Yes,Yes
Audi,Q3,2019,80k-120k,2000cc+,Good (18-24 km/l),Manual,Petrol,Third Owner,Yes,Yes,No
Maruti Suzuki,Alto,2018,20k-50k,1000-1500cc,Good (18-24 km/l),Manual,Petrol,First Owner,No,No,Yes
Toyota,Fortuner,2019,80k-120k,2000cc+,Good (18-24 km/l),Manual,Petrol,Second Owner,No,Yes,No
Mahindra,Scorpio,2022,0-20k,1500-2000cc,Average (12-18 km/l),Automatic,Petrol,First Owner,Yes,No,Yes
Skoda,Octavia,2021,20k-50k,1000-1500cc,Excellent (24+ km/l),Manual,CNG,First Owner,Yes,No,Yes
Maruti Suzuki,Ertiga,2009,50k-80k,1500-2000cc,Good (18-24 km/l),Manual,Diesel,First Owner,No,Yes,No
Ford,EcoSport,2023,0-20k,<1000cc,Excellent (24+ km/l),Manual,CNG,First Owner,Yes,No,Yes
Skoda,Rapid,2013,50k-80k,1000-1500cc,Excellent (24+ km/l),Manual,CNG,Second Owner,No,Yes,No
BMW,3 Series,2022,0-20k,1500-2000cc,Average (12-18 km/l),Automatic,Petrol,First Owner,Yes,No,Yes
Ford,Figo,2021,50k-80k,<1000cc,Good (18-24 km/l),Automatic,Petrol,First Owner,Yes,No,Yes
Mahindra,Thar,2014,50k-80k,1000-1500cc,Good (18-24 km/l),Manual,Petrol,Second Owner,Yes,No,Yes
Toyota,Glanza,2014,50k-80k,1500-2000cc,Good (18-24 km/l),Manual,Diesel,Fourth & Above,Yes,Yes,No
Skoda,Kushaq,2023,0-20k,1000-1500cc,Good (18-24 km/l),Automatic,Petrol,First Owner,Yes,No,Yes
Honda,Amaze,2018,0-20k,1000-1500cc,Good (18-24 km/l),Manual,Petrol,Second Owner,Yes,No,Yes
Maruti Suzuki,Swift,2021,20k-50k,1000-1500cc,Good (18-24 km/l),Manual,Petrol,First Owner,No,No,Yes
BMW,3 Series,2019,50k-80k,2000cc+,Average (12-18 km/l),Automatic,Diesel,First Owner,Yes,Yes,Yes
Ford,EcoSport,2022,20k-50k,1000-1500cc,Good (18-24 km/l),Manual,Petrol,First Owner,Yes,Yes,Yes
Toyota,Fortuner,2019,50k-80k,1000-1500cc,Good (18-24 km/l),Manual,Diesel,First Owner,Yes,No,Yes
Hyundai,Verna,2016,0-20k,1000-1500cc,Good (18-24 km/l),Manual,Diesel,First Owner,No,No,Yes
Toyota,Glanza,2018,20k-50k,2000cc+,Good (18-24 km/l),Manual,Petrol,First Owner,No,No,Yes
Tata,Altroz,2023,0-20k,1500-2000cc,Good (18-24 km/l),Automatic,Petrol,First Owner,Yes,No,Yes
Toyota,Yaris,2019,20k-50k,1000-1500cc,Good (18-24 km/l),Manual,Petrol,Second Owner,Yes,No,Yes
Maruti Suzuki,Swift,2015,80k-120k,1000-1500cc,Good (18-24 km/l),Manual,Petrol,Second Owner,Yes,Yes,No
Toyota,Glanza,2023,0-20k,2000cc+,Average (12-18 km/l),Automatic,Diesel,First Owner,Yes,No,Yes
Mercedes-Benz,GLA,2022,20k-50k,2000cc+,Average (12-18 km/l),Automatic,Petrol,First Owner,Yes,Yes,Yes
Maruti Suzuki,Swift,2009,50k-80k,1000-1500cc,Good (18-24 km/l),Manual,CNG,Second Owner,No,Yes,No
Mercedes-Benz,C-Class,2023,0-20k,2000cc+,Good (18-24 km/l),Automatic,Petrol,First Owner,No,No,Yes
Tata,Altroz,2021,0-20k,2000cc+,Good (18-24 km/l),Automatic,Diesel,Fourth & Above,Yes,No,Yes
Kia,Carens,2013,80k-120k,1500-2000cc,Average (12-18 km/l),Automatic,Diesel,Second Owner,No,Yes,No
Renault,Kwid,2015,120k+,1000-1500cc,Good (18-24 km/l),Manual,Diesel,First Owner,Yes,Yes,No
Honda,Jazz,2021,20k-50k,1000-1500cc,Good (18-24 km/l),Automatic,Petrol,First Owner,Yes,No,Yes
Volkswagen,Taigun,2022,20k-50k,1500-2000cc,Good (18-24 km/l),Manual,Petrol,First Owner,Yes,No,Yes
Kia,Sonet,2015,120k+,1000-1500cc,Good (18-24 km/l),Manual,Petrol,Second Owner,No,Yes,No
Tata,Altroz,2016,80k-120k,1000-1500cc,Good (18-24 km/l),Manual,Petrol,Third Owner,Yes,Yes,No
Tata,Altroz,2017,20k-50k,1500-2000cc,Good (18-24 km/l),Manual,Petrol,Second Owner,Yes,No,Yes
Toyota,Innova,2020,20k-50k,2000cc+,Good (18-24 km/l),Manual,Petrol,First Owner,Yes,No,Yes
Renault,Kwid,2014,20k-50k,1500-2000cc,Good (18-24 km/l),Manual,Petrol,Third Owner,No,No,No
Volkswagen,Vento,2011,0-20k,1000-1500cc,Good (18-24 km/l),Manual,Diesel,Second Owner,No,No,Yes
Renault,Triber,2021,20k-50k,<1000cc,Excellent (24+ km/l),Automatic,Electric,First Owner,Yes,Yes,Yes
Mahindra,Bolero,2022,0-20k,1000-1500cc,Good (18-24 km/l),Automatic,Diesel,First Owner,Yes,No,Yes
Renault,Triber,2019,80k-120k,1000-1500cc,Good (18-24 km/l),Manual,Petrol,First Owner,No,Yes,No
Maruti Suzuki,Baleno,2018,50k-80k,<1000cc,Good (18-24 km/l),Manual,Diesel,Second Owner,Yes,Yes,Yes
Honda,Jazz,2019,50k-80k,1000-1500cc,Average (12-18 km/l),Manual,Petrol,Second Owner,Yes,No,Yes
Maruti Suzuki,WagonR,2018,20k-50k,1000-1500cc,Good (18-24 km/l),Manual,Diesel,Third Owner,Yes,No,Yes
Tata,Altroz,2023,0-20k,1500-2000cc,Good (18-24 km/l),Manual,Petrol,First Owner,Yes,No,Yes
Tata,Punch,2022,0-20k,2000cc+,Average (12-18 km/l),Automatic,Petrol,First Owner,Yes,No,Yes
Tata,Nexon,2015,50k-80k,2000cc+,Average (12-18 km/l),Manual,Petrol,Second Owner,No,Yes,No
Ford,Endeavour,2018,20k-50k,1000-1500cc,Average (12-18 km/l),Automatic,Petrol,First Owner,Yes,No,Yes
Tata,Tiago,2020,50k-80k,1000-1500cc,Good (18-24 km/l),Manual,Diesel,Third Owner,Yes,No,Yes
Mahindra,Scorpio,2021,0-20k,1500-2000cc,Good (18-24 km/l),Manual,Petrol,First Owner,Yes,No,Yes
Hyundai,Verna,2019,0-20k,1000-1500cc,Good (18-24 km/l),Manual,Petrol,Second Owner,Yes,No,Yes
Tata,Punch,2022,0-20k,2000cc+,Average (12-18 km/l),Automatic,Petrol,First Owner,Yes,No,Yes
Hyundai,i20,2022,0-20k,1000-1500cc,Good (18-24 km/l),Manual,Diesel,Second Owner,Yes,No,Yes
Maruti Suzuki,Baleno,2019,20k-50k,1000-1500cc,Good (18-24 km/l),Manual,Petrol,First Owner,Yes,No,Yes
Honda,City,2023,20k-50k,<1000cc,Excellent (24+ km/l),Manual,CNG,First Owner,Yes,No,Yes
Toyota,Glanza,2022,50k-80k,1000-1500cc,Good (18-24 km/l),Manual,Diesel,First Owner,Yes,Yes,Yes
Toyota,Fortuner,2022,50k-80k,2000cc+,Good (18-24 km/l),Automatic,Diesel,First Owner,Yes,Yes,Yes
Mahindra,Thar,2023,0-20k,1000-1500cc,Good (18-24 km/l),Automatic,Petrol,First Owner,No,Yes,Yes
Tata,Harrier,2016,20k-50k,2000cc+,Good (18-24 km/l),Manual,Petrol,Second Owner,No,No,Yes
Skoda,Octavia,2016,20k-50k,1000-1500cc,Good (18-24 km/l),Manual,Petrol,Third Owner,Yes,Yes,No
Mahindra,XUV300,2023,0-20k,2000cc+,Average (12-18 km/l),Automatic,Petrol,First Owner,Yes,No,Yes
Mahindra,Scorpio,2022,0-20k,2000cc+,Good (18-24 km/l),Automatic,CNG,First Owner,Yes,No,Yes
Maruti Suzuki,Alto,2023,0-20k,1000-1500cc,Good (18-24 km/l),Automatic,Diesel,Second Owner,No,No,Yes
Tata,Tiago,2009,120k+,1000-1500cc,Excellent (24+ km/l),Manual,Petrol,Fourth & Above,No,No,No
Tata,Nexon,2021,0-20k,2000cc+,Average (12-18 km/l),Automatic,Diesel,First Owner,Yes,No,Yes
Tata,Tiago,2013,120k+,1500-2000cc,Good (18-24 km/l),Manual,Petrol,Third Owner,Yes,No,No
Honda,Jazz,2019,0-20k,1000-1500cc,Good (18-24 km/l),Manual,Petrol,Third Owner,Yes,No,Yes
Honda,City,2013,120k+,1000-1500cc,Good (18-24 km/l),Manual,Petrol,Second Owner,No,No,No
Honda,City,2012,20k-50k,1000-1500cc,Average (12-18 km/l),Automatic,Petrol,Third Owner,No,Yes,No
Volkswagen,Vento,2006,50k-80k,1000-1500cc,Good (18-24 km/l),Automatic,Diesel,Second Owner,No,Yes,No
Renault,Kwid,2021,20k-50k,1000-1500cc,Average (12-18 km/l),Automatic,Petrol,First Owner,Yes,No,Yes
Ford,Endeavour,2017,80k-120k,1000-1500cc,Good (18-24 km/l),Manual,Diesel,First Owner,Yes,No,Yes
Audi,A4,2011,80k-120k,1500-2000cc,Good (18-24 km/l),Automatic,Petrol,Fourth & Above,No,Yes,No
Maruti Suzuki,Swift,2017,50k-80k,1000-1500cc,Good (18-24 km/l),Manual,Hybrid,First Owner,Yes,No,Yes
Hyundai,Venue,2014,120k+,1500-2000cc,Excellent (24+ km/l),Automatic,CNG,First Owner,Yes,Yes,No
Maruti Suzuki,Alto,2023,0-20k,1500-2000cc,Average (12-18 km/l),Automatic,Diesel,First Owner,Yes,No,Yes
Toyota,Glanza,2017,80k-120k,1000-1500cc,Good (18-24 km/l),Manual,Diesel,First Owner,Yes,No,Yes
Kia,Seltos,2017,20k-50k,1000-1500cc,Good (18-24 km/l),Manual,Petrol,Third Owner,Yes,No,Yes
Hyundai,Venue,2022,0-20k,1000-1500cc,Good (18-24 km/l),Manual,Petrol,Second Owner,Yes,No,Yes
BMW,3 Series,2021,0-20k,2000cc+,Good (18-24 km/l),Automatic,Petrol,First Owner,Yes,No,Yes
Maruti Suzuki,Baleno,2021,20k-50k,<1000cc,Average (12-18 km/l),Automatic,Petrol,First Owner,Yes,No,Yes
BMW,5 Series,2021,20k-50k,2000cc+,Good (18-24 km/l),Automatic,Diesel,First Owner,Yes,No,Yes
Tata,Harrier,2023,0-20k,2000cc+,Average (12-18 km/l),Manual,Petrol,First Owner,Yes,No,Yes
Maruti Suzuki,Alto,2015,0-20k,1000-1500cc,Good (18-24 km/l),Manual,Diesel,Third Owner,No,No,Yes
Mahindra,Thar,2023,0-20k,1000-1500cc,Good (18-24 km/l),Manual,Diesel,First Owner,Yes,No,Yes
Hyundai,i10,2022,20k-50k,1000-1500cc,Good (18-24 km/l),Manual,Petrol,Second Owner,No,No,Yes
Hyundai,i10,2020,20k-50k,1000-1500cc,Good (18-24 km/l),Manual,Diesel,Second Owner,No,No,Yes
Hyundai,Venue,2021,20k-50k,<1000cc,Good (18-24 km/l),Manual,Petrol,First Owner,Yes,No,Yes
Renault,Duster,2021,0-20k,1000-1500cc,Good (18-24 km/l),Manual,Petrol,First Owner,Yes,No,Yes
Honda,Jazz,2009,20k-50k,1000-1500cc,Good (18-24 km/l),Manual,Petrol,Second Owner,No,No,No
Hyundai,Creta,2015,120k+,1000-1500cc,Good (18-24 km/l),Manual,Petrol,First Owner,No,Yes,No
Toyota,Yaris,2023,0-20k,1500-2000cc,Good (18-24 km/l),Manual,Petrol,First Owner,No,No,Yes
Ford,Endeavour,2020,20k-50k,1000-1500cc,Excellent (24+ km/l),Manual,Diesel,Second Owner,Yes,No,Yes
Hyundai,Verna,2018,120k+,1500-2000cc,Excellent (24+ km/l),Manual,Electric,Third Owner,Yes,Yes,No
Tata,Nexon,2022,0-20k,1500-2000cc,Excellent (24+ km/l),Automatic,CNG,First Owner,Yes,No,Yes
Maruti Suzuki,Baleno,2020,50k-80k,1000-1500cc,Good (18-24 km/l),Manual,Petrol,First Owner,Yes,No,Yes
Hyundai,i20,2006,50k-80k,1500-2000cc,Excellent (24+ km/l),Manual,CNG,Third Owner,No,No,No
Ford,EcoSport,2022,0-20k,1500-2000cc,Excellent (24+ km/l),Automatic,Electric,First Owner,Yes,No,Yes
Hyundai,i10,2022,0-20k,1000-1500cc,Good (18-24 km/l),Manual,Petrol,First Owner,Yes,No,Yes
Mahindra,XUV300,2013,120k+,2000cc+,Good (18-24 km/l),Manual,CNG,Third Owner,No,Yes,No
Ford,EcoSport,2023,0-20k,1000-1500cc,Good (18-24 km/l),Manual,Hybrid,First Owner,Yes,No,Yes
Maruti Suzuki,Ertiga,2015,120k+,1000-1500cc,Average (12-18 km/l),Manual,Diesel,Third Owner,Yes,No,No
Honda,Jazz,2019,50k-80k,1000-1500cc,Average (12-18 km/l),Automatic,Petrol,Third Owner,Yes,No,Yes
Hyundai,i20,2012,20k-50k,1000-1500cc,Excellent (24+ km/l),Manual,Diesel,Second Owner,Yes,No,Yes
Audi,Q3,2020,20k-50k,2000cc+,Average (12-18 km/l),Automatic,Petrol,Second Owner,Yes,No,Yes
Mahindra,XUV300,2018,0-20k,1500-2000cc,Good (18-24 km/l),Manual,Hybrid,First Owner,Yes,No,Yes
Renault,Kwid,2017,80k-120k,1000-1500cc,Good (18-24 km/l),Manual,Petrol,Fourth & Above,No,Yes,No
Honda,WR-V,2022,20k-50k,1000-1500cc,Excellent (24+ km/l),Manual,CNG,Second Owner,Yes,Yes,Yes
Maruti Suzuki,Swift,2006,120k+,1000-1500cc,Good (18-24 km/l),Manual,Petrol,Fourth & Above,Yes,Yes,No
Toyota,Innova,2022,0-20k,2000cc+,Good (18-24 km/l),Manual,Petrol,First Owner,Yes,No,Yes
Audi,Q3,2020,0-20k,1500-2000cc,Good (18-24 km/l),Manual,Petrol,First Owner,Yes,No,Yes
Honda,WR-V,2023,0-20k,1500-2000cc,Excellent (24+ km/l),Automatic,CNG,First Owner,Yes,No,Yes
Renault,Triber,2020,0-20k,1000-1500cc,Good (18-24 km/l),Manual,Petrol,First Owner,Yes,No,Yes
Kia,Sonet,2009,50k-80k,1000-1500cc,Excellent (24+ km/l),Manual,Electric,Second Owner,No,Yes,No
Hyundai,Creta,2009,120k+,1000-1500cc,Excellent (24+ km/l),Manual,CNG,Second Owner,No,Yes,No
Hyundai,i10,2023,0-20k,1000-1500cc,Excellent (24+ km/l),Manual,CNG,First Owner,Yes,Yes,Yes
Toyota,Innova,2022,20k-50k,2000cc+,Good (18-24 km/l),Automatic,Diesel,First Owner,Yes,Yes,Yes
Tata,Harrier,2017,120k+,2000cc+,Excellent (24+ km/l),Manual,Electric,First Owner,No,No,No
Skoda,Octavia,2021,50k-80k,1000-1500cc,Good (18-24 km/l),Automatic,Diesel,First Owner,No,No,Yes
Kia,Seltos,2019,80k-120k,1000-1500cc,Excellent (24+ km/l),Manual,CNG,First Owner,Yes,Yes,No
Tata,Nexon,2023,0-20k,1500-2000cc,Good (18-24 km/l),Manual,Petrol,First Owner,Yes,Yes,Yes
Hyundai,i10,2023,0-20k,1000-1500cc,Good (18-24 km/l),Automatic,Diesel,First Owner,Yes,No,Yes
Renault,Duster,2023,0-20k,1000-1500cc,Excellent (24+ km/l),Manual,CNG,First Owner,Yes,No,Yes
Hyundai,Verna,2023,0-20k,1000-1500cc,Good (18-24 km/l),Manual,Diesel,First Owner,No,No,Yes
Renault,Duster,2023,0-20k,1000-1500cc,Good (18-24 km/l),Manual,Diesel,First Owner,Yes,No,Yes
Tata,Harrier,2015,20k-50k,2000cc+,Average (12-18 km/l),Manual,Hybrid,Third Owner,Yes,Yes,No
Toyota,Glanza,2022,20k-50k,2000cc+,Good (18-24 km/l),Automatic,Diesel,First Owner,Yes,No,Yes
Maruti Suzuki,Baleno,2021,20k-50k,1000-1500cc,Good (18-24 km/l),Manual,Petrol,First Owner,Yes,No,Yes
Toyota,Fortuner,2023,0-20k,2000cc+,Good (18-24 km/l),Manual,Petrol,Second Owner,Yes,No,Yes
Mahindra,XUV500,2020,20k-50k,1000-1500cc,Good (18-24 km/l),Automatic,Petrol,First Owner,Yes,No,Yes
Honda,City,2011,120k+,1000-1500cc,Excellent (24+ km/l),Manual,Diesel,Third Owner,No,Yes,No
Maruti Suzuki,Dzire,2020,50k-80k,1000-1500cc,Average (12-18 km/l),Automatic,Petrol,Second Owner,Yes,Yes,No
Volkswagen,Taigun,2021,0-20k,1000-1500cc,Average (12-18 km/l),Automatic,Petrol,First Owner,Yes,Yes,Yes
Skoda,Octavia,2015,80k-120k,1000-1500cc,Good (18-24 km/l),Manual,Petrol,Second Owner,Yes,No,No
Hyundai,Creta,2018,20k-50k,1000-1500cc,Excellent (24+ km/l),Automatic,CNG,Second Owner,No,No,No
Maruti Suzuki,WagonR,2020,20k-50k,1000-1500cc,Good (18-24 km/l),Automatic,Petrol,Third Owner,Yes,No,Yes
Maruti Suzuki,Swift,2018,80k-120k,1000-1500cc,Good (18-24 km/l),Manual,Petrol,Second Owner,Yes,No,Yes
Toyota,Yaris,2018,0-20k,1500-2000cc,Good (18-24 km/l),Manual,Diesel,First Owner,Yes,No,Yes
Honda,City,2012,20k-50k,1500-2000cc,Good (18-24 km/l),Manual,Petrol,Third Owner,No,No,No
Honda,WR-V,2023,0-20k,1000-1500cc,Good (18-24 km/l),Manual,Petrol,First Owner,Yes,No,Yes
Hyundai,i10,2022,0-20k,1000-1500cc,Average (12-18 km/l),Automatic,Petrol,First Owner,Yes,No,Yes
Tata,Altroz,2005,80k-120k,1500-2000cc,Good (18-24 km/l),Manual,Diesel,Fourth & Above,No,No,No
Honda,Amaze,2022,20k-50k,1000-1500cc,Good (18-24 km/l),Manual,Petrol,First Owner,Yes,No,Yes
Mahindra,Scorpio,2022,0-20k,1000-1500cc,Excellent (24+ km/l),Manual,Electric,First Owner,Yes,Yes,Yes
Mercedes-Benz,GLA,2006,20k-50k,2000cc+,Average (12-18 km/l),Automatic,Petrol,Third Owner,No,No,Yes
Maruti Suzuki,Ertiga,2018,50k-80k,1000-1500cc,Excellent (24+ km/l),Manual,Electric,Third Owner,Yes,No,Yes
Ford,Endeavour,2021,50k-80k,1000-1500cc,Good (18-24 km/l),Automatic,Diesel,First Owner,Yes,No,Yes
Tata,Tiago,2019,120k+,2000cc+,Excellent (24+ km/l),Manual,Diesel,Second Owner,Yes,Yes,No
Tata,Punch,2022,0-20k,1500-2000cc,Average (12-18 km/l),Automatic,Petrol,First Owner,Yes,No,Yes
Ford,Endeavour,2018,20k-50k,1000-1500cc,Good (18-24 km/l),Automatic,Diesel,First Owner,Yes,No,Yes
Ford,EcoSport,2013,20k-50k,1000-1500cc,Good (18-24 km/l),Manual,Diesel,First Owner,No,Yes,No
Mercedes-Benz,C-Class,2023,0-20k,2000cc+,Good (18-24 km/l),Automatic,Diesel,First Owner,Yes,No,Yes
Maruti Suzuki,Ertiga,2015,0-20k,1000-1500cc,Good (18-24 km/l),Automatic,Diesel,Second Owner,No,Yes,No
Maruti Suzuki,Dzire,2021,0-20k,<1000cc,Good (18-24 km/l),Automatic,Petrol,First Owner,Yes,No,Yes
Ford,Endeavour,2013,50k-80k,<1000cc,Good (18-24 km/l),Manual,Petrol,First Owner,No,Yes,No
Honda,Jazz,2017,20k-50k,1000-1500cc,Good (18-24 km/l),Manual,Petrol,Second Owner,Yes,No,Yes
Hyundai,i10,2019,80k-120k,<1000cc,Good (18-24 km/l),Manual,Hybrid,First Owner,Yes,Yes,Yes
Maruti Suzuki,WagonR,2014,50k-80k,1000-1500cc,Excellent (24+ km/l),Manual,Diesel,Fourth & Above,No,Yes,No
Maruti Suzuki,Dzire,2019,80k-120k,1000-1500cc,Good (18-24 km/l),Manual,Petrol,Second Owner,No,No,Yes
Kia,Carens,2013,120k+,1000-1500cc,Excellent (24+ km/l),Manual,Petrol,Second Owner,No,Yes,No
Hyundai,i20,2020,0-20k,1000-1500cc,Good (18-24 km/l),Manual,Diesel,Second Owner,Yes,Yes,Yes
Tata,Harrier,2021,20k-50k,1500-2000cc,Good (18-24 km/l),Manual,Petrol,First Owner,No,No,Yes
Hyundai,i10,2009,80k-120k,1500-2000cc,Good (18-24 km/l),Manual,Diesel,First Owner,Yes,No,Yes
Tata,Harrier,2023,0-20k,2000cc+,Average (12-18 km/l),Manual,Petrol,First Owner,Yes,No,Yes
Maruti Suzuki,WagonR,2014,20k-50k,1000-1500cc,Good (18-24 km/l),Manual,Petrol,First Owner,No,Yes,No
Mahindra,Scorpio,2015,0-20k,1000-1500cc,Good (18-24 km/l),Manual,Diesel,First Owner,Yes,No,Yes
Maruti Suzuki,WagonR,2021,20k-50k,1000-1500cc,Good (18-24 km/l),Automatic,Petrol,First Owner,Yes,No,Yes
Renault,Triber,2019,50k-80k,1000-1500cc,Excellent (24+ km/l),Manual,Petrol,Fourth & Above,Yes,Yes,No
Hyundai,i20,2019,0-20k,1000-1500cc,Good (18-24 km/l),Manual,Diesel,Third Owner,Yes,No,Yes
Honda,City,2012,120k+,1000-1500cc,Good (18-24 km/l),Manual,Petrol,Fourth & Above,No,Yes,No
Kia,Carens,2022,0-20k,<1000cc,Good (18-24 km/l),Manual,Diesel,First Owner,No,No,Yes
Toyota,Innova,2021,0-20k,1500-2000cc,Good (18-24 km/l),Manual,Diesel,First Owner,Yes,No,Yes
Honda,WR-V,2012,20k-50k,1000-1500cc,Good (18-24 km/l),Manual,Petrol,Third Owner,No,No,No
Tata,Harrier,2018,50k-80k,2000cc+,Average (12-18 km/l),Automatic,Petrol,First Owner,No,No,No
Tata,Altroz,2022,0-20k,1500-2000cc,Good (18-24 km/l),Automatic,Diesel,First Owner,Yes,Yes,Yes
Toyota,Glanza,2020,20k-50k,1500-2000cc,Good (18-24 km/l),Manual,Diesel,Second Owner,No,No,Yes
Mercedes-Benz,C-Class,2012,80k-120k,2000cc+,Average (12-18 km/l),Automatic,Diesel,First Owner,No,No,No
Toyota,Yaris,2018,120k+,2000cc+,Good (18-24 km/l),Manual,Petrol,Second Owner,No,Yes,No
Honda,WR-V,2015,20k-50k,1000-1500cc,Good (18-24 km/l),Manual,Diesel,Third Owner,No,No,No
Volkswagen,Vento,2020,50k-80k,1500-2000cc,Good (18-24 km/l),Automatic,Petrol,Second Owner,Yes,No,Yes
Mahindra,XUV300,2022,20k-50k,1000-1500cc,Excellent (24+ km/l),Automatic,CNG,First Owner,Yes,No,Yes
Maruti Suzuki,Ertiga,2019,0-20k,1500-2000cc,Excellent (24+ km/l),Manual,Diesel,First Owner,Yes,No,Yes
Honda,Jazz,2019,20k-50k,1000-1500cc,Good (18-24 km/l),Manual,Diesel,First Owner,Yes,Yes,Yes
Audi,A4,2023,0-20k,2000cc+,Average (12-18 km/l),Automatic,Diesel,First Owner,Yes,No,Yes
Maruti Suzuki,Alto,2020,20k-50k,1000-1500cc,Good (18-24 km/l),Automatic,Petrol,Second Owner,No,No,Yes
Ford,Figo,2020,80k-120k,1000-1500cc,Good (18-24 km/l),Manual,Petrol,Second Owner,Yes,No,Yes
Hyundai,i10,2016,50k-80k,1000-1500cc,Good (18-24 km/l),Manual,Petrol,First Owner,Yes,No,Yes
Honda,WR-V,2021,0-20k,1000-1500cc,Good (18-24 km/l),Automatic,Diesel,First Owner,No,No,Yes
Maruti Suzuki,Ertiga,2020,0-20k,1000-1500cc,Good (18-24 km/l),Manual,Hybrid,Second Owner,Yes,No,Yes
Mahindra,XUV500,2018,20k-50k,2000cc+,Average (12-18 km/l),Manual,Diesel,First Owner,Yes,No,Yes
Volkswagen,Taigun,2023,0-20k,1000-1500cc,Excellent (24+ km/l),Manual,Petrol,First Owner,Yes,No,Yes
Tata,Altroz,2023,0-20k,1500-2000cc,Good (18-24 km/l),Manual,Diesel,First Owner,Yes,No,Yes
Toyota,Glanza,2022,0-20k,1500-2000cc,Average (12-18 km/l),Automatic,Petrol,First Owner,No,No,Yes
Renault,Kwid,2020,50k-80k,<1000cc,Good (18-24 km/l),Manual,Petrol,First Owner,Yes,Yes,No
BMW,X1,2019,50k-80k,1500-2000cc,Good (18-24 km/l),Automatic,Petrol,First Owner,Yes,No,No
Hyundai,Venue,2014,50k-80k,1000-1500cc,Average (12-18 km/l),Manual,Hybrid,Third Owner,Yes,Yes,No
Tata,Altroz,2017,50k-80k,1500-2000cc,Good (18-24 km/l),Manual,Petrol,Second Owner,Yes,No,Yes
Maruti Suzuki,Alto,2022,0-20k,1500-2000cc,Good (18-24 km/l),Manual,Petrol,First Owner,No,No,Yes
Mercedes-Benz,GLA,2019,80k-120k,2000cc+,Good (18-24 km/l),Automatic,Petrol,First Owner,Yes,No,Yes
BMW,5 Series,2023,20k-50k,2000cc+,Average (12-18 km/l),Automatic,Diesel,First Owner,No,No,Yes
Honda,City,2013,50k-80k,1000-1500cc,Good (18-24 km/l),Manual,Petrol,Second Owner,No,Yes,No
Skoda,Kushaq,2019,20k-50k,1500-2000cc,Excellent (24+ km/l),Manual,CNG,Second Owner,No,Yes,No
Mahindra,Scorpio,2021,20k-50k,1000-1500cc,Average (12-18 km/l),Automatic,Petrol,First Owner,Yes,No,Yes
Toyota,Innova,2020,20k-50k,1500-2000cc,Average (12-18 km/l),Automatic,Petrol,First Owner,Yes,No,Yes
Maruti Suzuki,Alto,2023,0-20k,<1000cc,Good (18-24 km/l),Automatic,Diesel,First Owner,Yes,No,Yes
Volkswagen,Taigun,2023,0-20k,1000-1500cc,Good (18-24 km/l),Manual,Petrol,First Owner,Yes,No,Yes
Maruti Suzuki,Dzire,2012,120k+,<1000cc,Excellent (24+ km/l),Manual,Diesel,First Owner,Yes,Yes,No
Renault,Kwid,2012,50k-80k,<1000cc,Good (18-24 km/l),Manual,Diesel,Fourth & Above,Yes,Yes,No
Renault,Kwid,2012,80k-120k,1000-1500cc,Good (18-24 km/l),Manual,Diesel,First Owner,No,Yes,No
Ford,EcoSport,2021,0-20k,1000-1500cc,Excellent (24+ km/l),Manual,CNG,First Owner,No,No,Yes
Maruti Suzuki,Dzire,2018,120k+,<1000cc,Good (18-24 km/l),Manual,Diesel,First Owner,Yes,Yes,No
Hyundai,Verna,2022,0-20k,1000-1500cc,Average (12-18 km/l),Automatic,Diesel,Second Owner,Yes,Yes,Yes
Hyundai,i10,2018,20k-50k,1000-1500cc,Excellent (24+ km/l),Manual,Electric,Third Owner,No,Yes,No
Tata,Harrier,2021,20k-50k,2000cc+,Good (18-24 km/l),Manual,Petrol,First Owner,Yes,No,Yes
Maruti Suzuki,Alto,2022,20k-50k,1000-1500cc,Excellent (24+ km/l),Manual,CNG,First Owner,No,Yes,Yes
BMW,X1,2020,20k-50k,1500-2000cc,Good (18-24 km/l),Automatic,Petrol,First Owner,No,No,Yes
Honda,City,2020,0-20k,1000-1500cc,Good (18-24 km/l),Automatic,Petrol,First Owner,Yes,No,Yes
Hyundai,i10,2011,80k-120k,1000-1500cc,Good (18-24 km/l),Manual,Diesel,First Owner,No,Yes,No
Tata,Altroz,2018,0-20k,2000cc+,Average (12-18 km/l),Manual,Petrol,Second Owner,No,No,Yes
Mahindra,XUV300,2020,50k-80k,2000cc+,Average (12-18 km/l),Manual,Petrol,Third Owner,Yes,No,Yes
Honda,Jazz,2019,20k-50k,1000-1500cc,Good (18-24 km/l),Manual,Petrol,First Owner,No,No,Yes
Mahindra,XUV300,2023,0-20k,2000cc+,Good (18-24 km/l),Manual,Petrol,First Owner,Yes,No,Yes
BMW,5 Series,2023,0-20k,1500-2000cc,Good (18-24 km/l),Automatic,Petrol,Second Owner,Yes,No,Yes
Mahindra,XUV500,2022,20k-50k,1500-2000cc,Good (18-24 km/l),Manual,Petrol,First Owner,Yes,No,Yes
Mercedes-Benz,C-Class,2018,80k-120k,2000cc+,Average (12-18 km/l),Automatic,Diesel,Second Owner,Yes,No,No
Skoda,Octavia,2021,0-20k,1500-2000cc,Good (18-24 km/l),Manual,Diesel,Second Owner,Yes,No,Yes
Hyundai,i20,2018,20k-50k,<1000cc,Excellent (24+ km/l),Manual,Diesel,First Owner,No,Yes,No
BMW,5 Series,2015,0-20k,2000cc+,Good (18-24 km/l),Manual,Petrol,Third Owner,No,No,No
Maruti Suzuki,Baleno,2017,120k+,1000-1500cc,Excellent (24+ km/l),Manual,CNG,Second Owner,Yes,No,Yes
Renault,Triber,2010,50k-80k,1000-1500cc,Excellent (24+ km/l),Manual,Petrol,Third Owner,No,Yes,No
Tata,Altroz,2017,0-20k,2000cc+,Good (18-24 km/l),Manual,Petrol,First Owner,No,No,Yes
Kia,Sonet,2019,50k-80k,1000-1500cc,Excellent (24+ km/l),Manual,Electric,Second Owner,Yes,Yes,No
Skoda,Octavia,2023,0-20k,<1000cc,Good (18-24 km/l),Manual,Diesel,First Owner,Yes,No,Yes
Renault,Duster,2017,20k-50k,1000-1500cc,Good (18-24 km/l),Manual,Hybrid,First Owner,Yes,No,Yes
Renault,Duster,2023,0-20k,1000-1500cc,Good (18-24 km/l),Manual,Petrol,First Owner,Yes,No,Yes
Hyundai,i10,2015,20k-50k,<1000cc,Excellent (24+ km/l),Manual,Diesel,First Owner,Yes,Yes,No
Maruti Suzuki,Dzire,2014,50k-80k,1500-2000cc,Good (18-24 km/l),Manual,Petrol,Third Owner,No,Yes,No
Tata,Punch,2020,20k-50k,1000-1500cc,Excellent (24+ km/l),Manual,CNG,First Owner,No,No,Yes
Maruti Suzuki,Baleno,2021,0-20k,1000-1500cc,Good (18-24 km/l),Manual,Petrol,First Owner,Yes,No,Yes
Ford,Endeavour,2008,120k+,1000-1500cc,Average (12-18 km/l),Manual,Petrol,Second Owner,No,Yes,No
Tata,Punch,2015,20k-50k,2000cc+,Good (18-24 km/l),Manual,Petrol,Third Owner,No,No,No
Mercedes-Benz,GLA,2019,20k-50k,2000cc+,Average (12-18 km/l),Automatic,Diesel,First Owner,Yes,No,Yes
Toyota,Yaris,2017,0-20k,1000-1500cc,Good (18-24 km/l),Manual,Petrol,First Owner,No,No,Yes
Renault,Duster,2021,20k-50k,1000-1500cc,Excellent (24+ km/l),Manual,Electric,First Owner,No,No,Yes
Maruti Suzuki,Baleno,2019,80k-120k,1000-1500cc,Excellent (24+ km/l),Manual,CNG,First Owner,Yes,No,Yes
Skoda,Octavia,2013,80k-120k,1000-1500cc,Good (18-24 km/l),Manual,Diesel,First Owner,No,No,No
BMW,X1,2023,0-20k,2000cc+,Average (12-18 km/l),Automatic,Diesel,First Owner,No,No,Yes
Mahindra,Thar,2016,80k-120k,1500-2000cc,Excellent (24+ km/l),Manual,CNG,Second Owner,No,No,No
Honda,City,2022,50k-80k,1000-1500cc,Good (18-24 km/l),Automatic,CNG,First Owner,Yes,Yes,Yes
Volkswagen,Vento,2022,20k-50k,<1000cc,Excellent (24+ km/l),Manual,CNG,First Owner,Yes,No,Yes
Maruti Suzuki,Ertiga,2023,0-20k,<1000cc,Excellent (24+ km/l),Manual,CNG,First Owner,Yes,No,Yes
Mahindra,XUV300,2019,0-20k,2000cc+,Average (12-18 km/l),Automatic,Petrol,Second Owner,Yes,Yes,Yes
Tata,Nexon,2021,20k-50k,1500-2000cc,Average (12-18 km/l),Automatic,Petrol,First Owner,No,No,Yes
Maruti Suzuki,Baleno,2017,50k-80k,1000-1500cc,Good (18-24 km/l),Manual,Diesel,First Owner,No,No,Yes
Tata,Nexon,2021,50k-80k,1500-2000cc,Average (12-18 km/l),Manual,Petrol,First Owner,No,No,Yes
Maruti Suzuki,Alto,2019,50k-80k,<1000cc,Good (18-24 km/l),Manual,Petrol,First Owner,Yes,No,Yes
Maruti Suzuki,WagonR,2019,50k-80k,1000-1500cc,Good (18-24 km/l),Manual,Diesel,Third Owner,Yes,No,Yes
Maruti Suzuki,Ertiga,2023,0-20k,<1000cc,Excellent (24+ km/l),Manual,Diesel,First Owner,Yes,Yes,Yes
Audi,A4,2009,120k+,2000cc+,Average (12-18 km/l),Manual,Diesel,Fourth & Above,No,No,No
Honda,Jazz,2023,0-20k,1000-1500cc,Excellent (24+ km/l),Manual,Electric,First Owner,Yes,No,Yes
Audi,A4,2023,0-20k,2000cc+,Average (12-18 km/l),Automatic,Diesel,First Owner,Yes,No,Yes
Mahindra,XUV300,2019,0-20k,2000cc+,Average (12-18 km/l),Manual,Petrol,First Owner,No,Yes,Yes
Hyundai,i10,2019,20k-50k,1000-1500cc,Good (18-24 km/l),Automatic,Petrol,First Owner,No,No,Yes
Mahindra,Bolero,2018,20k-50k,1500-2000cc,Good (18-24 km/l),Manual,Petrol,Second Owner,Yes,No,Yes
Mahindra,Thar,2023,0-20k,2000cc+,Average (12-18 km/l),Automatic,Petrol,First Owner,Yes,No,Yes
Maruti Suzuki,Baleno,2012,50k-80k,1000-1500cc,Good (18-24 km/l),Manual,Petrol,Fourth & Above,No,Yes,No
Toyota,Glanza,2020,0-20k,2000cc+,Average (12-18 km/l),Manual,Petrol,Second Owner,Yes,No,Yes
Hyundai,Verna,2021,20k-50k,1000-1500cc,Good (18-24 km/l),Manual,Diesel,First Owner,Yes,No,Yes
Toyota,Glanza,2023,0-20k,1500-2000cc,Excellent (24+ km/l),Manual,Diesel,First Owner,Yes,No,Yes
Toyota,Glanza,2022,0-20k,2000cc+,Good (18-24 km/l),Manual,Diesel,First Owner,Yes,No,Yes
Maruti Suzuki,Dzire,2021,20k-50k,1000-1500cc,Excellent (24+ km/l),Manual,CNG,First Owner,Yes,No,Yes
Maruti Suzuki,Baleno,2012,20k-50k,1000-1500cc,Good (18-24 km/l),Manual,Petrol,Second Owner,No,Yes,No
Renault,Kwid,2018,20k-50k,1500-2000cc,Good (18-24 km/l),Manual,Diesel,First Owner,Yes,No,Yes
Mahindra,Thar,2013,50k-80k,1500-2000cc,Good (18-24 km/l),Manual,Petrol,Second Owner,Yes,Yes,No
Maruti Suzuki,Swift,2023,0-20k,1000-1500cc,Good (18-24 km/l),Manual,CNG,First Owner,Yes,No,Yes
Mercedes-Benz,GLA,2022,20k-50k,2000cc+,Good (18-24 km/l),Manual,Petrol,First Owner,Yes,No,Yes
Maruti Suzuki,Ertiga,2022,0-20k,1000-1500cc,Good (18-24 km/l),Manual,Petrol,First Owner,Yes,No,Yes
Ford,Endeavour,2021,0-20k,<1000cc,Good (18-24 km/l),Manual,Petrol,First Owner,Yes,No,Yes
Mercedes-Benz,GLA,2019,20k-50k,2000cc+,Good (18-24 km/l),Automatic,Diesel,First Owner,No,No,No
Hyundai,Creta,2013,20k-50k,1000-1500cc,Average (12-18 km/l),Manual,Petrol,Fourth & Above,Yes,No,No
Maruti Suzuki,Ertiga,2017,20k-50k,1000-1500cc,Excellent (24+ km/l),Manual,CNG,First Owner,Yes,Yes,Yes
Maruti Suzuki,Ertiga,2013,50k-80k,1000-1500cc,Good (18-24 km/l),Manual,Petrol,First Owner,No,Yes,No
Hyundai,i20,2022,20k-50k,1000-1500cc,Good (18-24 km/l),Manual,Petrol,First Owner,No,No,Yes
Maruti Suzuki,Dzire,2013,50k-80k,1000-1500cc,Good (18-24 km/l),Manual,Petrol,Fourth & Above,No,No,No
Ford,Endeavour,2021,50k-80k,1000-1500cc,Good (18-24 km/l),Automatic,Petrol,Second Owner,No,No,Yes
Maruti Suzuki,Baleno,2021,20k-50k,<1000cc,Good (18-24 km/l),Manual,Diesel,First Owner,Yes,No,Yes
Mahindra,XUV500,2019,20k-50k,1000-1500cc,Good (18-24 km/l),Manual,Diesel,Second Owner,No,Yes,Yes
Mercedes-Benz,GLA,2012,120k+,2000cc+,Average (12-18 km/l),Automatic,Petrol,Second Owner,Yes,Yes,No
Renault,Triber,2017,80k-120k,1000-1500cc,Good (18-24 km/l),Manual,Petrol,First Owner,No,No,Yes
Toyota,Glanza,2017,50k-80k,1500-2000cc,Good (18-24 km/l),Manual,Petrol,Second Owner,Yes,Yes,Yes
Hyundai,i10,2021,0-20k,1000-1500cc,Average (12-18 km/l),Manual,Petrol,First Owner,Yes,No,Yes
Toyota,Fortuner,2012,50k-80k,2000cc+,Good (18-24 km/l),Manual,Petrol,Second Owner,No,Yes,No
Mahindra,Scorpio,2022,0-20k,1500-2000cc,Average (12-18 km/l),Automatic,Diesel,First Owner,Yes,No,Yes
Tata,Punch,2022,0-20k,2000cc+,Average (12-18 km/l),Automatic,Petrol,First Owner,Yes,No,Yes
Maruti Suzuki,Alto,2014,120k+,1500-2000cc,Good (18-24 km/l),Manual,Diesel,Third Owner,Yes,No,No
Kia,Seltos,2022,0-20k,1500-2000cc,Good (18-24 km/l),Automatic,Diesel,First Owner,Yes,No,Yes
Mahindra,Bolero,2021,20k-50k,1500-2000cc,Good (18-24 km/l),Manual,Petrol,First Owner,Yes,No,Yes
Hyundai,Verna,2022,0-20k,1000-1500cc,Excellent (24+ km/l),Manual,Petrol,First Owner,Yes,No,Yes
Tata,Nexon,2014,50k-80k,2000cc+,Excellent (24+ km/l),Manual,Electric,First Owner,Yes,No,Yes
Tata,Altroz,2013,120k+,1500-2000cc,Average (12-18 km/l),Automatic,Petrol,Fourth & Above,No,Yes,No
Renault,Triber,2015,20k-50k,1500-2000cc,Good (18-24 km/l),Automatic,Diesel,Second Owner,No,Yes,No
Volkswagen,Polo,2018,120k+,<1000cc,Good (18-24 km/l),Manual,Petrol,First Owner,Yes,No,Yes
Volkswagen,Polo,2022,0-20k,1000-1500cc,Good (18-24 km/l),Automatic,Diesel,First Owner,No,No,Yes
Maruti Suzuki,Ertiga,2022,0-20k,1000-1500cc,Good (18-24 km/l),Manual,Diesel,First Owner,Yes,No,Yes
Tata,Punch,2023,0-20k,2000cc+,Good (18-24 km/l),Manual,Petrol,First Owner,Yes,No,Yes
Mahindra,Bolero,2009,80k-120k,1000-1500cc,Good (18-24 km/l),Manual,Petrol,First Owner,Yes,Yes,No
Maruti Suzuki,Ertiga,2006,120k+,1500-2000cc,Good (18-24 km/l),Manual,CNG,Fourth & Above,Yes,No,No
Hyundai,Creta,2021,0-20k,1000-1500cc,Excellent (24+ km/l),Manual,Diesel,First Owner,No,No,Yes
Volkswagen,Vento,2016,20k-50k,1000-1500cc,Good (18-24 km/l),Automatic,Diesel,First Owner,Yes,No,Yes
Maruti Suzuki,Swift,2017,50k-80k,1500-2000cc,Good (18-24 km/l),Manual,Petrol,First Owner,Yes,No,Yes
Honda,Amaze,2020,20k-50k,1000-1500cc,Good (18-24 km/l),Automatic,Petrol,First Owner,Yes,No,Yes
Hyundai,Creta,2011,20k-50k,1000-1500cc,Excellent (24+ km/l),Manual,Diesel,First Owner,No,No,Yes
Maruti Suzuki,Ertiga,2021,20k-50k,1000-1500cc,Good (18-24 km/l),Manual,Petrol,First Owner,Yes,No,Yes
Hyundai,i10,2017,20k-50k,1000-1500cc,Excellent (24+ km/l),Manual,CNG,Second Owner,No,No,Yes
Mercedes-Benz,C-Class,2021,20k-50k,2000cc+,Average (12-18 km/l),Automatic,Petrol,First Owner,Yes,No,Yes
Renault,Kwid,2022,20k-50k,<1000cc,Good (18-24 km/l),Automatic,Diesel,First Owner,Yes,No,Yes
Audi,Q3,2014,80k-120k,2000cc+,Average (12-18 km/l),Automatic,Petrol,First Owner,No,No,No
Mahindra,XUV500,2023,0-20k,1500-2000cc,Good (18-24 km/l),Manual,Diesel,First Owner,Yes,No,Yes
Maruti Suzuki,Alto,2020,20k-50k,<1000cc,Good (18-24 km/l),Manual,Petrol,First Owner,Yes,Yes,Yes
Honda,Amaze,2023,0-20k,1000-1500cc,Good (18-24 km/l),Automatic,Diesel,First Owner,Yes,No,Yes
Mahindra,Thar,2015,120k+,2000cc+,Excellent (24+ km/l),Manual,CNG,Second Owner,Yes,No,No
Skoda,Rapid,2020,20k-50k,1500-2000cc,Good (18-24 km/l),Automatic,Petrol,Second Owner,No,No,Yes
Maruti Suzuki,WagonR,2018,80k-120k,1000-1500cc,Good (18-24 km/l),Manual,Petrol,Second Owner,Yes,Yes,No
Mahindra,XUV300,2022,0-20k,1000-1500cc,Average (12-18 km/l),Automatic,Petrol,First Owner,Yes,No,Yes
Maruti Suzuki,Baleno,2020,80k-120k,1500-2000cc,Good (18-24 km/l),Automatic,Diesel,First Owner,Yes,Yes,Yes
Tata,Punch,2019,20k-50k,1000-1500cc,Good (18-24 km/l),Manual,Petrol,Second Owner,Yes,No,Yes
Volkswagen,Polo,2023,0-20k,1000-1500cc,Good (18-24 km/l),Manual,Petrol,First Owner,Yes,No,Yes
Mahindra,XUV300,2018,50k-80k,2000cc+,Good (18-24 km/l),Manual,Petrol,Fourth & Above,No,Yes,No
Tata,Nexon,2015,20k-50k,1500-2000cc,Average (12-18 km/l),Automatic,Petrol,Third Owner,No,No,No
Tata,Punch,2021,20k-50k,1500-2000cc,Average (12-18 km/l),Automatic,Petrol,First Owner,No,No,Yes
Mahindra,XUV300,2021,50k-80k,2000cc+,Average (12-18 km/l),Manual,Petrol,First Owner,Yes,Yes,Yes
Renault,Triber,2019,80k-120k,1000-1500cc,Good (18-24 km/l),Manual,Petrol,First Owner,Yes,No,Yes
Kia,Sonet,2019,20k-50k,1000-1500cc,Average (12-18 km/l),Automatic,Petrol,First Owner,Yes,No,Yes
Audi,A4,2023,0-20k,2000cc+,Average (12-18 km/l),Automatic,Petrol,First Owner,No,No,Yes
Renault,Kwid,2022,0-20k,1000-1500cc,Good (18-24 km/l),Automatic,Petrol,First Owner,No,No,Yes
Hyundai,Verna,2012,80k-120k,1000-1500cc,Good (18-24 km/l),Manual,Petrol,First Owner,No,No,No
Ford,Endeavour,2015,120k+,1000-1500cc,Good (18-24 km/l),Manual,Diesel,Fourth & Above,Yes,No,No
Mahindra,Thar,2023,0-20k,1000-1500cc,Good (18-24 km/l),Manual,Diesel,First Owner,Yes,No,Yes
Hyundai,Verna,2022,50k-80k,<1000cc,Good (18-24 km/l),Manual,Petrol,First Owner,Yes,No,Yes
Skoda,Octavia,2023,0-20k,1500-2000cc,Excellent (24+ km/l),Manual,Diesel,First Owner,Yes,No,Yes
Maruti Suzuki,Baleno,2017,50k-80k,<1000cc,Excellent (24+ km/l),Manual,Electric,First Owner,Yes,Yes,Yes
Kia,Carens,2022,0-20k,1000-1500cc,Excellent (24+ km/l),Automatic,Electric,First Owner,Yes,No,Yes
Mahindra,XUV300,2021,0-20k,2000cc+,Good (18-24 km/l),Manual,Diesel,First Owner,Yes,No,Yes
Toyota,Yaris,2016,50k-80k,1000-1500cc,Good (18-24 km/l),Manual,Petrol,Third Owner,No,No,No
Toyota,Glanza,2020,20k-50k,2000cc+,Average (12-18 km/l),Automatic,Petrol,Second Owner,Yes,No,Yes
Kia,Seltos,2021,0-20k,1500-2000cc,Good (18-24 km/l),Manual,Petrol,First Owner,Yes,No,Yes
Toyota,Glanza,2019,50k-80k,1500-2000cc,Good (18-24 km/l),Manual,Petrol,First Owner,Yes,No,Yes
Toyota,Innova,2022,20k-50k,2000cc+,Good (18-24 km/l),Manual,CNG,First Owner,Yes,No,Yes
Maruti Suzuki,Swift,2022,0-20k,1000-1500cc,Good (18-24 km/l),Manual,Petrol,First Owner,Yes,No,Yes
Mahindra,XUV300,2023,0-20k,2000cc+,Good (18-24 km/l),Manual,Diesel,First Owner,Yes,No,Yes
Maruti Suzuki,Baleno,2022,20k-50k,1000-1500cc,Average (12-18 km/l),Manual,Petrol,First Owner,Yes,No,Yes
Volkswagen,Vento,2019,0-20k,1000-1500cc,Average (12-18 km/l),Manual,Petrol,First Owner,Yes,No,Yes
Mahindra,Bolero,2018,20k-50k,1500-2000cc,Good (18-24 km/l),Manual,Hybrid,First Owner,No,No,No
Ford,EcoSport,2022,0-20k,1000-1500cc,Good (18-24 km/l),Manual,Petrol,First Owner,Yes,Yes,Yes
Maruti Suzuki,Dzire,2019,20k-50k,1000-1500cc,Good (18-24 km/l),Manual,Petrol,First Owner,Yes,No,Yes
Maruti Suzuki,Baleno,2015,50k-80k,1000-1500cc,Good (18-24 km/l),Manual,Diesel,First Owner,Yes,Yes,Yes
Ford,Figo,2019,20k-50k,<1000cc,Excellent (24+ km/l),Manual,Diesel,First Owner,No,Yes,Yes
Maruti Suzuki,Baleno,2013,120k+,1000-1500cc,Good (18-24 km/l),Manual,Petrol,Third Owner,Yes,Yes,No
Maruti Suzuki,Ertiga,2021,20k-50k,1000-1500cc,Good (18-24 km/l),Automatic,Diesel,First Owner,Yes,No,Yes
Maruti Suzuki,Alto,2017,20k-50k,1000-1500cc,Good (18-24 km/l),Manual,Petrol,First Owner,Yes,No,Yes
Audi,Q3,2016,80k-120k,1500-2000cc,Average (12-18 km/l),Automatic,Petrol,Second Owner,No,No,No
Volkswagen,Taigun,2023,0-20k,1000-1500cc,Average (12-18 km/l),Manual,Petrol,First Owner,Yes,No,Yes
Tata,Punch,2022,0-20k,1500-2000cc,Average (12-18 km/l),Automatic,Petrol,First Owner,Yes,No,Yes
Hyundai,Verna,2022,20k-50k,1000-1500cc,Good (18-24 km/l),Manual,Petrol,First Owner,Yes,No,Yes
Tata,Altroz,2021,0-20k,1500-2000cc,Average (12-18 km/l),Automatic,Diesel,First Owner,Yes,No,Yes
Volkswagen,Vento,2022,0-20k,<1000cc,Excellent (24+ km/l),Automatic,Diesel,First Owner,Yes,No,Yes
Toyota,Innova,2022,0-20k,1000-1500cc,Excellent (24+ km/l),Manual,Electric,First Owner,Yes,No,Yes
Hyundai,Creta,2020,0-20k,<1000cc,Good (18-24 km/l),Manual,Diesel,First Owner,Yes,No,Yes
Maruti Suzuki,WagonR,2023,0-20k,1000-1500cc,Good (18-24 km/l),Manual,Petrol,First Owner,Yes,No,Yes
Maruti Suzuki,Swift,2014,120k+,1000-1500cc,Good (18-24 km/l),Manual,Petrol,Second Owner,No,Yes,No
Toyota,Innova,2023,0-20k,1000-1500cc,Good (18-24 km/l),Manual,Diesel,Second Owner,Yes,No,Yes
Volkswagen,Taigun,2018,50k-80k,1000-1500cc,Good (18-24 km/l),Manual,Petrol,Third Owner,Yes,Yes,No
Hyundai,Verna,2020,50k-80k,1000-1500cc,Good (18-24 km/l),Manual,Diesel,Third Owner,Yes,No,Yes
Maruti Suzuki,WagonR,2012,80k-120k,1000-1500cc,Average (12-18 km/l),Manual,Petrol,First Owner,No,No,No
Maruti Suzuki,Dzire,2020,20k-50k,1500-2000cc,Good (18-24 km/l),Automatic,Diesel,First Owner,Yes,Yes,Yes
Audi,A4,2021,0-20k,2000cc+,Good (18-24 km/l),Automatic,Diesel,First Owner,Yes,No,Yes
Hyundai,Venue,2023,0-20k,1000-1500cc,Good (18-24 km/l),Automatic,Petrol,First Owner,Yes,No,Yes
Volkswagen,Taigun,2023,0-20k,1500-2000cc,Good (18-24 km/l),Manual,Diesel,First Owner,Yes,No,Yes
Toyota,Innova,2023,0-20k,2000cc+,Good (18-24 km/l),Automatic,Petrol,First Owner,Yes,No,Yes
Tata,Altroz,2017,20k-50k,2000cc+,Good (18-24 km/l),Manual,Petrol,Second Owner,No,No,Yes
Hyundai,Creta,2023,0-20k,1000-1500cc,Good (18-24 km/l),Automatic,Petrol,Second Owner,No,No,Yes
Maruti Suzuki,WagonR,2019,0-20k,1000-1500cc,Good (18-24 km/l),Manual,Petrol,Second Owner,Yes,Yes,No
Toyota,Fortuner,2023,0-20k,2000cc+,Average (12-18 km/l),Automatic,Diesel,First Owner,Yes,No,Yes
Volkswagen,Taigun,2015,80k-120k,1000-1500cc,Excellent (24+ km/l),Manual,Diesel,Third Owner,No,Yes,No
Toyota,Fortuner,2019,20k-50k,2000cc+,Good (18-24 km/l),Automatic,Petrol,Second Owner,No,No,Yes
Honda,City,2023,0-20k,1000-1500cc,Good (18-24 km/l),Manual,Petrol,Second Owner,Yes,No,Yes
Maruti Suzuki,Swift,2023,20k-50k,1000-1500cc,Good (18-24 km/l),Automatic,Petrol,First Owner,Yes,No,Yes
Audi,Q3,2021,50k-80k,2000cc+,Excellent (24+ km/l),Automatic,Electric,Third Owner,No,Yes,No
Renault,Triber,2022,20k-50k,1000-1500cc,Good (18-24 km/l),Manual,Diesel,First Owner,Yes,No,Yes
Hyundai,i10,2014,20k-50k,1500-2000cc,Excellent (24+ km/l),Manual,CNG,First Owner,Yes,No,Yes
Mercedes-Benz,C-Class,2022,0-20k,1500-2000cc,Good (18-24 km/l),Automatic,Diesel,First Owner,Yes,No,Yes
Honda,City,2021,20k-50k,<1000cc,Good (18-24 km/l),Manual,Petrol,First Owner,Yes,No,Yes
Honda,City,2011,50k-80k,<1000cc,Good (18-24 km/l),Manual,Diesel,Second Owner,No,No,No
Volkswagen,Vento,2012,120k+,1500-2000cc,Good (18-24 km/l),Manual,Petrol,Fourth & Above,No,No,No
Renault,Triber,2012,80k-120k,1000-1500cc,Average (12-18 km/l),Automatic,Petrol,First Owner,No,No,No
Toyota,Innova,2022,0-20k,1500-2000cc,Good (18-24 km/l),Automatic,Petrol,Third Owner,Yes,No,Yes
Maruti Suzuki,Dzire,2013,120k+,1000-1500cc,Good (18-24 km/l),Manual,Diesel,Second Owner,Yes,No,Yes
Tata,Altroz,2019,20k-50k,2000cc+,Good (18-24 km/l),Manual,Diesel,Third Owner,No,Yes,No
BMW,5 Series,2017,80k-120k,2000cc+,Average (12-18 km/l),Automatic,Petrol,Third Owner,No,Yes,No
Hyundai,i20,2020,20k-50k,1000-1500cc,Good (18-24 km/l),Manual,Diesel,Second Owner,Yes,No,Yes
Tata,Altroz,2021,50k-80k,1500-2000cc,Good (18-24 km/l),Manual,Diesel,First Owner,Yes,No,Yes
Mahindra,XUV500,2021,0-20k,1000-1500cc,Good (18-24 km/l),Manual,Diesel,Third Owner,Yes,No,Yes
Mahindra,XUV300,2020,20k-50k,2000cc+,Average (12-18 km/l),Automatic,Diesel,First Owner,No,No,Yes
Toyota,Innova,2019,20k-50k,2000cc+,Average (12-18 km/l),Manual,Petrol,First Owner,Yes,No,Yes
BMW,X1,2018,0-20k,1500-2000cc,Good (18-24 km/l),Manual,Petrol,Fourth & Above,No,Yes,No
Hyundai,Verna,2023,0-20k,1000-1500cc,Average (12-18 km/l),Automatic,Petrol,First Owner,Yes,No,Yes
Maruti Suzuki,Swift,2017,20k-50k,1000-1500cc,Good (18-24 km/l),Manual,Petrol,First Owner,No,No,Yes
Hyundai,i20,2016,0-20k,1500-2000cc,Good (18-24 km/l),Manual,Diesel,Third Owner,No,No,No
Kia,Carens,2022,0-20k,1000-1500cc,Good (18-24 km/l),Automatic,Petrol,First Owner,Yes,No,Yes
Toyota,Innova,2017,20k-50k,1000-1500cc,Good (18-24 km/l),Automatic,Diesel,First Owner,Yes,No,Yes
Hyundai,Verna,2022,0-20k,1000-1500cc,Good (18-24 km/l),Automatic,Petrol,First Owner,Yes,No,Yes
Renault,Duster,2017,50k-80k,1000-1500cc,Good (18-24 km/l),Manual,Diesel,First Owner,No,Yes,Yes
Skoda,Kushaq,2021,50k-80k,1000-1500cc,Good (18-24 km/l),Manual,Petrol,First Owner,Yes,No,Yes
Skoda,Rapid,2008,120k+,1000-1500cc,Good (18-24 km/l),Manual,Diesel,Third Owner,No,Yes,No
BMW,X1,2018,0-20k,1500-2000cc,Average (12-18 km/l),Automatic,Petrol,First Owner,No,No,Yes
Hyundai,i10,2017,20k-50k,1000-1500cc,Excellent (24+ km/l),Manual,CNG,Third Owner,Yes,No,Yes
Volkswagen,Taigun,2022,20k-50k,1000-1500cc,Good (18-24 km/l),Automatic,Petrol,First Owner,Yes,No,Yes
Mahindra,Thar,2023,20k-50k,1000-1500cc,Good (18-24 km/l),Manual,Petrol,First Owner,Yes,No,Yes
Skoda,Kushaq,2019,0-20k,1500-2000cc,Good (18-24 km/l),Manual,Petrol,Second Owner,Yes,No,Yes
Ford,Endeavour,2022,20k-50k,1000-1500cc,Average (12-18 km/l),Automatic,Hybrid,First Owner,Yes,No,Yes
Volkswagen,Polo,2021,20k-50k,1000-1500cc,Good (18-24 km/l),Manual,Diesel,First Owner,Yes,No,Yes
Toyota,Fortuner,2023,0-20k,1000-1500cc,Good (18-24 km/l),Manual,Petrol,First Owner,Yes,No,Yes
Maruti Suzuki,Dzire,2022,20k-50k,1000-1500cc,Excellent (24+ km/l),Manual,CNG,First Owner,Yes,No,Yes
Honda,Amaze,2010,120k+,1000-1500cc,Excellent (24+ km/l),Manual,CNG,Third Owner,Yes,Yes,No
Mercedes-Benz,GLA,2021,0-20k,2000cc+,Good (18-24 km/l),Automatic,Diesel,Third Owner,Yes,No,Yes
BMW,5 Series,2020,20k-50k,2000cc+,Average (12-18 km/l),Automatic,Petrol,First Owner,No,No,No
Maruti Suzuki,Dzire,2006,120k+,1500-2000cc,Good (18-24 km/l),Manual,Petrol,Second Owner,Yes,Yes,No
Maruti Suzuki,Baleno,2016,20k-50k,1000-1500cc,Average (12-18 km/l),Manual,Petrol,Fourth & Above,Yes,Yes,No
Maruti Suzuki,Alto,2023,0-20k,1000-1500cc,Good (18-24 km/l),Manual,Petrol,Second Owner,No,No,Yes
Ford,Endeavour,2023,0-20k,1000-1500cc,Excellent (24+ km/l),Manual,CNG,First Owner,Yes,No,Yes
Renault,Triber,2022,20k-50k,1000-1500cc,Good (18-24 km/l),Manual,Petrol,First Owner,Yes,No,Yes
Hyundai,Venue,2023,0-20k,1000-1500cc,Excellent (24+ km/l),Manual,Diesel,First Owner,Yes,No,Yes
Mahindra,XUV300,2022,0-20k,1000-1500cc,Excellent (24+ km/l),Manual,CNG,First Owner,Yes,No,Yes
Skoda,Rapid,2006,120k+,1000-1500cc,Excellent (24+ km/l),Manual,Diesel,Third Owner,No,No,No
Volkswagen,Taigun,2016,20k-50k,1000-1500cc,Good (18-24 km/l),Manual,Diesel,Second Owner,Yes,Yes,Yes
Honda,Jazz,2007,80k-120k,1000-1500cc,Good (18-24 km/l),Manual,Diesel,First Owner,Yes,Yes,No
Honda,Jazz,2011,0-20k,1000-1500cc,Good (18-24 km/l),Automatic,Diesel,Fourth & Above,No,No,Yes
Mahindra,Thar,2015,50k-80k,2000cc+,Average (12-18 km/l),Manual,Petrol,Second Owner,Yes,No,Yes
Hyundai,Venue,2019,20k-50k,<1000cc,Good (18-24 km/l),Manual,Diesel,Third Owner,Yes,Yes,No
Honda,Jazz,2022,20k-50k,1000-1500cc,Good (18-24 km/l),Manual,Diesel,First Owner,Yes,No,Yes
Ford,Figo,2023,0-20k,1000-1500cc,Average (12-18 km/l),Automatic,Petrol,First Owner,No,No,Yes
Kia,Sonet,2021,0-20k,<1000cc,Excellent (24+ km/l),Manual,Diesel,First Owner,Yes,No,Yes
Toyota,Fortuner,2023,0-20k,2000cc+,Average (12-18 km/l),Manual,Petrol,First Owner,Yes,No,Yes
Volkswagen,Vento,2019,20k-50k,1000-1500cc,Excellent (24+ km/l),Manual,CNG,First Owner,Yes,Yes,Yes
Maruti Suzuki,WagonR,2023,0-20k,1000-1500cc,Good (18-24 km/l),Automatic,Diesel,Second Owner,Yes,No,Yes
Mahindra,Thar,2019,20k-50k,2000cc+,Good (18-24 km/l),Manual,Diesel,First Owner,Yes,No,Yes
Maruti Suzuki,Ertiga,2016,20k-50k,1000-1500cc,Good (18-24 km/l),Manual,Diesel,Second Owner,No,No,Yes
Hyundai,Verna,2023,20k-50k,1000-1500cc,Average (12-18 km/l),Manual,Petrol,First Owner,Yes,No,Yes
Ford,Figo,2018,20k-50k,1000-1500cc,Good (18-24 km/l),Manual,Diesel,First Owner,Yes,Yes,Yes
Mercedes-Benz,GLA,2019,20k-50k,2000cc+,Good (18-24 km/l),Automatic,Diesel,Third Owner,Yes,Yes,No
Maruti Suzuki,Alto,2017,50k-80k,1000-1500cc,Good (18-24 km/l),Manual,Petrol,First Owner,No,No,Yes
Tata,Punch,2021,20k-50k,2000cc+,Average (12-18 km/l),Manual,Petrol,First Owner,Yes,No,Yes
Renault,Duster,2023,0-20k,1500-2000cc,Good (18-24 km/l),Manual,Diesel,First Owner,Yes,No,Yes
Hyundai,i10,2007,80k-120k,1000-1500cc,Good (18-24 km/l),Manual,Diesel,Second Owner,No,Yes,No
Honda,Amaze,2023,0-20k,1000-1500cc,Excellent (24+ km/l),Manual,Diesel,First Owner,Yes,No,Yes
Volkswagen,Taigun,2005,120k+,1000-1500cc,Average (12-18 km/l),Manual,Petrol,Third Owner,Yes,Yes,No
Toyota,Fortuner,2018,80k-120k,1500-2000cc,Good (18-24 km/l),Manual,Diesel,First Owner,Yes,Yes,Yes
Hyundai,Verna,2014,20k-50k,1000-1500cc,Good (18-24 km/l),Automatic,Diesel,Second Owner,No,No,Yes
Tata,Harrier,2022,20k-50k,2000cc+,Average (12-18 km/l),Automatic,Petrol,First Owner,Yes,No,Yes
Renault,Duster,2009,120k+,1000-1500cc,Good (18-24 km/l),Manual,Petrol,Third Owner,No,Yes,No
Honda,WR-V,2020,50k-80k,1000-1500cc,Average (12-18 km/l),Automatic,Petrol,Second Owner,Yes,Yes,Yes
Maruti Suzuki,Dzire,2016,0-20k,1500-2000cc,Good (18-24 km/l),Manual,Petrol,Second Owner,No,No,No
Volkswagen,Taigun,2012,50k-80k,1000-1500cc,Good (18-24 km/l),Automatic,Diesel,First Owner,No,No,No
Maruti Suzuki,Baleno,2022,0-20k,<1000cc,Good (18-24 km/l),Automatic,Petrol,First Owner,Yes,No,Yes
Volkswagen,Taigun,2015,20k-50k,1500-2000cc,Good (18-24 km/l),Manual,Petrol,Third Owner,No,Yes,No
Hyundai,Verna,2015,0-20k,1500-2000cc,Good (18-24 km/l),Manual,Diesel,Third Owner,Yes,No,Yes
Audi,Q3,2016,0-20k,2000cc+,Good (18-24 km/l),Automatic,Petrol,Second Owner,Yes,No,Yes
Tata,Nexon,2020,0-20k,2000cc+,Average (12-18 km/l),Automatic,Petrol,Third Owner,No,No,No
Tata,Nexon,2021,0-20k,1000-1500cc,Excellent (24+ km/l),Automatic,Diesel,First Owner,Yes,No,Yes
Maruti Suzuki,Swift,2006,120k+,<1000cc,Good (18-24 km/l),Manual,Diesel,Second Owner,No,No,No
Hyundai,i20,2015,20k-50k,<1000cc,Excellent (24+ km/l),Manual,Diesel,Second Owner,No,Yes,No
Kia,Sonet,2019,50k-80k,1000-1500cc,Good (18-24 km/l),Automatic,Diesel,Fourth & Above,Yes,No,Yes
Mercedes-Benz,C-Class,2017,20k-50k,2000cc+,Average (12-18 km/l),Automatic,Diesel,First Owner,Yes,No,Yes
Tata,Punch,2023,0-20k,2000cc+,Good (18-24 km/l),Automatic,Diesel,First Owner,No,No,Yes
Mahindra,Thar,2022,20k-50k,1500-2000cc,Average (12-18 km/l),Automatic,Diesel,First Owner,No,No,Yes
Ford,Figo,2021,0-20k,1000-1500cc,Good (18-24 km/l),Automatic,Diesel,First Owner,Yes,No,Yes
Kia,Sonet,2017,50k-80k,1000-1500cc,Excellent (24+ km/l),Manual,Diesel,First Owner,Yes,Yes,Yes
Honda,WR-V,2021,0-20k,1000-1500cc,Good (18-24 km/l),Automatic,Hybrid,First Owner,Yes,Yes,Yes
Tata,Punch,2022,20k-50k,1000-1500cc,Good (18-24 km/l),Automatic,Petrol,First Owner,Yes,Yes,Yes
Tata,Altroz,2020,50k-80k,2000cc+,Average (12-18 km/l),Manual,Petrol,First Owner,Yes,No,Yes
Ford,Figo,2022,20k-50k,1500-2000cc,Excellent (24+ km/l),Manual,Diesel,First Owner,Yes,No,Yes
Maruti Suzuki,Alto,2022,0-20k,1500-2000cc,Good (18-24 km/l),Automatic,Diesel,First Owner,Yes,No,Yes
Toyota,Innova,2020,0-20k,1500-2000cc,Good (18-24 km/l),Manual,Diesel,First Owner,Yes,Yes,Yes
Tata,Punch,2017,80k-120k,2000cc+,Good (18-24 km/l),Manual,CNG,First Owner,Yes,Yes,No
Renault,Kwid,2022,0-20k,1000-1500cc,Good (18-24 km/l),Manual,Petrol,First Owner,Yes,Yes,Yes
Maruti Suzuki,Alto,2015,20k-50k,1000-1500cc,Good (18-24 km/l),Automatic,CNG,Second Owner,No,Yes,No
Honda,Jazz,2022,20k-50k,1000-1500cc,Good (18-24 km/l),Automatic,Petrol,First Owner,No,Yes,Yes
Mahindra,XUV300,2022,20k-50k,2000cc+,Good (18-24 km/l),Manual,CNG,First Owner,Yes,Yes,Yes
Toyota,Glanza,2022,0-20k,2000cc+,Average (12-18 km/l),Automatic,Diesel,First Owner,Yes,Yes,Yes
Maruti Suzuki,Dzire,2019,50k-80k,1000-1500cc,Good (18-24 km/l),Manual,Petrol,First Owner,Yes,Yes,No
Honda,WR-V,2014,80k-120k,1000-1500cc,Excellent (24+ km/l),Manual,Diesel,Third Owner,No,No,No
Honda,WR-V,2011,50k-80k,<1000cc,Good (18-24 km/l),Manual,Petrol,Fourth & Above,No,No,No
Honda,Amaze,2022,0-20k,1500-2000cc,Good (18-24 km/l),Automatic,Petrol,First Owner,Yes,No,Yes
Honda,Jazz,2023,0-20k,1500-2000cc,Good (18-24 km/l),Manual,Petrol,First Owner,Yes,No,Yes
Toyota,Yaris,2021,20k-50k,2000cc+,Average (12-18 km/l),Manual,Petrol,First Owner,Yes,No,Yes
Renault,Kwid,2013,20k-50k,1500-2000cc,Good (18-24 km/l),Manual,Diesel,Second Owner,No,Yes,No
Hyundai,Creta,2023,0-20k,1000-1500cc,Excellent (24+ km/l),Manual,Petrol,First Owner,Yes,No,Yes
Renault,Triber,2023,0-20k,1000-1500cc,Good (18-24 km/l),Automatic,Hybrid,First Owner,Yes,No,Yes
Mahindra,XUV500,2019,20k-50k,1500-2000cc,Good (18-24 km/l),Manual,Petrol,Second Owner,Yes,No,Yes
Maruti Suzuki,Alto,2020,0-20k,1000-1500cc,Excellent (24+ km/l),Manual,Diesel,First Owner,Yes,Yes,Yes
Maruti Suzuki,Dzire,2022,20k-50k,<1000cc,Excellent (24+ km/l),Manual,Electric,First Owner,Yes,No,Yes
Tata,Altroz,2022,20k-50k,1000-1500cc,Good (18-24 km/l),Automatic,Petrol,First Owner,No,No,Yes
Renault,Kwid,2023,0-20k,1000-1500cc,Good (18-24 km/l),Manual,Petrol,Third Owner,Yes,No,Yes
Ford,Figo,2012,20k-50k,1000-1500cc,Good (18-24 km/l),Manual,Petrol,First Owner,No,No,Yes
Renault,Kwid,2020,50k-80k,1000-1500cc,Excellent (24+ km/l),Manual,CNG,First Owner,Yes,No,Yes
Mahindra,Scorpio,2021,0-20k,1500-2000cc,Good (18-24 km/l),Automatic,Diesel,First Owner,Yes,No,Yes
Mahindra,XUV300,2023,0-20k,1000-1500cc,Good (18-24 km/l),Manual,Petrol,First Owner,No,No,Yes
Maruti Suzuki,Dzire,2023,0-20k,1000-1500cc,Good (18-24 km/l),Manual,Petrol,First Owner,Yes,No,Yes
Tata,Nexon,2023,0-20k,1500-2000cc,Good (18-24 km/l),Manual,Diesel,First Owner,Yes,No,Yes
Mahindra,XUV500,2020,0-20k,1500-2000cc,Good (18-24 km/l),Manual,Diesel,First Owner,No,No,Yes
Maruti Suzuki,Baleno,2022,0-20k,1000-1500cc,Good (18-24 km/l),Automatic,Petrol,First Owner,No,No,Yes
Hyundai,Creta,2018,80k-120k,1000-1500cc,Good (18-24 km/l),Manual,Diesel,Second Owner,Yes,Yes,No
Honda,Jazz,2018,50k-80k,<1000cc,Excellent (24+ km/l),Manual,Electric,First Owner,Yes,No,Yes
Volkswagen,Taigun,2016,20k-50k,1500-2000cc,Good (18-24 km/l),Manual,Petrol,Third Owner,Yes,No,No
Mercedes-Benz,C-Class,2022,0-20k,2000cc+,Average (12-18 km/l),Automatic,Petrol,First Owner,Yes,No,Yes
BMW,X1,2023,0-20k,2000cc+,Average (12-18 km/l),Automatic,Diesel,First Owner,Yes,No,Yes
Toyota,Innova,2016,80k-120k,1500-2000cc,Excellent (24+ km/l),Manual,Diesel,Third Owner,No,Yes,No
Tata,Altroz,2009,80k-120k,2000cc+,Good (18-24 km/l),Manual,Hybrid,Fourth & Above,No,No,No
Toyota,Innova,2022,0-20k,2000cc+,Good (18-24 km/l),Automatic,CNG,First Owner,No,No,Yes
Renault,Duster,2021,20k-50k,1000-1500cc,Average (12-18 km/l),Automatic,Petrol,First Owner,Yes,No,Yes
Maruti Suzuki,Dzire,2023,0-20k,1000-1500cc,Good (18-24 km/l),Automatic,Diesel,First Owner,No,No,Yes
Tata,Tiago,2016,20k-50k,1500-2000cc,Good (18-24 km/l),Manual,Diesel,Fourth & Above,Yes,Yes,No
Skoda,Rapid,2010,120k+,1000-1500cc,Excellent (24+ km/l),Manual,Petrol,Third Owner,Yes,Yes,No
Tata,Nexon,2019,80k-120k,2000cc+,Good (18-24 km/l),Manual,Petrol,Second Owner,No,Yes,No
Honda,City,2011,120k+,<1000cc,Excellent (24+ km/l),Manual,Diesel,Fourth & Above,No,No,No
Honda,WR-V,2016,20k-50k,1000-1500cc,Good (18-24 km/l),Manual,Petrol,First Owner,No,Yes,No
Hyundai,Creta,2012,0-20k,1000-1500cc,Good (18-24 km/l),Manual,Diesel,Second Owner,No,No,Yes
Tata,Punch,2015,80k-120k,1500-2000cc,Good (18-24 km/l),Manual,Petrol,Second Owner,Yes,No,No
Tata,Punch,2011,20k-50k,1500-2000cc,Good (18-24 km/l),Automatic,Diesel,First Owner,Yes,Yes,Yes
Maruti Suzuki,WagonR,2023,0-20k,1000-1500cc,Excellent (24+ km/l),Automatic,Petrol,First Owner,Yes,No,Yes
Maruti Suzuki,Baleno,2016,20k-50k,<1000cc,Excellent (24+ km/l),Manual,CNG,Third Owner,No,No,Yes
Skoda,Kushaq,2019,50k-80k,1000-1500cc,Good (18-24 km/l),Manual,Petrol,First Owner,No,No,Yes
Hyundai,Venue,2023,0-20k,1500-2000cc,Excellent (24+ km/l),Manual,CNG,First Owner,Yes,No,Yes
Mahindra,Bolero,2021,0-20k,1000-1500cc,Average (12-18 km/l),Manual,Petrol,Second Owner,Yes,Yes,Yes
Hyundai,Creta,2021,20k-50k,1000-1500cc,Good (18-24 km/l),Automatic,Diesel,Second Owner,Yes,No,Yes
BMW,5 Series,2021,20k-50k,2000cc+,Average (12-18 km/l),Automatic,Petrol,First Owner,No,No,Yes
Hyundai,i10,2022,0-20k,1000-1500cc,Good (18-24 km/l),Manual,Diesel,First Owner,Yes,Yes,Yes
Tata,Tiago,2023,0-20k,1500-2000cc,Good (18-24 km/l),Automatic,Diesel,First Owner,Yes,No,Yes
Kia,Carens,2021,50k-80k,<1000cc,Good (18-24 km/l),Automatic,Diesel,First Owner,Yes,No,Yes
Skoda,Kushaq,2023,0-20k,<1000cc,Good (18-24 km/l),Automatic,Diesel,First Owner,Yes,No,Yes
Hyundai,i20,2020,20k-50k,1000-1500cc,Good (18-24 km/l),Manual,Petrol,First Owner,Yes,No,Yes
Renault,Triber,2016,20k-50k,<1000cc,Good (18-24 km/l),Manual,Diesel,First Owner,No,Yes,Yes
Mahindra,Bolero,2023,0-20k,1500-2000cc,Excellent (24+ km/l),Manual,Electric,First Owner,Yes,No,Yes
Mahindra,Thar,2020,50k-80k,1500-2000cc,Good (18-24 km/l),Automatic,Diesel,Second Owner,Yes,Yes,No
Maruti Suzuki,Ertiga,2023,0-20k,<1000cc,Excellent (24+ km/l),Manual,Electric,First Owner,Yes,Yes,Yes
Maruti Suzuki,Swift,2008,120k+,1000-1500cc,Good (18-24 km/l),Manual,Petrol,Third Owner,Yes,Yes,No
Ford,EcoSport,2018,80k-120k,1000-1500cc,Good (18-24 km/l),Automatic,Diesel,Third Owner,Yes,No,No
Mahindra,XUV300,2023,0-20k,2000cc+,Good (18-24 km/l),Automatic,Diesel,First Owner,Yes,No,Yes
Mahindra,XUV300,2016,20k-50k,1500-2000cc,Good (18-24 km/l),Manual,Diesel,Third Owner,Yes,No,Yes
Ford,EcoSport,2023,0-20k,1000-1500cc,Average (12-18 km/l),Automatic,Diesel,First Owner,Yes,No,Yes
Volkswagen,Vento,2023,0-20k,1000-1500cc,Good (18-24 km/l),Automatic,Petrol,First Owner,Yes,No,Yes
Maruti Suzuki,Swift,2023,0-20k,1000-1500cc,Good (18-24 km/l),Manual,Diesel,First Owner,No,No,Yes
Toyota,Yaris,2020,80k-120k,1500-2000cc,Good (18-24 km/l),Automatic,CNG,First Owner,Yes,No,Yes
Maruti Suzuki,WagonR,2021,20k-50k,1000-1500cc,Good (18-24 km/l),Manual,Petrol,First Owner,Yes,No,Yes
Volkswagen,Taigun,2023,0-20k,<1000cc,Excellent (24+ km/l),Manual,Electric,First Owner,Yes,No,Yes
Toyota,Yaris,2022,0-20k,2000cc+,Average (12-18 km/l),Automatic,Petrol,First Owner,Yes,No,Yes
Audi,Q3,2021,0-20k,1500-2000cc,Average (12-18 km/l),Automatic,Petrol,Second Owner,No,No,Yes
Maruti Suzuki,Alto,2023,0-20k,1000-1500cc,Good (18-24 km/l),Manual,Petrol,First Owner,Yes,No,Yes
Maruti Suzuki,WagonR,2021,0-20k,1000-1500cc,Good (18-24 km/l),Automatic,Diesel,First Owner,Yes,No,Yes
Hyundai,Creta,2023,0-20k,1000-1500cc,Good (18-24 km/l),Manual,Petrol,First Owner,No,No,Yes
Hyundai,Creta,2009,20k-50k,1000-1500cc,Good (18-24 km/l),Manual,Diesel,Second Owner,No,No,No
Hyundai,Creta,2013,120k+,1000-1500cc,Good (18-24 km/l),Automatic,Diesel,Third Owner,No,No,No
Kia,Carens,2019,50k-80k,1000-1500cc,Good (18-24 km/l),Manual,Petrol,Third Owner,Yes,No,Yes
Hyundai,Venue,2018,20k-50k,1000-1500cc,Average (12-18 km/l),Manual,Petrol,Second Owner,No,No,Yes
Hyundai,Venue,2022,0-20k,1000-1500cc,Good (18-24 km/l),Manual,Petrol,First Owner,Yes,No,Yes
Volkswagen,Taigun,2013,20k-50k,<1000cc,Good (18-24 km/l),Manual,Diesel,Third Owner,No,No,Yes
Mahindra,Bolero,2023,0-20k,1000-1500cc,Average (12-18 km/l),Automatic,Petrol,First Owner,Yes,Yes,Yes
Volkswagen,Taigun,2017,120k+,<1000cc,Good (18-24 km/l),Manual,Petrol,Second Owner,No,No,No
Maruti Suzuki,Ertiga,2018,50k-80k,<1000cc,Excellent (24+ km/l),Manual,Hybrid,First Owner,No,No,Yes
Mahindra,XUV500,2016,50k-80k,1500-2000cc,Good (18-24 km/l),Manual,Diesel,Second Owner,Yes,No,Yes
Maruti Suzuki,Ertiga,2020,20k-50k,<1000cc,Excellent (24+ km/l),Automatic,Diesel,First Owner,Yes,Yes,Yes
Maruti Suzuki,Swift,2009,120k+,1000-1500cc,Good (18-24 km/l),Manual,Diesel,Fourth & Above,No,Yes,No
Kia,Seltos,2013,80k-120k,1000-1500cc,Good (18-24 km/l),Manual,Petrol,Second Owner,Yes,Yes,No
Maruti Suzuki,Swift,2022,20k-50k,<1000cc,Excellent (24+ km/l),Automatic,Diesel,First Owner,Yes,No,Yes
Honda,Amaze,2014,0-20k,1000-1500cc,Excellent (24+ km/l),Manual,Electric,Second Owner,Yes,No,Yes
Tata,Punch,2015,20k-50k,1000-1500cc,Excellent (24+ km/l),Manual,CNG,Fourth & Above,Yes,Yes,Yes
Tata,Punch,2022,0-20k,1000-1500cc,Average (12-18 km/l),Manual,Petrol,First Owner,Yes,No,Yes
Kia,Sonet,2011,50k-80k,1000-1500cc,Good (18-24 km/l),Manual,Petrol,Fourth & Above,No,No,No
Maruti Suzuki,Dzire,2019,0-20k,1000-1500cc,Excellent (24+ km/l),Manual,Electric,Second Owner,Yes,No,Yes
Toyota,Fortuner,2007,120k+,1500-2000cc,Good (18-24 km/l),Manual,Petrol,Third Owner,No,No,No
Audi,Q3,2017,120k+,2000cc+,Good (18-24 km/l),Automatic,Diesel,First Owner,No,No,No
Honda,WR-V,2021,0-20k,1000-1500cc,Good (18-24 km/l),Manual,Petrol,First Owner,Yes,No,Yes
BMW,3 Series,2011,50k-80k,1500-2000cc,Good (18-24 km/l),Automatic,Diesel,Third Owner,No,Yes,No
Maruti Suzuki,Ertiga,2023,0-20k,<1000cc,Good (18-24 km/l),Manual,Petrol,First Owner,Yes,No,Yes
Tata,Altroz,2023,0-20k,2000cc+,Good (18-24 km/l),Manual,Diesel,First Owner,Yes,No,Yes
Hyundai,Verna,2011,50k-80k,1000-1500cc,Good (18-24 km/l),Manual,Petrol,Second Owner,Yes,Yes,No
Volkswagen,Vento,2023,0-20k,1500-2000cc,Good (18-24 km/l),Manual,Petrol,First Owner,No,No,Yes
Mercedes-Benz,GLA,2016,20k-50k,2000cc+,Average (12-18 km/l),Automatic,Petrol,Third Owner,No,No,Yes
Hyundai,Creta,2010,120k+,1000-1500cc,Average (12-18 km/l),Automatic,Petrol,Third Owner,No,Yes,No
Toyota,Fortuner,2005,120k+,1500-2000cc,Average (12-18 km/l),Automatic,Petrol,First Owner,No,Yes,No
Hyundai,Venue,2018,0-20k,<1000cc,Good (18-24 km/l),Manual,Petrol,First Owner,Yes,No,Yes
Honda,City,2021,0-20k,1000-1500cc,Good (18-24 km/l),Automatic,Petrol,First Owner,Yes,Yes,Yes
Mahindra,Scorpio,2017,120k+,1500-2000cc,Good (18-24 km/l),Manual,Hybrid,First Owner,Yes,Yes,No
Audi,Q3,2022,0-20k,2000cc+,Good (18-24 km/l),Automatic,Petrol,First Owner,No,No,Yes
Honda,Amaze,2021,0-20k,1000-1500cc,Excellent (24+ km/l),Manual,CNG,First Owner,Yes,No,Yes
Tata,Altroz,2017,120k+,1500-2000cc,Good (18-24 km/l),Manual,Petrol,First Owner,Yes,No,Yes
Maruti Suzuki,Baleno,2022,0-20k,1000-1500cc,Good (18-24 km/l),Manual,Petrol,First Owner,Yes,No,Yes
Maruti Suzuki,Dzire,2023,0-20k,1000-1500cc,Good (18-24 km/l),Manual,Diesel,First Owner,Yes,No,Yes
Hyundai,i20,2011,120k+,1000-1500cc,Good (18-24 km/l),Automatic,Petrol,Second Owner,No,No,No
Hyundai,Verna,2017,0-20k,1000-1500cc,Good (18-24 km/l),Manual,Diesel,First Owner,Yes,No,Yes
Skoda,Rapid,2019,20k-50k,1500-2000cc,Good (18-24 km/l),Manual,Petrol,Second Owner,Yes,No,Yes
Honda,WR-V,2019,20k-50k,1000-1500cc,Good (18-24 km/l),Manual,Diesel,Second Owner,Yes,No,Yes
Mahindra,Scorpio,2020,20k-50k,1500-2000cc,Excellent (24+ km/l),Manual,CNG,Second Owner,Yes,No,Yes
Maruti Suzuki,WagonR,2017,0-20k,<1000cc,Excellent (24+ km/l),Automatic,Electric,Second Owner,Yes,No,Yes
Skoda,Rapid,2021,20k-50k,1000-1500cc,Good (18-24 km/l),Manual,Diesel,First Owner,No,No,Yes
Ford,Figo,2021,20k-50k,1000-1500cc,Good (18-24 km/l),Manual,Diesel,First Owner,No,No,Yes
Maruti Suzuki,Dzire,2020,0-20k,1000-1500cc,Good (18-24 km/l),Automatic,Petrol,First Owner,Yes,No,Yes
Ford,EcoSport,2012,120k+,1500-2000cc,Good (18-24 km/l),Manual,Diesel,Third Owner,No,Yes,No
Honda,Amaze,2019,20k-50k,1500-2000cc,Excellent (24+ km/l),Automatic,Electric,Second Owner,Yes,No,Yes
Maruti Suzuki,Ertiga,2017,20k-50k,<1000cc,Good (18-24 km/l),Automatic,Petrol,Third Owner,Yes,No,Yes
Mahindra,Thar,2019,20k-50k,1500-2000cc,Good (18-24 km/l),Manual,Diesel,First Owner,Yes,No,Yes
Mahindra,Scorpio,2023,0-20k,1500-2000cc,Good (18-24 km/l),Automatic,Diesel,First Owner,No,No,Yes
Maruti Suzuki,WagonR,2019,50k-80k,1000-1500cc,Good (18-24 km/l),Manual,Diesel,Third Owner,Yes,No,Yes
Audi,A4,2006,80k-120k,2000cc+,Average (12-18 km/l),Automatic,Diesel,Third Owner,No,No,No
Skoda,Rapid,2019,50k-80k,1000-1500cc,Good (18-24 km/l),Manual,Petrol,First Owner,No,No,Yes
Toyota,Innova,2022,0-20k,2000cc+,Good (18-24 km/l),Automatic,Diesel,First Owner,Yes,No,Yes
Mahindra,XUV500,2022,20k-50k,2000cc+,Average (12-18 km/l),Manual,Petrol,First Owner,Yes,No,Yes
Tata,Punch,2020,50k-80k,2000cc+,Good (18-24 km/l),Manual,Diesel,Second Owner,No,No,Yes
Toyota,Innova,2016,50k-80k,1500-2000cc,Average (12-18 km/l),Manual,Petrol,First Owner,Yes,No,Yes
Honda,Amaze,2019,20k-50k,<1000cc,Excellent (24+ km/l),Manual,CNG,Third Owner,No,Yes,No
Maruti Suzuki,WagonR,2020,20k-50k,<1000cc,Good (18-24 km/l),Automatic,Diesel,First Owner,Yes,No,Yes
Mahindra,Thar,2023,0-20k,2000cc+,Good (18-24 km/l),Manual,Diesel,First Owner,Yes,No,Yes
Renault,Triber,2021,20k-50k,<1000cc,Good (18-24 km/l),Automatic,Petrol,First Owner,Yes,No,Yes
Mahindra,XUV300,2021,0-20k,1500-2000cc,Good (18-24 km/l),Manual,Diesel,Second Owner,No,No,Yes
Maruti Suzuki,Baleno,2019,20k-50k,1500-2000cc,Good (18-24 km/l),Manual,CNG,Second Owner,Yes,No,Yes
Renault,Kwid,2017,20k-50k,1000-1500cc,Excellent (24+ km/l),Manual,Diesel,Second Owner,No,No,Yes
Hyundai,i20,2022,0-20k,1000-1500cc,Good (18-24 km/l),Manual,Hybrid,Second Owner,Yes,No,Yes
Hyundai,i20,2019,50k-80k,1000-1500cc,Good (18-24 km/l),Manual,Petrol,Second Owner,No,Yes,No
Maruti Suzuki,Alto,2023,0-20k,1000-1500cc,Good (18-24 km/l),Automatic,Diesel,First Owner,Yes,No,Yes
Tata,Punch,2019,0-20k,1500-2000cc,Good (18-24 km/l),Automatic,Diesel,First Owner,Yes,Yes,Yes
Volkswagen,Vento,2010,0-20k,1500-2000cc,Good (18-24 km/l),Manual,Petrol,Third Owner,No,Yes,No
Mahindra,Scorpio,2021,0-20k,1000-1500cc,Good (18-24 km/l),Manual,Diesel,Fourth & Above,Yes,No,Yes
Hyundai,i10,2008,80k-120k,1500-2000cc,Good (18-24 km/l),Manual,Diesel,Second Owner,Yes,No,No
Kia,Sonet,2016,0-20k,1000-1500cc,Good (18-24 km/l),Automatic,Petrol,Third Owner,No,No,No
Kia,Sonet,2017,20k-50k,1000-1500cc,Average (12-18 km/l),Manual,Diesel,First Owner,Yes,No,Yes
Kia,Seltos,2022,0-20k,1000-1500cc,Good (18-24 km/l),Automatic,Petrol,First Owner,Yes,No,Yes
Hyundai,i20,2019,0-20k,1000-1500cc,Good (18-24 km/l),Manual,Diesel,First Owner,No,No,Yes
Mahindra,XUV500,2007,80k-120k,2000cc+,Good (18-24 km/l),Manual,Diesel,Fourth & Above,No,No,No
Mercedes-Benz,C-Class,2021,20k-50k,1500-2000cc,Good (18-24 km/l),Automatic,Petrol,First Owner,Yes,No,Yes
Volkswagen,Taigun,2018,0-20k,1000-1500cc,Excellent (24+ km/l),Manual,Diesel,First Owner,Yes,No,Yes
Maruti Suzuki,Swift,2023,0-20k,1500-2000cc,Average (12-18 km/l),Automatic,Petrol,Third Owner,Yes,No,Yes
Maruti Suzuki,WagonR,2019,0-20k,1000-1500cc,Good (18-24 km/l),Manual,Diesel,First Owner,No,No,Yes
Mahindra,Bolero,2021,0-20k,2000cc+,Average (12-18 km/l),Automatic,Petrol,First Owner,Yes,Yes,Yes
Kia,Sonet,2015,20k-50k,1000-1500cc,Good (18-24 km/l),Manual,Petrol,Third Owner,No,No,No
Honda,WR-V,2022,20k-50k,1000-1500cc,Good (18-24 km/l),Manual,Petrol,First Owner,No,Yes,Yes
Mahindra,XUV300,2022,20k-50k,1000-1500cc,Good (18-24 km/l),Manual,CNG,First Owner,Yes,No,Yes
Maruti Suzuki,WagonR,2023,0-20k,1000-1500cc,Good (18-24 km/l),Manual,Petrol,Second Owner,Yes,No,Yes
Toyota,Glanza,2008,120k+,1500-2000cc,Good (18-24 km/l),Manual,Petrol,Third Owner,Yes,No,No
Renault,Kwid,2019,0-20k,1000-1500cc,Excellent (24+ km/l),Manual,Petrol,First Owner,Yes,No,Yes
Tata,Punch,2021,20k-50k,1000-1500cc,Good (18-24 km/l),Manual,Petrol,First Owner,Yes,No,Yes
Volkswagen,Polo,2011,120k+,1000-1500cc,Good (18-24 km/l),Manual,Petrol,Fourth & Above,No,Yes,No
Audi,Q3,2018,50k-80k,2000cc+,Average (12-18 km/l),Manual,Petrol,Second Owner,Yes,No,Yes
Hyundai,Venue,2023,0-20k,1000-1500cc,Good (18-24 km/l),Automatic,Petrol,First Owner,Yes,No,Yes
Mahindra,Thar,2019,50k-80k,2000cc+,Good (18-24 km/l),Manual,Petrol,Second Owner,Yes,Yes,No
Hyundai,Creta,2023,0-20k,1000-1500cc,Average (12-18 km/l),Automatic,Petrol,First Owner,Yes,No,Yes
Renault,Kwid,2009,120k+,1000-1500cc,Good (18-24 km/l),Manual,Petrol,Fourth & Above,No,No,No
Honda,Jazz,2021,0-20k,1000-1500cc,Good (18-24 km/l),Manual,Diesel,First Owner,Yes,No,Yes
Toyota,Yaris,2020,20k-50k,2000cc+,Good (18-24 km/l),Automatic,Diesel,Third Owner,Yes,No,Yes
Renault,Kwid,2019,20k-50k,<1000cc,Good (18-24 km/l),Automatic,Diesel,First Owner,Yes,No,Yes
Tata,Harrier,2023,0-20k,1500-2000cc,Good (18-24 km/l),Manual,Diesel,First Owner,Yes,No,Yes
BMW,X1,2012,20k-50k,2000cc+,Average (12-18 km/l),Automatic,Petrol,First Owner,Yes,Yes,No
Honda,WR-V,2023,0-20k,1000-1500cc,Good (18-24 km/l),Manual,Diesel,First Owner,Yes,No,Yes
Maruti Suzuki,Dzire,2021,0-20k,1500-2000cc,Good (18-24 km/l),Automatic,CNG,First Owner,Yes,No,Yes
Ford,EcoSport,2016,80k-120k,1000-1500cc,Good (18-24 km/l),Manual,Diesel,First Owner,No,Yes,No
Renault,Duster,2023,0-20k,1500-2000cc,Good (18-24 km/l),Automatic,Petrol,First Owner,No,No,Yes
Hyundai,i10,2018,50k-80k,1000-1500cc,Excellent (24+ km/l),Manual,Diesel,Second Owner,No,Yes,No
Skoda,Rapid,2022,0-20k,1000-1500cc,Good (18-24 km/l),Automatic,Diesel,First Owner,Yes,No,Yes
Kia,Carens,2018,50k-80k,<1000cc,Good (18-24 km/l),Manual,Petrol,First Owner,Yes,Yes,No
Hyundai,Verna,2023,0-20k,1000-1500cc,Good (18-24 km/l),Manual,Diesel,First Owner,Yes,No,Yes
Mercedes-Benz,GLA,2021,0-20k,2000cc+,Good (18-24 km/l),Automatic,Diesel,Second Owner,No,No,Yes
Maruti Suzuki,Swift,2013,0-20k,1000-1500cc,Good (18-24 km/l),Manual,Petrol,First Owner,No,Yes,No
Hyundai,i20,2021,0-20k,1500-2000cc,Good (18-24 km/l),Automatic,Petrol,First Owner,Yes,No,Yes
Hyundai,i20,2014,20k-50k,<1000cc,Good (18-24 km/l),Manual,Diesel,Second Owner,No,No,Yes
Kia,Sonet,2018,50k-80k,1000-1500cc,Good (18-24 km/l),Manual,Diesel,First Owner,Yes,No,Yes
Toyota,Yaris,2014,20k-50k,1500-2000cc,Good (18-24 km/l),Manual,Petrol,First Owner,Yes,Yes,No
Maruti Suzuki,Baleno,2007,80k-120k,<1000cc,Good (18-24 km/l),Manual,Diesel,Third Owner,No,Yes,No
Mahindra,Thar,2015,50k-80k,1500-2000cc,Excellent (24+ km/l),Manual,Electric,Second Owner,No,No,No
Toyota,Fortuner,2020,20k-50k,1500-2000cc,Good (18-24 km/l),Automatic,CNG,First Owner,Yes,No,Yes
Maruti Suzuki,Dzire,2019,20k-50k,1000-1500cc,Excellent (24+ km/l),Manual,Petrol,Second Owner,Yes,No,Yes
Kia,Carens,2019,50k-80k,<1000cc,Good (18-24 km/l),Manual,Diesel,First Owner,No,No,Yes
Renault,Duster,2015,80k-120k,1000-1500cc,Good (18-24 km/l),Manual,Diesel,First Owner,No,No,Yes
Mahindra,Bolero,2021,0-20k,1500-2000cc,Good (18-24 km/l),Automatic,Diesel,First Owner,Yes,No,Yes
Audi,A4,2021,0-20k,2000cc+,Average (12-18 km/l),Automatic,Diesel,First Owner,No,No,Yes
Tata,Punch,2017,20k-50k,2000cc+,Good (18-24 km/l),Manual,Petrol,Second Owner,Yes,No,Yes
Mercedes-Benz,C-Class,2023,0-20k,1500-2000cc,Good (18-24 km/l),Automatic,Diesel,First Owner,Yes,No,Yes
Toyota,Glanza,2021,0-20k,1000-1500cc,Good (18-24 km/l),Automatic,Diesel,First Owner,Yes,Yes,Yes
Toyota,Innova,2021,0-20k,2000cc+,Good (18-24 km/l),Automatic,Petrol,First Owner,Yes,No,Yes
Maruti Suzuki,Ertiga,2016,120k+,<1000cc,Good (18-24 km/l),Manual,Petrol,First Owner,Yes,Yes,Yes
Kia,Carens,2005,50k-80k,1000-1500cc,Good (18-24 km/l),Manual,Diesel,Second Owner,No,Yes,No
Tata,Harrier,2023,0-20k,2000cc+,Good (18-24 km/l),Manual,Petrol,Second Owner,Yes,No,Yes
Maruti Suzuki,Swift,2022,20k-50k,<1000cc,Excellent (24+ km/l),Manual,Diesel,Second Owner,Yes,No,Yes
Maruti Suzuki,WagonR,2012,20k-50k,1000-1500cc,Good (18-24 km/l),Manual,Petrol,First Owner,No,Yes,No
Honda,Jazz,2018,50k-80k,1000-1500cc,Good (18-24 km/l),Manual,Petrol,First Owner,No,No,Yes
Mahindra,XUV300,2021,20k-50k,2000cc+,Good (18-24 km/l),Automatic,CNG,First Owner,Yes,Yes,Yes
Ford,Figo,2021,20k-50k,1000-1500cc,Good (18-24 km/l),Automatic,Diesel,First Owner,Yes,No,Yes
Kia,Seltos,2023,0-20k,1000-1500cc,Average (12-18 km/l),Automatic,Petrol,First Owner,Yes,No,Yes
Maruti Suzuki,Baleno,2013,20k-50k,1000-1500cc,Good (18-24 km/l),Manual,Diesel,Third Owner,Yes,No,No
Volkswagen,Taigun,2019,20k-50k,<1000cc,Good (18-24 km/l),Automatic,Diesel,First Owner,Yes,No,Yes
Hyundai,i20,2011,120k+,1000-1500cc,Average (12-18 km/l),Manual,Petrol,Third Owner,No,Yes,No
Skoda,Rapid,2018,20k-50k,1000-1500cc,Excellent (24+ km/l),Manual,Electric,First Owner,Yes,No,Yes
Renault,Duster,2006,120k+,1000-1500cc,Good (18-24 km/l),Manual,Petrol,Third Owner,No,Yes,No
Honda,WR-V,2023,0-20k,1000-1500cc,Excellent (24+ km/l),Automatic,Electric,First Owner,Yes,No,Yes
Ford,Figo,2020,20k-50k,1000-1500cc,Good (18-24 km/l),Automatic,Petrol,Second Owner,Yes,No,Yes
Hyundai,i10,2023,0-20k,<1000cc,Good (18-24 km/l),Automatic,Diesel,First Owner,Yes,No,Yes
Mahindra,Scorpio,2009,80k-120k,1500-2000cc,Good (18-24 km/l),Manual,Petrol,Fourth & Above,No,Yes,No
Renault,Kwid,2015,50k-80k,1500-2000cc,Good (18-24 km/l),Manual,Hybrid,Third Owner,Yes,Yes,No
Mahindra,XUV500,2016,20k-50k,2000cc+,Average (12-18 km/l),Manual,Petrol,Second Owner,Yes,Yes,No
Tata,Tiago,2018,20k-50k,1500-2000cc,Average (12-18 km/l),Manual,Petrol,First Owner,No,No,Yes
Mahindra,Thar,2022,0-20k,2000cc+,Good (18-24 km/l),Manual,Diesel,Second Owner,Yes,No,Yes
Renault,Kwid,2018,0-20k,1500-2000cc,Good (18-24 km/l),Manual,Petrol,Second Owner,Yes,No,Yes
Tata,Nexon,2014,20k-50k,2000cc+,Good (18-24 km/l),Automatic,CNG,Second Owner,Yes,No,Yes
Maruti Suzuki,Alto,2010,120k+,1000-1500cc,Good (18-24 km/l),Automatic,Petrol,Second Owner,Yes,Yes,No
Ford,Figo,2010,0-20k,<1000cc,Excellent (24+ km/l),Manual,Diesel,Third Owner,Yes,Yes,No
Renault,Triber,2022,20k-50k,1000-1500cc,Good (18-24 km/l),Manual,Diesel,Third Owner,Yes,No,Yes
Maruti Suzuki,Swift,2019,50k-80k,1000-1500cc,Good (18-24 km/l),Manual,Petrol,First Owner,Yes,No,Yes
Hyundai,Verna,2022,0-20k,<1000cc,Excellent (24+ km/l),Automatic,Diesel,First Owner,Yes,No,Yes
Maruti Suzuki,Dzire,2021,20k-50k,<1000cc,Good (18-24 km/l),Automatic,Diesel,First Owner,Yes,No,Yes
Tata,Punch,2012,120k+,1000-1500cc,Average (12-18 km/l),Manual,Petrol,Second Owner,No,Yes,No
Mahindra,Bolero,2013,50k-80k,1000-1500cc,Good (18-24 km/l),Manual,Petrol,First Owner,No,Yes,No
Volkswagen,Vento,2022,20k-50k,1000-1500cc,Good (18-24 km/l),Manual,Petrol,First Owner,Yes,No,Yes
Toyota,Yaris,2022,20k-50k,2000cc+,Good (18-24 km/l),Automatic,Diesel,First Owner,Yes,No,Yes
Toyota,Glanza,2018,20k-50k,2000cc+,Average (12-18 km/l),Automatic,Petrol,First Owner,Yes,No,Yes
Tata,Tiago,2010,20k-50k,2000cc+,Average (12-18 km/l),Manual,Petrol,Second Owner,No,No,Yes
Skoda,Rapid,2006,120k+,<1000cc,Excellent (24+ km/l),Manual,Electric,First Owner,No,Yes,No
Mahindra,XUV500,2016,50k-80k,2000cc+,Average (12-18 km/l),Manual,Petrol,Second Owner,Yes,No,No
Mercedes-Benz,C-Class,2005,120k+,1500-2000cc,Good (18-24 km/l),Automatic,Diesel,Fourth & Above,Yes,Yes,No
Toyota,Yaris,2015,80k-120k,2000cc+,Good (18-24 km/l),Manual,Hybrid,First Owner,No,Yes,No
Maruti Suzuki,Dzire,2018,50k-80k,1500-2000cc,Good (18-24 km/l),Manual,Diesel,First Owner,No,Yes,No
Toyota,Fortuner,2012,120k+,2000cc+,Average (12-18 km/l),Manual,Petrol,First Owner,Yes,Yes,No
Tata,Tiago,2011,120k+,2000cc+,Excellent (24+ km/l),Manual,CNG,Second Owner,Yes,No,No
Ford,EcoSport,2023,0-20k,1000-1500cc,Average (12-18 km/l),Automatic,Petrol,First Owner,Yes,No,Yes
Maruti Suzuki,Swift,2020,0-20k,1500-2000cc,Good (18-24 km/l),Manual,Petrol,First Owner,Yes,No,Yes
Maruti Suzuki,Alto,2023,0-20k,1000-1500cc,Average (12-18 km/l),Manual,Hybrid,First Owner,Yes,No,Yes
Skoda,Octavia,2017,50k-80k,1000-1500cc,Good (18-24 km/l),Manual,Petrol,First Owner,No,No,Yes
Hyundai,Verna,2021,20k-50k,1000-1500cc,Good (18-24 km/l),Manual,Diesel,First Owner,Yes,Yes,Yes
Skoda,Rapid,2014,50k-80k,1000-1500cc,Good (18-24 km/l),Manual,Petrol,First Owner,No,No,Yes
Hyundai,i10,2021,20k-50k,<1000cc,Good (18-24 km/l),Manual,Petrol,First Owner,Yes,Yes,Yes
Toyota,Yaris,2012,120k+,2000cc+,Good (18-24 km/l),Manual,Diesel,Fourth & Above,No,No,No
Ford,Endeavour,2005,20k-50k,1000-1500cc,Excellent (24+ km/l),Automatic,Electric,First Owner,No,Yes,No
Mahindra,XUV300,2023,0-20k,1500-2000cc,Average (12-18 km/l),Manual,Petrol,First Owner,Yes,No,Yes
Hyundai,Venue,2020,0-20k,1000-1500cc,Good (18-24 km/l),Automatic,Petrol,First Owner,Yes,No,Yes
Hyundai,i10,2023,0-20k,1500-2000cc,Good (18-24 km/l),Automatic,Petrol,First Owner,Yes,No,Yes
Maruti Suzuki,WagonR,2017,50k-80k,1500-2000cc,Average (12-18 km/l),Manual,Petrol,First Owner,No,No,Yes
Hyundai,Creta,2017,50k-80k,1000-1500cc,Good (18-24 km/l),Automatic,Petrol,First Owner,Yes,No,Yes
Toyota,Yaris,2018,20k-50k,1500-2000cc,Average (12-18 km/l),Manual,Petrol,Second Owner,Yes,No,Yes
BMW,X1,2021,20k-50k,2000cc+,Good (18-24 km/l),Manual,Diesel,First Owner,No,No,Yes
Kia,Sonet,2020,0-20k,1000-1500cc,Good (18-24 km/l),Manual,Petrol,First Owner,Yes,No,Yes
Volkswagen,Vento,2023,0-20k,1000-1500cc,Good (18-24 km/l),Automatic,Petrol,First Owner,Yes,Yes,Yes
Renault,Kwid,2007,50k-80k,1500-2000cc,Good (18-24 km/l),Manual,Petrol,Second Owner,No,Yes,No
Toyota,Yaris,2021,20k-50k,2000cc+,Excellent (24+ km/l),Manual,CNG,First Owner,Yes,No,Yes
Hyundai,Verna,2017,0-20k,1500-2000cc,Good (18-24 km/l),Manual,Petrol,Third Owner,Yes,No,Yes
Kia,Sonet,2014,50k-80k,1000-1500cc,Average (12-18 km/l),Manual,Petrol,First Owner,No,Yes,No
Toyota,Innova,2019,120k+,1500-2000cc,Good (18-24 km/l),Manual,Diesel,Second Owner,Yes,Yes,No
Honda,City,2019,50k-80k,1000-1500cc,Good (18-24 km/l),Manual,Petrol,Second Owner,Yes,Yes,No
Maruti Suzuki,Swift,2013,80k-120k,1000-1500cc,Good (18-24 km/l),Automatic,Diesel,Fourth & Above,Yes,No,No
Mahindra,Scorpio,2014,80k-120k,1000-1500cc,Good (18-24 km/l),Manual,Petrol,Second Owner,Yes,Yes,No
Mahindra,XUV300,2018,20k-50k,2000cc+,Average (12-18 km/l),Manual,Petrol,First Owner,No,Yes,No
Skoda,Kushaq,2018,50k-80k,1500-2000cc,Average (12-18 km/l),Manual,Petrol,First Owner,Yes,No,Yes
Honda,Amaze,2017,0-20k,1000-1500cc,Good (18-24 km/l),Manual,Diesel,Second Owner,Yes,No,Yes
Tata,Nexon,2013,20k-50k,2000cc+,Average (12-18 km/l),Manual,Petrol,First Owner,Yes,Yes,No
Mercedes-Benz,GLA,2005,80k-120k,1500-2000cc,Good (18-24 km/l),Manual,Petrol,Second Owner,No,Yes,No
Maruti Suzuki,Ertiga,2023,0-20k,1000-1500cc,Good (18-24 km/l),Manual,Diesel,First Owner,Yes,No,Yes
Tata,Harrier,2023,0-20k,2000cc+,Good (18-24 km/l),Manual,Petrol,First Owner,Yes,No,Yes
Maruti Suzuki,WagonR,2019,20k-50k,1000-1500cc,Good (18-24 km/l),Manual,Diesel,First Owner,No,No,Yes
Volkswagen,Polo,2023,0-20k,<1000cc,Good (18-24 km/l),Manual,Diesel,First Owner,Yes,No,Yes
BMW,5 Series,2021,0-20k,2000cc+,Good (18-24 km/l),Automatic,Diesel,First Owner,Yes,No,Yes
Hyundai,Verna,2010,120k+,1500-2000cc,Average (12-18 km/l),Manual,Petrol,Third Owner,No,Yes,No
Skoda,Rapid,2012,80k-120k,1000-1500cc,Good (18-24 km/l),Manual,Petrol,First Owner,No,No,No
Hyundai,i20,2023,0-20k,1000-1500cc,Good (18-24 km/l),Manual,Diesel,First Owner,Yes,No,Yes
BMW,X1,2021,20k-50k,1500-2000cc,Good (18-24 km/l),Automatic,Petrol,Second Owner,Yes,No,Yes
Volkswagen,Taigun,2022,20k-50k,1000-1500cc,Good (18-24 km/l),Automatic,Diesel,First Owner,Yes,No,Yes
Renault,Triber,2023,0-20k,1000-1500cc,Excellent (24+ km/l),Manual,Diesel,First Owner,Yes,No,Yes
Maruti Suzuki,Ertiga,2019,80k-120k,1000-1500cc,Good (18-24 km/l),Manual,Diesel,First Owner,Yes,No,Yes
Audi,Q3,2009,20k-50k,2000cc+,Average (12-18 km/l),Manual,Diesel,Second Owner,No,Yes,No
Ford,Figo,2014,80k-120k,1000-1500cc,Good (18-24 km/l),Manual,Hybrid,Third Owner,No,No,No
Hyundai,i20,2010,120k+,1000-1500cc,Average (12-18 km/l),Automatic,Petrol,Second Owner,Yes,Yes,No
Renault,Duster,2014,0-20k,1000-1500cc,Good (18-24 km/l),Manual,Petrol,Second Owner,Yes,No,Yes
Hyundai,i20,2018,20k-50k,1000-1500cc,Excellent (24+ km/l),Manual,Electric,First Owner,Yes,No,Yes
Kia,Carens,2012,20k-50k,1000-1500cc,Good (18-24 km/l),Manual,Petrol,Second Owner,No,No,No
Maruti Suzuki,WagonR,2013,50k-80k,1000-1500cc,Good (18-24 km/l),Manual,Diesel,First Owner,Yes,No,Yes
Ford,Endeavour,2019,50k-80k,1000-1500cc,Good (18-24 km/l),Automatic,Diesel,Second Owner,No,No,Yes
Honda,Amaze,2017,50k-80k,1000-1500cc,Good (18-24 km/l),Manual,Diesel,First Owner,Yes,No,Yes
Maruti Suzuki,Baleno,2019,80k-120k,1000-1500cc,Good (18-24 km/l),Automatic,Diesel,First Owner,No,Yes,No
Hyundai,Venue,2018,20k-50k,1000-1500cc,Good (18-24 km/l),Manual,Petrol,Fourth & Above,Yes,No,Yes
Maruti Suzuki,Dzire,2021,20k-50k,1000-1500cc,Good (18-24 km/l),Manual,Diesel,First Owner,Yes,No,Yes
Mahindra,Thar,2023,0-20k,2000cc+,Good (18-24 km/l),Manual,Diesel,First Owner,Yes,No,Yes
Hyundai,i10,2011,120k+,1000-1500cc,Excellent (24+ km/l),Manual,CNG,First Owner,Yes,Yes,No
Honda,Jazz,2011,120k+,<1000cc,Excellent (24+ km/l),Manual,Petrol,Fourth & Above,No,Yes,No
Hyundai,i10,2023,0-20k,1500-2000cc,Good (18-24 km/l),Manual,Petrol,First Owner,Yes,No,Yes
Hyundai,Verna,2019,0-20k,1000-1500cc,Good (18-24 km/l),Manual,Petrol,Second Owner,Yes,No,Yes
Volkswagen,Taigun,2022,20k-50k,1500-2000cc,Good (18-24 km/l),Automatic,Diesel,First Owner,Yes,No,Yes
Maruti Suzuki,Dzire,2015,80k-120k,1000-1500cc,Good (18-24 km/l),Manual,Petrol,Second Owner,Yes,Yes,No
Kia,Seltos,2022,0-20k,1000-1500cc,Good (18-24 km/l),Automatic,Petrol,First Owner,Yes,No,Yes
Skoda,Octavia,2023,0-20k,1000-1500cc,Average (12-18 km/l),Manual,Petrol,First Owner,Yes,No,Yes
Toyota,Yaris,2021,50k-80k,1500-2000cc,Good (18-24 km/l),Manual,Diesel,First Owner,Yes,Yes,Yes
Honda,Jazz,2011,120k+,1500-2000cc,Average (12-18 km/l),Automatic,Petrol,Third Owner,No,No,No
Kia,Seltos,2023,0-20k,1000-1500cc,Good (18-24 km/l),Manual,Petrol,First Owner,Yes,No,Yes
Hyundai,Creta,2022,0-20k,1000-1500cc,Good (18-24 km/l),Manual,Diesel,First Owner,Yes,No,Yes
Maruti Suzuki,Baleno,2022,20k-50k,1000-1500cc,Good (18-24 km/l),Manual,Petrol,Second Owner,Yes,Yes,Yes
Hyundai,i20,2008,120k+,1000-1500cc,Good (18-24 km/l),Manual,Petrol,Second Owner,No,No,No
Renault,Duster,2022,20k-50k,1000-1500cc,Excellent (24+ km/l),Automatic,Diesel,First Owner,Yes,No,Yes
Maruti Suzuki,Baleno,2013,120k+,1500-2000cc,Good (18-24 km/l),Manual,Diesel,First Owner,No,Yes,No
Honda,Amaze,2015,20k-50k,1000-1500cc,Good (18-24 km/l),Manual,Diesel,Third Owner,Yes,Yes,No
Mercedes-Benz,GLA,2020,20k-50k,2000cc+,Average (12-18 km/l),Automatic,Petrol,Second Owner,Yes,No,No
Skoda,Kushaq,2016,80k-120k,1000-1500cc,Good (18-24 km/l),Manual,Petrol,First Owner,No,Yes,No
Mahindra,XUV500,2021,0-20k,2000cc+,Good (18-24 km/l),Automatic,Diesel,First Owner,Yes,No,Yes
Maruti Suzuki,Swift,2021,0-20k,1000-1500cc,Good (18-24 km/l),Manual,Petrol,First Owner,Yes,No,Yes
Skoda,Octavia,2011,120k+,1000-1500cc,Good (18-24 km/l),Manual,Diesel,Second Owner,No,Yes,No
Honda,WR-V,2021,20k-50k,<1000cc,Excellent (24+ km/l),Automatic,CNG,First Owner,Yes,No,Yes
Maruti Suzuki,Ertiga,2023,20k-50k,1000-1500cc,Good (18-24 km/l),Manual,Petrol,First Owner,Yes,No,Yes
Maruti Suzuki,Dzire,2013,50k-80k,<1000cc,Good (18-24 km/l),Manual,Petrol,First Owner,Yes,No,Yes
Kia,Sonet,2020,80k-120k,1000-1500cc,Excellent (24+ km/l),Manual,Petrol,First Owner,Yes,No,Yes
Toyota,Innova,2017,50k-80k,1500-2000cc,Good (18-24 km/l),Manual,Petrol,First Owner,Yes,Yes,Yes
Renault,Triber,2019,20k-50k,1000-1500cc,Excellent (24+ km/l),Manual,CNG,First Owner,Yes,No,Yes
Kia,Sonet,2016,0-20k,1000-1500cc,Good (18-24 km/l),Manual,Petrol,Third Owner,No,No,Yes
Honda,Amaze,2017,80k-120k,1000-1500cc,Good (18-24 km/l),Manual,Petrol,Second Owner,Yes,No,Yes
Mahindra,Thar,2007,120k+,1000-1500cc,Excellent (24+ km/l),Manual,CNG,Second Owner,No,No,No
Mahindra,Thar,2023,20k-50k,1000-1500cc,Good (18-24 km/l),Automatic,Petrol,First Owner,Yes,No,Yes
Hyundai,Creta,2021,0-20k,1500-2000cc,Excellent (24+ km/l),Manual,CNG,First Owner,Yes,No,Yes
Mahindra,Thar,2019,80k-120k,1500-2000cc,Good (18-24 km/l),Manual,Petrol,Second Owner,Yes,No,Yes
Volkswagen,Taigun,2018,20k-50k,1000-1500cc,Excellent (24+ km/l),Manual,CNG,Third Owner,No,No,Yes
Honda,Amaze,2020,0-20k,1000-1500cc,Good (18-24 km/l),Manual,Petrol,First Owner,Yes,No,Yes
Kia,Seltos,2018,50k-80k,1500-2000cc,Good (18-24 km/l),Automatic,Petrol,Third Owner,Yes,No,Yes
Mahindra,Thar,2017,20k-50k,1000-1500cc,Good (18-24 km/l),Manual,Petrol,First Owner,No,No,Yes
Honda,Jazz,2019,80k-120k,1000-1500cc,Good (18-24 km/l),Manual,Petrol,First Owner,Yes,No,Yes
Toyota,Fortuner,2016,50k-80k,1000-1500cc,Good (18-24 km/l),Manual,Petrol,Third Owner,Yes,No,No
Honda,Amaze,2014,20k-50k,1500-2000cc,Good (18-24 km/l),Manual,Petrol,Second Owner,No,No,Yes
Ford,Endeavour,2020,0-20k,1500-2000cc,Average (12-18 km/l),Manual,Diesel,First Owner,Yes,Yes,No
Hyundai,i10,2022,20k-50k,1000-1500cc,Good (18-24 km/l),Automatic,Diesel,First Owner,Yes,No,Yes
Mahindra,XUV500,2013,120k+,1500-2000cc,Good (18-24 km/l),Manual,Diesel,First Owner,Yes,Yes,No
Maruti Suzuki,Alto,2008,120k+,<1000cc,Excellent (24+ km/l),Manual,Diesel,Second Owner,Yes,No,No
Tata,Punch,2015,120k+,1500-2000cc,Good (18-24 km/l),Manual,Petrol,Third Owner,No,No,No
Mahindra,XUV500,2023,0-20k,2000cc+,Average (12-18 km/l),Automatic,Petrol,First Owner,Yes,No,Yes
Toyota,Yaris,2022,0-20k,2000cc+,Good (18-24 km/l),Automatic,Petrol,Fourth & Above,Yes,No,Yes
Audi,A4,2020,20k-50k,2000cc+,Good (18-24 km/l),Automatic,Petrol,Second Owner,No,No,Yes
Honda,Jazz,2023,20k-50k,1000-1500cc,Good (18-24 km/l),Manual,Diesel,First Owner,Yes,No,Yes
Volkswagen,Vento,2019,20k-50k,1500-2000cc,Good (18-24 km/l),Manual,Diesel,Fourth & Above,No,No,No
Mahindra,Scorpio,2023,0-20k,1000-1500cc,Good (18-24 km/l),Automatic,Diesel,First Owner,Yes,Yes,Yes
Toyota,Innova,2016,20k-50k,1500-2000cc,Good (18-24 km/l),Manual,CNG,Second Owner,Yes,No,Yes
Maruti Suzuki,Swift,2015,80k-120k,1000-1500cc,Average (12-18 km/l),Automatic,Diesel,First Owner,No,No,Yes
Hyundai,Verna,2021,20k-50k,1000-1500cc,Good (18-24 km/l),Manual,Hybrid,First Owner,No,Yes,Yes
Tata,Tiago,2018,20k-50k,1000-1500cc,Good (18-24 km/l),Manual,Petrol,Third Owner,Yes,No,Yes
Mahindra,XUV500,2021,0-20k,2000cc+,Good (18-24 km/l),Manual,CNG,First Owner,Yes,No,Yes
Maruti Suzuki,Dzire,2017,0-20k,1000-1500cc,Good (18-24 km/l),Manual,Petrol,First Owner,Yes,No,Yes
Maruti Suzuki,Baleno,2021,20k-50k,1000-1500cc,Excellent (24+ km/l),Manual,Petrol,First Owner,Yes,No,Yes
Hyundai,Verna,2016,20k-50k,1000-1500cc,Good (18-24 km/l),Manual,Diesel,Fourth & Above,No,Yes,No
Audi,Q3,2009,20k-50k,1500-2000cc,Good (18-24 km/l),Manual,Petrol,First Owner,Yes,No,Yes
Tata,Harrier,2023,0-20k,1500-2000cc,Average (12-18 km/l),Automatic,Petrol,Third Owner,Yes,No,Yes
Mahindra,XUV500,2023,0-20k,2000cc+,Average (12-18 km/l),Automatic,Petrol,First Owner,Yes,No,Yes
Hyundai,i20,2023,0-20k,1000-1500cc,Good (18-24 km/l),Manual,Diesel,First Owner,Yes,No,Yes
Toyota,Glanza,2021,50k-80k,1500-2000cc,Good (18-24 km/l),Manual,CNG,Second Owner,Yes,No,Yes
Hyundai,Verna,2021,0-20k,1000-1500cc,Good (18-24 km/l),Manual,Petrol,First Owner,Yes,No,Yes
Hyundai,Creta,2020,50k-80k,1000-1500cc,Good (18-24 km/l),Manual,Hybrid,Second Owner,Yes,No,Yes
Mahindra,Thar,2012,120k+,1500-2000cc,Good (18-24 km/l),Manual,Diesel,Third Owner,No,Yes,No
Maruti Suzuki,WagonR,2014,20k-50k,1000-1500cc,Good (18-24 km/l),Manual,Petrol,Second Owner,Yes,No,Yes
Maruti Suzuki,Dzire,2016,80k-120k,1000-1500cc,Good (18-24 km/l),Manual,Diesel,First Owner,Yes,No,Yes
Hyundai,Creta,2023,0-20k,1000-1500cc,Good (18-24 km/l),Manual,Hybrid,First Owner,Yes,No,Yes
Maruti Suzuki,WagonR,2014,120k+,1000-1500cc,Good (18-24 km/l),Manual,Diesel,Third Owner,No,No,No
Maruti Suzuki,Swift,2023,0-20k,1500-2000cc,Good (18-24 km/l),Automatic,Petrol,First Owner,Yes,No,Yes
Tata,Tiago,2020,0-20k,1000-1500cc,Good (18-24 km/l),Manual,Petrol,Second Owner,Yes,No,Yes
Renault,Triber,2021,0-20k,1000-1500cc,Good (18-24 km/l),Automatic,Diesel,First Owner,Yes,No,Yes
Honda,Jazz,2012,120k+,1500-2000cc,Average (12-18 km/l),Automatic,Diesel,Third Owner,No,Yes,No
Mahindra,XUV300,2016,0-20k,1000-1500cc,Good (18-24 km/l),Manual,Petrol,Second Owner,Yes,No,Yes
Hyundai,Creta,2023,0-20k,1000-1500cc,Good (18-24 km/l),Manual,Petrol,First Owner,Yes,No,Yes
BMW,X1,2016,20k-50k,2000cc+,Average (12-18 km/l),Automatic,Diesel,Second Owner,Yes,No,Yes
Tata,Nexon,2016,20k-50k,1000-1500cc,Average (12-18 km/l),Manual,Petrol,Third Owner,Yes,No,Yes
Maruti Suzuki,WagonR,2014,120k+,1000-1500cc,Good (18-24 km/l),Manual,Diesel,Third Owner,No,Yes,No
Toyota,Glanza,2012,50k-80k,1000-1500cc,Good (18-24 km/l),Manual,Diesel,Fourth & Above,No,No,No
Maruti Suzuki,Alto,2015,120k+,1000-1500cc,Good (18-24 km/l),Manual,Petrol,Second Owner,No,No,No
Tata,Altroz,2021,50k-80k,2000cc+,Average (12-18 km/l),Automatic,Petrol,Second Owner,Yes,Yes,Yes
Mahindra,Bolero,2019,50k-80k,1000-1500cc,Excellent (24+ km/l),Manual,CNG,First Owner,No,Yes,No
Kia,Sonet,2020,0-20k,1000-1500cc,Good (18-24 km/l),Manual,Diesel,First Owner,Yes,No,Yes
Mahindra,XUV500,2012,80k-120k,1500-2000cc,Excellent (24+ km/l),Manual,Diesel,Second Owner,Yes,Yes,No
Ford,EcoSport,2022,20k-50k,1000-1500cc,Good (18-24 km/l),Manual,Petrol,First Owner,Yes,No,Yes
Mercedes-Benz,GLA,2022,0-20k,2000cc+,Average (12-18 km/l),Automatic,Petrol,First Owner,Yes,No,Yes
Maruti Suzuki,Ertiga,2007,50k-80k,<1000cc,Good (18-24 km/l),Manual,Diesel,Second Owner,Yes,No,Yes
Hyundai,i10,2018,80k-120k,1500-2000cc,Good (18-24 km/l),Manual,Diesel,First Owner,Yes,Yes,No
Tata,Altroz,2010,50k-80k,2000cc+,Average (12-18 km/l),Manual,Petrol,Third Owner,No,No,No
Tata,Tiago,2022,20k-50k,1000-1500cc,Good (18-24 km/l),Manual,Petrol,Second Owner,Yes,No,Yes
Tata,Punch,2022,0-20k,1500-2000cc,Good (18-24 km/l),Manual,Petrol,First Owner,Yes,No,Yes
Kia,Sonet,2023,0-20k,1500-2000cc,Good (18-24 km/l),Manual,Petrol,First Owner,Yes,No,Yes
Ford,Figo,2015,20k-50k,1500-2000cc,Good (18-24 km/l),Manual,Hybrid,First Owner,No,Yes,Yes
Honda,Jazz,2019,120k+,1000-1500cc,Good (18-24 km/l),Manual,Petrol,Third Owner,No,Yes,No
Hyundai,Verna,2014,20k-50k,1000-1500cc,Good (18-24 km/l),Manual,Petrol,Third Owner,Yes,No,Yes
Renault,Triber,2018,50k-80k,<1000cc,Excellent (24+ km/l),Manual,Diesel,First Owner,No,No,Yes
Audi,Q3,2020,20k-50k,2000cc+,Good (18-24 km/l),Automatic,Diesel,First Owner,Yes,No,Yes
Renault,Triber,2009,120k+,<1000cc,Good (18-24 km/l),Manual,Diesel,Fourth & Above,No,No,No
Maruti Suzuki,Alto,2021,0-20k,1000-1500cc,Good (18-24 km/l),Automatic,Diesel,First Owner,Yes,Yes,Yes
Toyota,Fortuner,2020,50k-80k,1000-1500cc,Good (18-24 km/l),Manual,Petrol,First Owner,Yes,Yes,Yes
Maruti Suzuki,Dzire,2022,0-20k,1000-1500cc,Excellent (24+ km/l),Automatic,Electric,First Owner,Yes,No,Yes
Hyundai,i10,2016,120k+,1000-1500cc,Good (18-24 km/l),Manual,Petrol,First Owner,No,Yes,No
Maruti Suzuki,WagonR,2023,0-20k,1000-1500cc,Good (18-24 km/l),Manual,Petrol,First Owner,Yes,No,Yes
Honda,WR-V,2023,0-20k,1000-1500cc,Good (18-24 km/l),Manual,Petrol,First Owner,Yes,No,Yes
Ford,EcoSport,2023,0-20k,<1000cc,Excellent (24+ km/l),Manual,Diesel,First Owner,Yes,No,Yes
Maruti Suzuki,Dzire,2022,20k-50k,1000-1500cc,Good (18-24 km/l),Manual,Petrol,First Owner,Yes,Yes,Yes
Tata,Harrier,2022,20k-50k,1000-1500cc,Average (12-18 km/l),Automatic,Petrol,First Owner,Yes,No,Yes
Mahindra,XUV500,2020,20k-50k,2000cc+,Average (12-18 km/l),Manual,Petrol,Second Owner,Yes,No,Yes
Tata,Harrier,2014,80k-120k,1000-1500cc,Average (12-18 km/l),Automatic,Petrol,Second Owner,Yes,No,No
Maruti Suzuki,Alto,2021,50k-80k,1000-1500cc,Good (18-24 km/l),Manual,Petrol,First Owner,No,No,Yes
Tata,Tiago,2021,50k-80k,2000cc+,Average (12-18 km/l),Automatic,Petrol,Second Owner,Yes,No,Yes
Volkswagen,Taigun,2023,0-20k,1500-2000cc,Good (18-24 km/l),Manual,Petrol,First Owner,Yes,No,Yes
Maruti Suzuki,Baleno,2020,50k-80k,1000-1500cc,Good (18-24 km/l),Manual,Petrol,First Owner,Yes,No,Yes
Maruti Suzuki,Baleno,2016,50k-80k,1000-1500cc,Good (18-24 km/l),Manual,Petrol,Fourth & Above,No,Yes,No
Tata,Nexon,2021,80k-120k,2000cc+,Good (18-24 km/l),Manual,Diesel,Second Owner,Yes,No,Yes
BMW,5 Series,2023,0-20k,2000cc+,Average (12-18 km/l),Automatic,Petrol,Second Owner,Yes,No,Yes
Toyota,Glanza,2014,80k-120k,1500-2000cc,Average (12-18 km/l),Manual,Petrol,Third Owner,No,Yes,No
Toyota,Fortuner,2017,120k+,1000-1500cc,Excellent (24+ km/l),Manual,Diesel,First Owner,Yes,No,No
Tata,Harrier,2020,80k-120k,1000-1500cc,Good (18-24 km/l),Automatic,Hybrid,Fourth & Above,Yes,Yes,No
Honda,WR-V,2014,80k-120k,1000-1500cc,Good (18-24 km/l),Manual,Diesel,Third Owner,Yes,Yes,No
Maruti Suzuki,Swift,2007,120k+,1000-1500cc,Good (18-24 km/l),Manual,Petrol,Third Owner,Yes,Yes,No
Toyota,Glanza,2017,50k-80k,1000-1500cc,Excellent (24+ km/l),Manual,Diesel,Third Owner,No,Yes,No
BMW,X1,2023,0-20k,2000cc+,Average (12-18 km/l),Automatic,Petrol,First Owner,Yes,No,Yes
Toyota,Fortuner,2008,20k-50k,2000cc+,Good (18-24 km/l),Manual,Petrol,Fourth & Above,No,No,No
Kia,Carens,2018,20k-50k,1000-1500cc,Good (18-24 km/l),Manual,Petrol,Second Owner,No,No,Yes
Ford,EcoSport,2022,0-20k,1000-1500cc,Good (18-24 km/l),Automatic,Hybrid,First Owner,Yes,No,Yes
Maruti Suzuki,Alto,2023,20k-50k,1000-1500cc,Good (18-24 km/l),Automatic,Diesel,First Owner,Yes,No,Yes
Kia,Carens,2023,20k-50k,1500-2000cc,Good (18-24 km/l),Manual,Petrol,First Owner,Yes,No,Yes
Maruti Suzuki,Swift,2018,50k-80k,1000-1500cc,Excellent (24+ km/l),Manual,Electric,First Owner,Yes,No,Yes
Honda,City,2023,20k-50k,<1000cc,Good (18-24 km/l),Manual,Petrol,Third Owner,Yes,No,Yes
Maruti Suzuki,WagonR,2008,120k+,1000-1500cc,Good (18-24 km/l),Automatic,Petrol,First Owner,No,No,No
Maruti Suzuki,Ertiga,2022,0-20k,1000-1500cc,Good (18-24 km/l),Automatic,Diesel,Second Owner,Yes,No,Yes
Tata,Altroz,2021,0-20k,1000-1500cc,Excellent (24+ km/l),Automatic,Diesel,First Owner,Yes,No,Yes
Hyundai,Verna,2016,120k+,1000-1500cc,Good (18-24 km/l),Manual,Petrol,Fourth & Above,Yes,Yes,No
Mahindra,Bolero,2019,50k-80k,2000cc+,Average (12-18 km/l),Manual,Petrol,First Owner,Yes,Yes,No
Honda,Amaze,2012,80k-120k,1000-1500cc,Good (18-24 km/l),Manual,Petrol,Third Owner,No,Yes,No
Maruti Suzuki,Alto,2023,0-20k,1000-1500cc,Excellent (24+ km/l),Manual,Diesel,First Owner,Yes,No,Yes
Maruti Suzuki,Baleno,2017,20k-50k,<1000cc,Good (18-24 km/l),Automatic,Petrol,Second Owner,No,No,Yes
Honda,City,2021,0-20k,1500-2000cc,Good (18-24 km/l),Automatic,Diesel,First Owner,Yes,No,Yes
Tata,Nexon,2013,120k+,1500-2000cc,Average (12-18 km/l),Manual,Petrol,Fourth & Above,No,Yes,No
Ford,Endeavour,2015,20k-50k,1000-1500cc,Good (18-24 km/l),Manual,Petrol,Fourth & Above,Yes,No,Yes
Toyota,Fortuner,2023,0-20k,1000-1500cc,Good (18-24 km/l),Automatic,Petrol,First Owner,Yes,No,Yes
Skoda,Kushaq,2022,0-20k,1000-1500cc,Good (18-24 km/l),Automatic,Hybrid,First Owner,Yes,No,Yes
Ford,Figo,2023,0-20k,1000-1500cc,Good (18-24 km/l),Automatic,Diesel,First Owner,Yes,No,Yes
Tata,Punch,2016,50k-80k,1500-2000cc,Good (18-24 km/l),Manual,Diesel,First Owner,Yes,No,Yes
Toyota,Yaris,2013,50k-80k,1500-2000cc,Good (18-24 km/l),Manual,Diesel,Second Owner,No,Yes,No
Hyundai,i20,2019,80k-120k,1000-1500cc,Good (18-24 km/l),Manual,Hybrid,Third Owner,Yes,No,Yes
Hyundai,i20,2019,0-20k,1500-2000cc,Good (18-24 km/l),Manual,Petrol,First Owner,Yes,No,Yes
Renault,Triber,2014,120k+,1000-1500cc,Good (18-24 km/l),Automatic,Diesel,Third Owner,Yes,Yes,No
Mahindra,Scorpio,2022,0-20k,1500-2000cc,Good (18-24 km/l),Automatic,Diesel,First Owner,Yes,No,Yes
Renault,Triber,2018,50k-80k,1500-2000cc,Good (18-24 km/l),Manual,Diesel,First Owner,Yes,Yes,No
Renault,Duster,2014,80k-120k,1000-1500cc,Excellent (24+ km/l),Manual,CNG,Second Owner,No,No,No
Skoda,Rapid,2017,0-20k,1000-1500cc,Good (18-24 km/l),Manual,Diesel,Second Owner,No,No,Yes
BMW,5 Series,2020,50k-80k,2000cc+,Average (12-18 km/l),Manual,Diesel,Second Owner,Yes,No,No
Mahindra,Scorpio,2022,20k-50k,1500-2000cc,Good (18-24 km/l),Manual,Petrol,First Owner,Yes,No,Yes
Hyundai,i20,2019,20k-50k,<1000cc,Good (18-24 km/l),Manual,Petrol,Second Owner,Yes,No,Yes
Honda,WR-V,2020,20k-50k,1000-1500cc,Good (18-24 km/l),Manual,Petrol,First Owner,Yes,No,Yes
Tata,Tiago,2013,50k-80k,2000cc+,Good (18-24 km/l),Manual,CNG,First Owner,Yes,Yes,Yes
Honda,WR-V,2023,0-20k,1000-1500cc,Good (18-24 km/l),Manual,Petrol,First Owner,Yes,No,Yes
Ford,Figo,2023,0-20k,1500-2000cc,Good (18-24 km/l),Automatic,Diesel,First Owner,Yes,Yes,Yes
Ford,Figo,2021,20k-50k,1000-1500cc,Good (18-24 km/l),Manual,Petrol,First Owner,Yes,No,Yes
Tata,Altroz,2006,120k+,1000-1500cc,Good (18-24 km/l),Automatic,Diesel,Second Owner,No,Yes,No
Maruti Suzuki,Ertiga,2020,20k-50k,1000-1500cc,Good (18-24 km/l),Automatic,Petrol,First Owner,Yes,No,Yes
Mahindra,XUV500,2021,50k-80k,2000cc+,Good (18-24 km/l),Manual,Diesel,First Owner,No,Yes,Yes
Maruti Suzuki,Ertiga,2023,20k-50k,1000-1500cc,Average (12-18 km/l),Automatic,Diesel,First Owner,Yes,No,Yes
Kia,Seltos,2023,0-20k,1000-1500cc,Good (18-24 km/l),Manual,Petrol,First Owner,Yes,No,Yes
Tata,Harrier,2023,0-20k,2000cc+,Good (18-24 km/l),Manual,Diesel,First Owner,Yes,No,Yes
Maruti Suzuki,Alto,2009,80k-120k,1000-1500cc,Average (12-18 km/l),Manual,Petrol,Second Owner,No,Yes,No
Maruti Suzuki,Swift,2023,0-20k,1000-1500cc,Good (18-24 km/l),Automatic,Diesel,First Owner,Yes,No,Yes
Toyota,Fortuner,2021,20k-50k,2000cc+,Average (12-18 km/l),Automatic,Petrol,First Owner,Yes,No,Yes
Toyota,Yaris,2022,0-20k,1500-2000cc,Average (12-18 km/l),Automatic,Diesel,First Owner,No,No,Yes
Tata,Harrier,2018,0-20k,1500-2000cc,Good (18-24 km/l),Manual,Petrol,First Owner,Yes,Yes,Yes
Maruti Suzuki,Baleno,2017,50k-80k,1000-1500cc,Good (18-24 km/l),Manual,Petrol,First Owner,No,No,Yes
Tata,Nexon,2019,20k-50k,2000cc+,Good (18-24 km/l),Manual,Petrol,Third Owner,No,No,No
Hyundai,i20,2013,120k+,1000-1500cc,Good (18-24 km/l),Manual,Diesel,Second Owner,Yes,Yes,No
Toyota,Yaris,2017,120k+,1000-1500cc,Good (18-24 km/l),Manual,Diesel,First Owner,Yes,No,Yes
Honda,WR-V,2023,0-20k,1000-1500cc,Good (18-24 km/l),Manual,Petrol,First Owner,Yes,No,Yes
Tata,Altroz,2008,50k-80k,2000cc+,Excellent (24+ km/l),Manual,CNG,Third Owner,No,Yes,No
Hyundai,Creta,2013,120k+,<1000cc,Excellent (24+ km/l),Manual,Petrol,First Owner,Yes,No,Yes
Mercedes-Benz,C-Class,2012,20k-50k,2000cc+,Average (12-18 km/l),Automatic,Petrol,Third Owner,No,No,No
Mahindra,Scorpio,2018,50k-80k,2000cc+,Average (12-18 km/l),Manual,Petrol,Second Owner,No,No,Yes
Ford,EcoSport,2023,0-20k,1000-1500cc,Good (18-24 km/l),Manual,Petrol,First Owner,Yes,No,Yes
Maruti Suzuki,Alto,2014,120k+,1000-1500cc,Average (12-18 km/l),Manual,Petrol,Third Owner,No,Yes,No
Mahindra,Scorpio,2013,0-20k,1500-2000cc,Good (18-24 km/l),Manual,Petrol,First Owner,No,Yes,No
Maruti Suzuki,WagonR,2023,0-20k,1000-1500cc,Good (18-24 km/l),Manual,Petrol,First Owner,Yes,No,Yes
Mahindra,XUV500,2023,0-20k,2000cc+,Good (18-24 km/l),Automatic,CNG,First Owner,Yes,No,Yes
Audi,Q3,2007,50k-80k,2000cc+,Good (18-24 km/l),Manual,Petrol,First Owner,No,Yes,No
Tata,Altroz,2022,0-20k,2000cc+,Average (12-18 km/l),Manual,Petrol,First Owner,Yes,No,Yes
Maruti Suzuki,Ertiga,2021,0-20k,1000-1500cc,Good (18-24 km/l),Manual,Petrol,First Owner,Yes,No,Yes
Maruti Suzuki,Dzire,2022,0-20k,1000-1500cc,Good (18-24 km/l),Automatic,Petrol,First Owner,Yes,Yes,Yes
Tata,Punch,2019,50k-80k,2000cc+,Good (18-24 km/l),Manual,Petrol,First Owner,Yes,Yes,Yes
Maruti Suzuki,Dzire,2023,0-20k,1000-1500cc,Good (18-24 km/l),Automatic,Diesel,Second Owner,Yes,No,Yes
Maruti Suzuki,Alto,2008,50k-80k,1000-1500cc,Good (18-24 km/l),Manual,Diesel,Second Owner,No,Yes,No
Volkswagen,Polo,2015,20k-50k,1000-1500cc,Good (18-24 km/l),Manual,Petrol,Second Owner,Yes,No,Yes
Mahindra,Scorpio,2018,50k-80k,1000-1500cc,Good (18-24 km/l),Manual,Petrol,Fourth & Above,Yes,No,No
Hyundai,Verna,2019,50k-80k,1000-1500cc,Good (18-24 km/l),Manual,Diesel,First Owner,Yes,Yes,Yes
Kia,Carens,2023,0-20k,1000-1500cc,Excellent (24+ km/l),Automatic,Diesel,First Owner,Yes,No,Yes
Maruti Suzuki,Swift,2020,20k-50k,1000-1500cc,Good (18-24 km/l),Manual,Petrol,First Owner,No,No,Yes
Audi,Q3,2008,50k-80k,2000cc+,Average (12-18 km/l),Manual,Petrol,Third Owner,No,No,No
Hyundai,Venue,2018,80k-120k,1000-1500cc,Good (18-24 km/l),Automatic,Diesel,First Owner,No,No,No
Kia,Seltos,2018,0-20k,1000-1500cc,Good (18-24 km/l),Automatic,Petrol,First Owner,No,No,Yes
Honda,City,2023,0-20k,<1000cc,Excellent (24+ km/l),Automatic,CNG,First Owner,Yes,No,Yes
Renault,Triber,2020,0-20k,1000-1500cc,Average (12-18 km/l),Manual,Petrol,Second Owner,Yes,No,Yes
Mercedes-Benz,GLA,2021,0-20k,2000cc+,Average (12-18 km/l),Automatic,Diesel,First Owner,Yes,No,Yes
Hyundai,i10,2021,0-20k,<1000cc,Good (18-24 km/l),Manual,Petrol,First Owner,No,Yes,Yes
Audi,A4,2022,0-20k,2000cc+,Good (18-24 km/l),Automatic,Diesel,First Owner,Yes,Yes,Yes
Tata,Harrier,2021,50k-80k,1000-1500cc,Good (18-24 km/l),Manual,Petrol,First Owner,Yes,No,Yes
Tata,Tiago,2015,120k+,1000-1500cc,Good (18-24 km/l),Manual,Petrol,First Owner,No,No,Yes
Tata,Altroz,2023,0-20k,2000cc+,Good (18-24 km/l),Manual,Diesel,Second Owner,Yes,Yes,Yes
Honda,Amaze,2022,0-20k,<1000cc,Good (18-24 km/l),Manual,Petrol,First Owner,Yes,No,Yes
Maruti Suzuki,Swift,2022,0-20k,1000-1500cc,Good (18-24 km/l),Automatic,Petrol,First Owner,No,No,Yes
Honda,Amaze,2023,0-20k,1000-1500cc,Good (18-24 km/l),Automatic,Diesel,First Owner,Yes,No,Yes
Honda,City,2022,0-20k,1000-1500cc,Good (18-24 km/l),Automatic,Petrol,Second Owner,Yes,No,Yes
Volkswagen,Vento,2022,20k-50k,<1000cc,Excellent (24+ km/l),Manual,Diesel,First Owner,Yes,No,Yes
Skoda,Octavia,2023,0-20k,1000-1500cc,Good (18-24 km/l),Manual,Petrol,First Owner,Yes,No,Yes
Mahindra,Bolero,2013,20k-50k,1000-1500cc,Good (18-24 km/l),Manual,Diesel,First Owner,No,Yes,Yes
Hyundai,i10,2019,20k-50k,1500-2000cc,Good (18-24 km/l),Manual,Diesel,First Owner,No,Yes,No
Hyundai,i10,2020,0-20k,<1000cc,Excellent (24+ km/l),Manual,Petrol,First Owner,Yes,No,Yes
Hyundai,i20,2017,0-20k,<1000cc,Good (18-24 km/l),Manual,Petrol,Second Owner,Yes,Yes,Yes
Maruti Suzuki,WagonR,2022,20k-50k,1000-1500cc,Good (18-24 km/l),Manual,Petrol,First Owner,Yes,Yes,No
Tata,Altroz,2022,0-20k,2000cc+,Average (12-18 km/l),Automatic,Petrol,First Owner,Yes,No,Yes
Hyundai,Verna,2022,20k-50k,1000-1500cc,Good (18-24 km/l),Automatic,Petrol,First Owner,Yes,No,Yes
Audi,Q3,2023,0-20k,2000cc+,Excellent (24+ km/l),Automatic,Electric,First Owner,Yes,No,Yes
Honda,City,2016,50k-80k,1000-1500cc,Excellent (24+ km/l),Manual,CNG,Fourth & Above,Yes,No,Yes
Tata,Harrier,2022,0-20k,2000cc+,Good (18-24 km/l),Automatic,Diesel,First Owner,Yes,No,Yes
Honda,City,2020,20k-50k,1000-1500cc,Average (12-18 km/l),Automatic,Petrol,Third Owner,Yes,No,Yes
Maruti Suzuki,WagonR,2017,80k-120k,1500-2000cc,Excellent (24+ km/l),Manual,CNG,Second Owner,Yes,No,No
Mahindra,XUV500,2013,120k+,1500-2000cc,Good (18-24 km/l),Manual,Diesel,Second Owner,No,Yes,No
Toyota,Innova,2023,0-20k,1000-1500cc,Good (18-24 km/l),Manual,Petrol,First Owner,Yes,Yes,Yes
Mahindra,XUV500,2020,80k-120k,1000-1500cc,Good (18-24 km/l),Automatic,Petrol,Second Owner,Yes,No,Yes
Tata,Punch,2022,0-20k,2000cc+,Good (18-24 km/l),Automatic,Diesel,Second Owner,Yes,No,Yes
Mercedes-Benz,GLA,2020,20k-50k,2000cc+,Low (<12 km/l),Automatic,Petrol,First Owner,Yes,No,Yes
Kia,Sonet,2015,50k-80k,1000-1500cc,Good (18-24 km/l),Automatic,Petrol,First Owner,Yes,Yes,No
Toyota,Fortuner,2017,0-20k,2000cc+,Good (18-24 km/l),Manual,Petrol,Second Owner,Yes,No,Yes
Honda,Jazz,2018,20k-50k,1000-1500cc,Good (18-24 km/l),Manual,Petrol,Second Owner,Yes,No,Yes
Toyota,Glanza,2023,0-20k,1000-1500cc,Good (18-24 km/l),Manual,Petrol,First Owner,Yes,No,Yes
Hyundai,i20,2005,80k-120k,1000-1500cc,Good (18-24 km/l),Manual,Petrol,Third Owner,No,No,No
Tata,Altroz,2023,0-20k,1500-2000cc,Excellent (24+ km/l),Manual,CNG,First Owner,No,No,Yes
Maruti Suzuki,Baleno,2023,0-20k,1000-1500cc,Good (18-24 km/l),Manual,Diesel,First Owner,Yes,No,Yes
Mahindra,XUV500,2023,0-20k,2000cc+,Good (18-24 km/l),Manual,Petrol,First Owner,Yes,No,Yes
Honda,City,2019,20k-50k,<1000cc,Good (18-24 km/l),Manual,Petrol,Second Owner,Yes,No,Yes
Hyundai,Creta,2023,0-20k,<1000cc,Excellent (24+ km/l),Manual,Diesel,First Owner,Yes,No,Yes
Audi,Q3,2018,50k-80k,2000cc+,Average (12-18 km/l),Manual,Petrol,Second Owner,No,No,No
Kia,Sonet,2007,120k+,1500-2000cc,Good (18-24 km/l),Manual,Petrol,Fourth & Above,No,No,No
Ford,Endeavour,2015,20k-50k,1500-2000cc,Good (18-24 km/l),Manual,Diesel,First Owner,Yes,No,No
Honda,City,2023,0-20k,1000-1500cc,Average (12-18 km/l),Manual,Petrol,First Owner,Yes,No,Yes
Skoda,Octavia,2006,80k-120k,1000-1500cc,Good (18-24 km/l),Manual,Petrol,Fourth & Above,No,No,No
Maruti Suzuki,Alto,2020,50k-80k,1000-1500cc,Excellent (24+ km/l),Automatic,CNG,Second Owner,No,No,Yes
Renault,Kwid,2010,50k-80k,1000-1500cc,Good (18-24 km/l),Automatic,Petrol,Second Owner,No,No,No
Maruti Suzuki,Dzire,2016,50k-80k,1000-1500cc,Good (18-24 km/l),Manual,Diesel,Third Owner,No,Yes,No
Renault,Triber,2011,20k-50k,1500-2000cc,Good (18-24 km/l),Manual,Petrol,Fourth & Above,Yes,Yes,No
Hyundai,i20,2023,0-20k,1000-1500cc,Good (18-24 km/l),Manual,Hybrid,First Owner,Yes,No,Yes
Kia,Sonet,2020,0-20k,1000-1500cc,Good (18-24 km/l),Manual,Diesel,Second Owner,Yes,No,Yes
BMW,5 Series,2023,0-20k,1500-2000cc,Excellent (24+ km/l),Automatic,Electric,First Owner,Yes,No,Yes
Maruti Suzuki,Alto,2021,20k-50k,1000-1500cc,Excellent (24+ km/l),Manual,Diesel,First Owner,Yes,No,Yes
Mahindra,XUV500,2023,0-20k,2000cc+,Average (12-18 km/l),Manual,Petrol,Second Owner,Yes,No,Yes
Mercedes-Benz,C-Class,2019,20k-50k,2000cc+,Average (12-18 km/l),Automatic,Diesel,Fourth & Above,Yes,Yes,No
Mahindra,Thar,2021,50k-80k,1500-2000cc,Good (18-24 km/l),Manual,Diesel,First Owner,Yes,No,Yes
Skoda,Octavia,2020,20k-50k,1000-1500cc,Good (18-24 km/l),Manual,Diesel,Second Owner,Yes,No,Yes
Honda,City,2019,0-20k,1000-1500cc,Good (18-24 km/l),Manual,Petrol,First Owner,Yes,No,Yes
Tata,Harrier,2022,0-20k,1000-1500cc,Good (18-24 km/l),Automatic,Petrol,First Owner,Yes,Yes,Yes
Hyundai,Verna,2021,20k-50k,1000-1500cc,Good (18-24 km/l),Manual,Diesel,Second Owner,Yes,No,Yes
Hyundai,i10,2022,20k-50k,1000-1500cc,Good (18-24 km/l),Manual,Petrol,First Owner,Yes,No,Yes
Volkswagen,Vento,2022,0-20k,1000-1500cc,Good (18-24 km/l),Automatic,CNG,First Owner,Yes,Yes,Yes
Tata,Tiago,2014,80k-120k,2000cc+,Good (18-24 km/l),Manual,Petrol,Third Owner,No,No,No
Mahindra,XUV500,2021,0-20k,1000-1500cc,Good (18-24 km/l),Manual,Diesel,First Owner,Yes,No,Yes
Mahindra,XUV300,2014,20k-50k,2000cc+,Average (12-18 km/l),Manual,Diesel,Third Owner,Yes,No,Yes
Honda,Jazz,2020,50k-80k,1000-1500cc,Average (12-18 km/l),Manual,Petrol,Third Owner,No,Yes,No
Skoda,Kushaq,2021,0-20k,<1000cc,Good (18-24 km/l),Automatic,Petrol,First Owner,Yes,No,Yes
Mercedes-Benz,GLA,2023,0-20k,2000cc+,Average (12-18 km/l),Automatic,Petrol,First Owner,Yes,No,Yes
Tata,Altroz,2007,120k+,1500-2000cc,Good (18-24 km/l),Manual,Diesel,Second Owner,No,No,No
Renault,Triber,2011,80k-120k,1000-1500cc,Good (18-24 km/l),Manual,Petrol,Fourth & Above,No,Yes,No
Volkswagen,Vento,2010,120k+,1000-1500cc,Excellent (24+ km/l),Automatic,Electric,Third Owner,No,No,No
Honda,City,2018,50k-80k,<1000cc,Good (18-24 km/l),Automatic,Diesel,First Owner,Yes,No,Yes
Audi,Q3,2022,50k-80k,1500-2000cc,Average (12-18 km/l),Automatic,Diesel,First Owner,Yes,Yes,Yes
Hyundai,Venue,2022,20k-50k,1000-1500cc,Excellent (24+ km/l),Automatic,CNG,Second Owner,Yes,Yes,Yes
Maruti Suzuki,Swift,2022,0-20k,<1000cc,Good (18-24 km/l),Manual,Petrol,First Owner,No,No,Yes
Skoda,Kushaq,2023,0-20k,1500-2000cc,Average (12-18 km/l),Manual,Diesel,First Owner,Yes,No,Yes
Mahindra,Scorpio,2017,0-20k,1500-2000cc,Good (18-24 km/l),Manual,Diesel,Second Owner,No,No,Yes
Skoda,Kushaq,2011,80k-120k,1000-1500cc,Average (12-18 km/l),Automatic,Petrol,Fourth & Above,No,Yes,No
Kia,Carens,2009,20k-50k,1000-1500cc,Excellent (24+ km/l),Manual,CNG,Second Owner,No,Yes,No
Maruti Suzuki,Ertiga,2023,0-20k,1500-2000cc,Good (18-24 km/l),Automatic,Diesel,Second Owner,Yes,No,Yes
Kia,Sonet,2022,20k-50k,1000-1500cc,Excellent (24+ km/l),Manual,CNG,First Owner,Yes,No,Yes
Mahindra,XUV300,2021,50k-80k,1000-1500cc,Good (18-24 km/l),Automatic,Hybrid,First Owner,Yes,No,Yes
Mahindra,Thar,2017,20k-50k,1500-2000cc,Good (18-24 km/l),Manual,Petrol,First Owner,Yes,Yes,Yes
Toyota,Yaris,2018,50k-80k,1000-1500cc,Excellent (24+ km/l),Manual,Diesel,First Owner,No,No,Yes
BMW,5 Series,2023,0-20k,2000cc+,Average (12-18 km/l),Automatic,Diesel,First Owner,Yes,No,Yes
Maruti Suzuki,Swift,2009,20k-50k,1000-1500cc,Good (18-24 km/l),Manual,Hybrid,Second Owner,No,No,No
Mahindra,Scorpio,2022,20k-50k,2000cc+,Average (12-18 km/l),Manual,Petrol,First Owner,Yes,No,Yes
Ford,Figo,2017,20k-50k,1000-1500cc,Average (12-18 km/l),Manual,Petrol,Fourth & Above,Yes,Yes,No
Ford,Endeavour,2008,80k-120k,1000-1500cc,Good (18-24 km/l),Manual,Petrol,Fourth & Above,Yes,Yes,No
Ford,EcoSport,2022,20k-50k,1000-1500cc,Average (12-18 km/l),Automatic,Petrol,First Owner,Yes,No,Yes
Maruti Suzuki,Alto,2017,0-20k,1500-2000cc,Average (12-18 km/l),Manual,Petrol,First Owner,Yes,No,Yes
Hyundai,Creta,2022,0-20k,1000-1500cc,Average (12-18 km/l),Automatic,Petrol,First Owner,Yes,No,Yes
Tata,Altroz,2021,20k-50k,1000-1500cc,Good (18-24 km/l),Automatic,Petrol,Second Owner,Yes,No,Yes
Renault,Kwid,2020,50k-80k,1000-1500cc,Good (18-24 km/l),Manual,Petrol,First Owner,Yes,No,Yes
Hyundai,Verna,2022,0-20k,1000-1500cc,Good (18-24 km/l),Automatic,Petrol,First Owner,Yes,No,Yes
Hyundai,i20,2020,50k-80k,1000-1500cc,Good (18-24 km/l),Manual,Petrol,First Owner,Yes,No,Yes
Audi,A4,2016,120k+,2000cc+,Average (12-18 km/l),Manual,Petrol,Third Owner,No,No,No
Maruti Suzuki,Baleno,2022,0-20k,1500-2000cc,Good (18-24 km/l),Manual,Petrol,First Owner,Yes,No,Yes
Mercedes-Benz,GLA,2020,20k-50k,2000cc+,Average (12-18 km/l),Automatic,Petrol,First Owner,Yes,No,Yes
Toyota,Innova,2006,120k+,2000cc+,Average (12-18 km/l),Manual,Petrol,First Owner,No,Yes,No
Renault,Kwid,2023,0-20k,1000-1500cc,Good (18-24 km/l),Manual,Petrol,First Owner,Yes,No,Yes
Hyundai,Verna,2020,20k-50k,1500-2000cc,Excellent (24+ km/l),Manual,Petrol,First Owner,Yes,No,Yes
Maruti Suzuki,Alto,2023,0-20k,1000-1500cc,Excellent (24+ km/l),Automatic,CNG,First Owner,Yes,No,Yes
Volkswagen,Vento,2023,0-20k,1000-1500cc,Good (18-24 km/l),Manual,Diesel,First Owner,Yes,No,Yes
Skoda,Octavia,2019,0-20k,1000-1500cc,Excellent (24+ km/l),Manual,Electric,Second Owner,Yes,No,Yes
Volkswagen,Polo,2019,20k-50k,1000-1500cc,Good (18-24 km/l),Manual,Petrol,First Owner,Yes,No,Yes
Maruti Suzuki,Alto,2018,20k-50k,<1000cc,Excellent (24+ km/l),Manual,Petrol,First Owner,Yes,Yes,Yes
Volkswagen,Taigun,2019,20k-50k,1000-1500cc,Average (12-18 km/l),Automatic,Hybrid,First Owner,Yes,No,Yes
Volkswagen,Vento,2023,0-20k,1000-1500cc,Good (18-24 km/l),Manual,Petrol,First Owner,Yes,No,Yes
Toyota,Yaris,2022,0-20k,2000cc+,Average (12-18 km/l),Manual,Petrol,First Owner,Yes,No,Yes
Volkswagen,Vento,2012,50k-80k,1000-1500cc,Excellent (24+ km/l),Manual,Diesel,Third Owner,No,No,No
Skoda,Rapid,2021,0-20k,1000-1500cc,Good (18-24 km/l),Manual,Petrol,First Owner,Yes,Yes,Yes
Toyota,Glanza,2023,0-20k,1500-2000cc,Good (18-24 km/l),Automatic,Diesel,First Owner,Yes,Yes,Yes
Maruti Suzuki,Dzire,2020,50k-80k,1000-1500cc,Good (18-24 km/l),Automatic,Petrol,First Owner,No,Yes,No
Mahindra,XUV300,2022,20k-50k,2000cc+,Average (12-18 km/l),Automatic,Petrol,First Owner,Yes,No,Yes
Maruti Suzuki,WagonR,2022,0-20k,1000-1500cc,Good (18-24 km/l),Manual,Petrol,First Owner,No,No,Yes
Tata,Altroz,2017,0-20k,2000cc+,Average (12-18 km/l),Automatic,Petrol,Second Owner,No,No,Yes
Tata,Punch,2018,20k-50k,1500-2000cc,Good (18-24 km/l),Manual,CNG,First Owner,Yes,Yes,Yes
Maruti Suzuki,Swift,2022,0-20k,1000-1500cc,Excellent (24+ km/l),Automatic,Diesel,First Owner,Yes,Yes,Yes
Tata,Altroz,2019,50k-80k,2000cc+,Good (18-24 km/l),Manual,Petrol,First Owner,Yes,Yes,Yes
Maruti Suzuki,Baleno,2020,20k-50k,1000-1500cc,Excellent (24+ km/l),Manual,Diesel,First Owner,Yes,No,Yes
Renault,Triber,2021,0-20k,1000-1500cc,Good (18-24 km/l),Manual,Diesel,First Owner,Yes,No,Yes
Audi,Q3,2022,20k-50k,2000cc+,Average (12-18 km/l),Automatic,Diesel,First Owner,Yes,No,Yes
Maruti Suzuki,Dzire,2016,50k-80k,1000-1500cc,Good (18-24 km/l),Manual,Petrol,Second Owner,Yes,Yes,No
Audi,A4,2013,20k-50k,1500-2000cc,Good (18-24 km/l),Manual,Petrol,Second Owner,No,No,No
Mahindra,XUV300,2016,50k-80k,1500-2000cc,Excellent (24+ km/l),Manual,Electric,First Owner,No,No,Yes
Hyundai,Creta,2019,50k-80k,1000-1500cc,Good (18-24 km/l),Manual,Petrol,First Owner,No,No,Yes
Maruti Suzuki,Dzire,2017,80k-120k,1000-1500cc,Good (18-24 km/l),Manual,CNG,First Owner,No,Yes,No
Mahindra,Bolero,2020,20k-50k,2000cc+,Average (12-18 km/l),Manual,Diesel,First Owner,No,Yes,Yes
Renault,Kwid,2009,120k+,1000-1500cc,Excellent (24+ km/l),Manual,CNG,Fourth & Above,No,No,No
Ford,Figo,2019,20k-50k,1000-1500cc,Good (18-24 km/l),Automatic,Petrol,Second Owner,No,No,Yes
Maruti Suzuki,Alto,2018,50k-80k,1000-1500cc,Good (18-24 km/l),Automatic,Diesel,Fourth & Above,Yes,Yes,No
Maruti Suzuki,Dzire,2020,50k-80k,1500-2000cc,Good (18-24 km/l),Manual,Petrol,Fourth & Above,Yes,No,Yes
Tata,Nexon,2018,80k-120k,1000-1500cc,Excellent (24+ km/l),Manual,Diesel,Second Owner,Yes,Yes,No
Hyundai,Verna,2016,80k-120k,1000-1500cc,Excellent (24+ km/l),Manual,Diesel,Third Owner,No,No,No
Hyundai,Venue,2023,0-20k,1000-1500cc,Average (12-18 km/l),Manual,Petrol,First Owner,Yes,No,Yes
Hyundai,i10,2014,80k-120k,1000-1500cc,Excellent (24+ km/l),Manual,Diesel,First Owner,Yes,Yes,Yes
Renault,Triber,2021,20k-50k,1000-1500cc,Good (18-24 km/l),Automatic,Diesel,First Owner,Yes,No,Yes
BMW,3 Series,2023,20k-50k,1500-2000cc,Good (18-24 km/l),Automatic,Diesel,First Owner,Yes,No,Yes
Tata,Nexon,2020,20k-50k,1500-2000cc,Excellent (24+ km/l),Manual,CNG,Second Owner,Yes,Yes,Yes
Kia,Sonet,2023,0-20k,1000-1500cc,Good (18-24 km/l),Manual,Diesel,First Owner,Yes,No,Yes
Tata,Altroz,2012,50k-80k,2000cc+,Average (12-18 km/l),Manual,Petrol,Second Owner,Yes,No,No
Mahindra,Thar,2019,20k-50k,2000cc+,Average (12-18 km/l),Manual,Hybrid,Second Owner,Yes,No,Yes
Hyundai,i20,2019,0-20k,<1000cc,Good (18-24 km/l),Manual,Diesel,First Owner,No,No,Yes
Toyota,Yaris,2005,80k-120k,2000cc+,Good (18-24 km/l),Manual,Petrol,Fourth & Above,No,No,No
Mercedes-Benz,C-Class,2019,20k-50k,2000cc+,Average (12-18 km/l),Automatic,Petrol,Third Owner,Yes,No,Yes
Honda,City,2018,20k-50k,1000-1500cc,Good (18-24 km/l),Manual,Hybrid,First Owner,Yes,No,Yes
Tata,Punch,2021,20k-50k,1000-1500cc,Good (18-24 km/l),Automatic,Diesel,First Owner,Yes,No,Yes
Toyota,Glanza,2023,0-20k,1500-2000cc,Good (18-24 km/l),Manual,Petrol,First Owner,Yes,No,Yes
Maruti Suzuki,Swift,2011,80k-120k,1000-1500cc,Good (18-24 km/l),Manual,Petrol,Second Owner,Yes,Yes,No
Kia,Seltos,2017,50k-80k,1000-1500cc,Good (18-24 km/l),Manual,Petrol,First Owner,Yes,No,Yes
Mahindra,Thar,2019,0-20k,1000-1500cc,Excellent (24+ km/l),Manual,Electric,First Owner,Yes,Yes,Yes
Mahindra,XUV300,2019,0-20k,2000cc+,Average (12-18 km/l),Manual,Petrol,Second Owner,Yes,No,Yes
Honda,City,2022,0-20k,1000-1500cc,Good (18-24 km/l),Manual,Petrol,First Owner,Yes,Yes,Yes
Toyota,Innova,2019,20k-50k,2000cc+,Good (18-24 km/l),Manual,Diesel,Second Owner,Yes,No,Yes
Maruti Suzuki,Swift,2007,0-20k,1000-1500cc,Good (18-24 km/l),Manual,Petrol,Fourth & Above,Yes,No,Yes
Ford,EcoSport,2021,0-20k,1000-1500cc,Average (12-18 km/l),Manual,Petrol,First Owner,Yes,No,Yes
Hyundai,Creta,2023,0-20k,<1000cc,Good (18-24 km/l),Automatic,Diesel,Second Owner,Yes,No,Yes
Ford,Figo,2020,0-20k,1000-1500cc,Good (18-24 km/l),Automatic,CNG,Second Owner,Yes,No,Yes
Renault,Triber,2020,20k-50k,1500-2000cc,Good (18-24 km/l),Automatic,Petrol,Second Owner,No,No,Yes
Renault,Triber,2013,120k+,1500-2000cc,Excellent (24+ km/l),Manual,CNG,Third Owner,No,Yes,No
Honda,Amaze,2015,50k-80k,1500-2000cc,Average (12-18 km/l),Manual,Petrol,Second Owner,Yes,Yes,No
Mahindra,Scorpio,2015,20k-50k,2000cc+,Low (<12 km/l),Manual,Petrol,Second Owner,Yes,Yes,No
Maruti Suzuki,Swift,2019,80k-120k,<1000cc,Excellent (24+ km/l),Manual,Petrol,Third Owner,Yes,Yes,No
Volkswagen,Polo,2023,0-20k,<1000cc,Average (12-18 km/l),Automatic,Petrol,First Owner,Yes,No,Yes
Hyundai,Venue,2020,0-20k,1500-2000cc,Good (18-24 km/l),Manual,Petrol,First Owner,Yes,No,Yes
Mahindra,XUV300,2014,0-20k,1000-1500cc,Good (18-24 km/l),Manual,Petrol,First Owner,No,No,Yes
Hyundai,Venue,2016,20k-50k,1500-2000cc,Good (18-24 km/l),Manual,Petrol,Third Owner,No,No,No
Maruti Suzuki,WagonR,2018,50k-80k,1500-2000cc,Good (18-24 km/l),Manual,Diesel,Third Owner,No,Yes,No
Toyota,Yaris,2021,0-20k,1500-2000cc,Good (18-24 km/l),Automatic,Diesel,First Owner,Yes,No,Yes
Maruti Suzuki,Swift,2019,0-20k,1500-2000cc,Good (18-24 km/l),Manual,Diesel,First Owner,Yes,No,Yes
Volkswagen,Taigun,2018,20k-50k,1000-1500cc,Good (18-24 km/l),Manual,Petrol,First Owner,Yes,No,Yes
Hyundai,i20,2020,50k-80k,1000-1500cc,Good (18-24 km/l),Automatic,Petrol,Third Owner,Yes,No,Yes
Maruti Suzuki,Baleno,2015,80k-120k,1000-1500cc,Good (18-24 km/l),Manual,Petrol,First Owner,Yes,Yes,No
Mahindra,Thar,2010,120k+,1500-2000cc,Average (12-18 km/l),Automatic,Petrol,First Owner,Yes,Yes,No
Maruti Suzuki,WagonR,2007,50k-80k,1000-1500cc,Good (18-24 km/l),Manual,Diesel,First Owner,No,Yes,No
Hyundai,i10,2016,20k-50k,1500-2000cc,Good (18-24 km/l),Manual,Diesel,Fourth & Above,Yes,No,Yes
Ford,EcoSport,2011,120k+,1000-1500cc,Excellent (24+ km/l),Manual,CNG,First Owner,Yes,No,Yes
Maruti Suzuki,WagonR,2017,0-20k,1000-1500cc,Good (18-24 km/l),Manual,Petrol,Third Owner,No,No,Yes
Skoda,Rapid,2022,20k-50k,1500-2000cc,Good (18-24 km/l),Automatic,Petrol,First Owner,Yes,No,Yes
Maruti Suzuki,Baleno,2021,0-20k,1000-1500cc,Good (18-24 km/l),Manual,Petrol,First Owner,No,Yes,Yes
Hyundai,Creta,2021,20k-50k,<1000cc,Good (18-24 km/l),Manual,Petrol,First Owner,Yes,No,Yes
Volkswagen,Taigun,2023,0-20k,<1000cc,Good (18-24 km/l),Manual,Diesel,First Owner,Yes,No,Yes
Hyundai,Creta,2016,20k-50k,1000-1500cc,Good (18-24 km/l),Manual,Petrol,Second Owner,No,No,Yes
Maruti Suzuki,Ertiga,2023,0-20k,1500-2000cc,Good (18-24 km/l),Manual,Diesel,First Owner,Yes,No,Yes
Tata,Harrier,2018,0-20k,2000cc+,Average (12-18 km/l),Manual,Petrol,First Owner,No,No,Yes
Hyundai,i10,2018,50k-80k,1500-2000cc,Good (18-24 km/l),Manual,CNG,Fourth & Above,No,No,No
Skoda,Rapid,2018,20k-50k,1000-1500cc,Average (12-18 km/l),Manual,Petrol,First Owner,Yes,No,Yes
Hyundai,Creta,2011,120k+,1000-1500cc,Good (18-24 km/l),Manual,Petrol,Fourth & Above,Yes,Yes,No
Renault,Duster,2023,0-20k,<1000cc,Excellent (24+ km/l),Manual,Petrol,First Owner,Yes,No,Yes
Kia,Carens,2013,50k-80k,1000-1500cc,Average (12-18 km/l),Manual,Petrol,Second Owner,No,No,No
Mahindra,XUV300,2017,120k+,2000cc+,Good (18-24 km/l),Manual,Diesel,Second Owner,Yes,Yes,No
Kia,Seltos,2017,20k-50k,1000-1500cc,Good (18-24 km/l),Manual,Diesel,First Owner,No,No,Yes
Tata,Nexon,2010,120k+,2000cc+,Good (18-24 km/l),Manual,Diesel,Second Owner,No,Yes,No
Audi,Q3,2013,50k-80k,2000cc+,Average (12-18 km/l),Automatic,Petrol,Second Owner,Yes,Yes,No
Maruti Suzuki,Alto,2008,120k+,1000-1500cc,Good (18-24 km/l),Automatic,Hybrid,Third Owner,No,Yes,No
Ford,EcoSport,2016,80k-120k,1000-1500cc,Good (18-24 km/l),Manual,Petrol,Second Owner,No,Yes,No
Mahindra,XUV300,2023,0-20k,1000-1500cc,Good (18-24 km/l),Manual,Petrol,First Owner,Yes,No,Yes
Tata,Tiago,2017,50k-80k,1500-2000cc,Good (18-24 km/l),Manual,Hybrid,First Owner,Yes,No,No
Toyota,Innova,2012,120k+,2000cc+,Good (18-24 km/l),Manual,Hybrid,Second Owner,No,Yes,No
Ford,Figo,2021,20k-50k,1000-1500cc,Excellent (24+ km/l),Manual,Diesel,First Owner,Yes,No,Yes
Maruti Suzuki,Alto,2023,0-20k,<1000cc,Good (18-24 km/l),Manual,Petrol,First Owner,No,No,Yes
Maruti Suzuki,Swift,2015,120k+,1000-1500cc,Good (18-24 km/l),Manual,Petrol,Second Owner,No,No,No
Ford,EcoSport,2016,50k-80k,1000-1500cc,Good (18-24 km/l),Manual,Diesel,First Owner,Yes,No,Yes
Toyota,Innova,2023,0-20k,2000cc+,Average (12-18 km/l),Automatic,Diesel,First Owner,Yes,No,Yes
Audi,A4,2014,120k+,1500-2000cc,Good (18-24 km/l),Automatic,Petrol,Second Owner,Yes,Yes,No
Volkswagen,Vento,2019,20k-50k,1000-1500cc,Good (18-24 km/l),Manual,Diesel,First Owner,Yes,No,Yes
Audi,A4,2015,20k-50k,1500-2000cc,Good (18-24 km/l),Automatic,Petrol,Third Owner,Yes,Yes,No
Ford,Endeavour,2023,0-20k,1000-1500cc,Good (18-24 km/l),Manual,Diesel,First Owner,Yes,No,Yes
Hyundai,Venue,2023,0-20k,<1000cc,Good (18-24 km/l),Manual,Diesel,First Owner,Yes,No,Yes
Maruti Suzuki,WagonR,2022,0-20k,<1000cc,Excellent (24+ km/l),Manual,Hybrid,First Owner,Yes,Yes,Yes
Renault,Kwid,2017,50k-80k,1000-1500cc,Average (12-18 km/l),Automatic,Diesel,First Owner,No,Yes,Yes
Toyota,Yaris,2018,80k-120k,1000-1500cc,Good (18-24 km/l),Manual,Petrol,Second Owner,Yes,Yes,No
Maruti Suzuki,WagonR,2015,80k-120k,1500-2000cc,Good (18-24 km/l),Manual,Petrol,Second Owner,Yes,No,Yes
Tata,Punch,2023,0-20k,1500-2000cc,Average (12-18 km/l),Automatic,Diesel,Second Owner,Yes,No,Yes
Audi,Q3,2023,0-20k,1500-2000cc,Average (12-18 km/l),Automatic,Petrol,First Owner,Yes,No,Yes
Mahindra,Scorpio,2018,50k-80k,2000cc+,Good (18-24 km/l),Automatic,CNG,First Owner,Yes,Yes,No
Mahindra,XUV300,2021,50k-80k,1000-1500cc,Good (18-24 km/l),Manual,Petrol,First Owner,No,No,Yes
Mahindra,Thar,2013,80k-120k,2000cc+,Excellent (24+ km/l),Manual,CNG,Second Owner,No,No,No
Hyundai,i20,2019,0-20k,1000-1500cc,Good (18-24 km/l),Manual,Petrol,First Owner,Yes,No,Yes
Tata,Nexon,2021,20k-50k,1000-1500cc,Good (18-24 km/l),Automatic,Petrol,First Owner,No,No,Yes
Tata,Tiago,2018,50k-80k,1000-1500cc,Excellent (24+ km/l),Manual,Petrol,Second Owner,Yes,Yes,Yes
Maruti Suzuki,Ertiga,2017,80k-120k,1000-1500cc,Good (18-24 km/l),Manual,Diesel,First Owner,Yes,No,Yes
Volkswagen,Taigun,2005,20k-50k,1000-1500cc,Good (18-24 km/l),Manual,Diesel,Fourth & Above,No,Yes,No
Tata,Harrier,2022,0-20k,1500-2000cc,Average (12-18 km/l),Manual,Petrol,First Owner,Yes,Yes,Yes
Renault,Duster,2023,0-20k,1500-2000cc,Average (12-18 km/l),Automatic,Petrol,First Owner,Yes,No,Yes
Skoda,Kushaq,2023,0-20k,1000-1500cc,Good (18-24 km/l),Manual,Petrol,First Owner,Yes,No,Yes
Hyundai,Verna,2022,20k-50k,1000-1500cc,Good (18-24 km/l),Manual,Petrol,First Owner,Yes,Yes,Yes
Toyota,Glanza,2020,0-20k,1500-2000cc,Excellent (24+ km/l),Manual,CNG,First Owner,Yes,No,Yes
Mahindra,Bolero,2016,120k+,1500-2000cc,Good (18-24 km/l),Manual,Diesel,Second Owner,Yes,No,Yes
Kia,Seltos,2023,0-20k,1000-1500cc,Average (12-18 km/l),Automatic,Petrol,First Owner,No,No,Yes
Hyundai,i10,2020,0-20k,1000-1500cc,Good (18-24 km/l),Automatic,Petrol,Second Owner,Yes,No,Yes
Toyota,Glanza,2021,20k-50k,1000-1500cc,Good (18-24 km/l),Manual,Petrol,First Owner,Yes,No,Yes
Honda,WR-V,2021,0-20k,1000-1500cc,Average (12-18 km/l),Automatic,Diesel,First Owner,Yes,No,Yes
Hyundai,Venue,2022,0-20k,1000-1500cc,Good (18-24 km/l),Automatic,Diesel,First Owner,Yes,No,Yes
Maruti Suzuki,Ertiga,2006,120k+,1000-1500cc,Good (18-24 km/l),Automatic,Diesel,Third Owner,No,No,No
Toyota,Glanza,2015,50k-80k,2000cc+,Average (12-18 km/l),Manual,Diesel,First Owner,Yes,No,Yes
Volkswagen,Taigun,2021,20k-50k,1000-1500cc,Good (18-24 km/l),Manual,Petrol,First Owner,Yes,No,Yes
Hyundai,Creta,2023,20k-50k,1000-1500cc,Good (18-24 km/l),Automatic,Hybrid,First Owner,Yes,Yes,Yes
Toyota,Innova,2021,0-20k,1000-1500cc,Excellent (24+ km/l),Manual,Petrol,First Owner,Yes,No,Yes
Tata,Nexon,2018,80k-120k,1000-1500cc,Good (18-24 km/l),Manual,Diesel,First Owner,Yes,No,Yes
Ford,EcoSport,2018,20k-50k,1000-1500cc,Good (18-24 km/l),Manual,Petrol,First Owner,Yes,No,Yes
Hyundai,i10,2022,0-20k,1000-1500cc,Average (12-18 km/l),Automatic,Petrol,Second Owner,Yes,No,Yes
Kia,Seltos,2022,0-20k,1000-1500cc,Good (18-24 km/l),Manual,Petrol,First Owner,Yes,No,Yes
Hyundai,i10,2021,0-20k,1000-1500cc,Good (18-24 km/l),Automatic,Petrol,First Owner,Yes,No,Yes
Tata,Altroz,2016,80k-120k,1000-1500cc,Good (18-24 km/l),Automatic,Petrol,Second Owner,Yes,Yes,No
Maruti Suzuki,Alto,2023,0-20k,1000-1500cc,Good (18-24 km/l),Automatic,Petrol,First Owner,Yes,Yes,Yes
Maruti Suzuki,Dzire,2020,0-20k,1500-2000cc,Good (18-24 km/l),Manual,Diesel,First Owner,Yes,No,Yes
Mahindra,XUV300,2022,20k-50k,1500-2000cc,Good (18-24 km/l),Automatic,Diesel,Second Owner,Yes,No,Yes
Hyundai,Verna,2015,50k-80k,1000-1500cc,Good (18-24 km/l),Manual,Petrol,First Owner,Yes,No,Yes
Skoda,Kushaq,2017,20k-50k,1000-1500cc,Good (18-24 km/l),Manual,Petrol,Third Owner,Yes,No,Yes
Maruti Suzuki,Baleno,2023,0-20k,1000-1500cc,Good (18-24 km/l),Automatic,Diesel,First Owner,Yes,No,Yes
Tata,Punch,2009,120k+,1500-2000cc,Good (18-24 km/l),Automatic,Diesel,First Owner,No,No,No
Tata,Punch,2020,20k-50k,2000cc+,Good (18-24 km/l),Manual,Diesel,Fourth & Above,Yes,No,Yes
Maruti Suzuki,Ertiga,2019,20k-50k,1500-2000cc,Good (18-24 km/l),Manual,Hybrid,First Owner,Yes,No,Yes
Maruti Suzuki,Baleno,2022,20k-50k,1000-1500cc,Average (12-18 km/l),Automatic,Petrol,First Owner,Yes,No,Yes
Tata,Punch,2016,50k-80k,2000cc+,Average (12-18 km/l),Manual,Petrol,Third Owner,Yes,Yes,No
Mahindra,Scorpio,2015,20k-50k,2000cc+,Good (18-24 km/l),Manual,Diesel,First Owner,Yes,Yes,Yes
Tata,Punch,2023,0-20k,2000cc+,Average (12-18 km/l),Automatic,Diesel,First Owner,Yes,No,Yes
Honda,Jazz,2020,80k-120k,1000-1500cc,Excellent (24+ km/l),Manual,Petrol,First Owner,Yes,No,Yes
Honda,Jazz,2011,20k-50k,<1000cc,Good (18-24 km/l),Manual,Diesel,Third Owner,No,Yes,No
Maruti Suzuki,Dzire,2014,120k+,1000-1500cc,Good (18-24 km/l),Manual,Petrol,First Owner,No,No,No
Mahindra,XUV500,2023,0-20k,1000-1500cc,Good (18-24 km/l),Manual,Petrol,First Owner,Yes,No,Yes
Audi,Q3,2014,0-20k,2000cc+,Good (18-24 km/l),Manual,Petrol,Third Owner,Yes,Yes,Yes
Mahindra,Scorpio,2021,0-20k,1500-2000cc,Average (12-18 km/l),Manual,Petrol,First Owner,Yes,No,Yes
Toyota,Innova,2018,0-20k,1500-2000cc,Average (12-18 km/l),Manual,Petrol,First Owner,No,No,Yes
Hyundai,i20,2023,0-20k,1000-1500cc,Average (12-18 km/l),Manual,Petrol,First Owner,Yes,No,Yes
Volkswagen,Vento,2022,20k-50k,1000-1500cc,Good (18-24 km/l),Automatic,Diesel,First Owner,Yes,No,Yes
Volkswagen,Polo,2020,50k-80k,1000-1500cc,Average (12-18 km/l),Automatic,Petrol,Second Owner,Yes,Yes,No
Mahindra,XUV500,2006,120k+,1000-1500cc,Good (18-24 km/l),Manual,Petrol,Fourth & Above,No,No,No
Mercedes-Benz,GLA,2023,0-20k,2000cc+,Average (12-18 km/l),Automatic,Petrol,First Owner,Yes,No,Yes
Maruti Suzuki,WagonR,2019,20k-50k,1000-1500cc,Good (18-24 km/l),Manual,Diesel,First Owner,Yes,No,Yes
Maruti Suzuki,Alto,2023,0-20k,1000-1500cc,Good (18-24 km/l),Automatic,Diesel,First Owner,Yes,No,Yes
Volkswagen,Taigun,2019,20k-50k,1000-1500cc,Good (18-24 km/l),Manual,Diesel,Second Owner,Yes,No,Yes
Renault,Triber,2021,0-20k,1000-1500cc,Good (18-24 km/l),Manual,Petrol,First Owner,No,No,Yes
Maruti Suzuki,Ertiga,2010,80k-120k,1000-1500cc,Good (18-24 km/l),Manual,Petrol,Third Owner,No,Yes,No
Hyundai,i20,2022,20k-50k,1000-1500cc,Average (12-18 km/l),Manual,Diesel,Second Owner,Yes,No,Yes
Maruti Suzuki,Dzire,2017,50k-80k,1000-1500cc,Good (18-24 km/l),Manual,Diesel,First Owner,Yes,No,Yes
Hyundai,Creta,2017,80k-120k,1000-1500cc,Good (18-24 km/l),Manual,Petrol,First Owner,Yes,No,Yes
Volkswagen,Taigun,2012,50k-80k,1000-1500cc,Good (18-24 km/l),Manual,Petrol,Fourth & Above,No,No,No
Mahindra,Scorpio,2013,50k-80k,2000cc+,Excellent (24+ km/l),Automatic,CNG,Third Owner,No,Yes,No
Tata,Harrier,2014,80k-120k,2000cc+,Good (18-24 km/l),Manual,Diesel,Third Owner,Yes,Yes,No
Tata,Tiago,2017,50k-80k,1000-1500cc,Excellent (24+ km/l),Manual,CNG,First Owner,No,No,Yes
Maruti Suzuki,WagonR,2023,0-20k,1000-1500cc,Good (18-24 km/l),Manual,Petrol,First Owner,Yes,No,Yes
Hyundai,i20,2018,20k-50k,1500-2000cc,Good (18-24 km/l),Manual,Petrol,Second Owner,Yes,No,Yes
Toyota,Innova,2022,20k-50k,2000cc+,Good (18-24 km/l),Automatic,Petrol,First Owner,Yes,No,Yes
Audi,A4,2010,80k-120k,1500-2000cc,Good (18-24 km/l),Automatic,Petrol,Third Owner,No,Yes,No
Skoda,Rapid,2020,0-20k,1000-1500cc,Good (18-24 km/l),Automatic,Diesel,Second Owner,No,No,Yes
Maruti Suzuki,Baleno,2019,20k-50k,1000-1500cc,Good (18-24 km/l),Manual,Diesel,Fourth & Above,Yes,Yes,No
Kia,Sonet,2023,20k-50k,1000-1500cc,Good (18-24 km/l),Automatic,Petrol,First Owner,Yes,No,Yes
Renault,Kwid,2022,20k-50k,1500-2000cc,Good (18-24 km/l),Automatic,Petrol,First Owner,Yes,No,Yes
Renault,Kwid,2019,50k-80k,1500-2000cc,Average (12-18 km/l),Manual,Petrol,First Owner,Yes,No,Yes
Mahindra,Bolero,2022,0-20k,1500-2000cc,Excellent (24+ km/l),Manual,CNG,Second Owner,No,Yes,Yes
Tata,Tiago,2014,50k-80k,2000cc+,Average (12-18 km/l),Automatic,Petrol,Second Owner,Yes,No,Yes
Hyundai,Verna,2020,20k-50k,<1000cc,Good (18-24 km/l),Manual,Petrol,First Owner,No,Yes,Yes
Maruti Suzuki,Baleno,2010,50k-80k,1000-1500cc,Good (18-24 km/l),Manual,Petrol,Second Owner,No,No,Yes
Hyundai,Verna,2017,20k-50k,1000-1500cc,Good (18-24 km/l),Manual,Diesel,First Owner,Yes,Yes,Yes
Hyundai,Creta,2015,0-20k,1000-1500cc,Excellent (24+ km/l),Automatic,CNG,First Owner,No,Yes,Yes
Mahindra,Thar,2022,0-20k,1000-1500cc,Good (18-24 km/l),Manual,Petrol,Third Owner,No,No,Yes
Volkswagen,Taigun,2019,20k-50k,1000-1500cc,Good (18-24 km/l),Manual,Petrol,First Owner,Yes,Yes,Yes
Mahindra,XUV500,2022,20k-50k,2000cc+,Average (12-18 km/l),Automatic,Petrol,First Owner,Yes,No,Yes
Maruti Suzuki,Dzire,2020,20k-50k,<1000cc,Average (12-18 km/l),Manual,Petrol,Second Owner,No,Yes,No
Audi,Q3,2011,120k+,1500-2000cc,Average (12-18 km/l),Manual,Petrol,Third Owner,No,No,No
BMW,3 Series,2022,0-20k,1500-2000cc,Good (18-24 km/l),Automatic,Petrol,Second Owner,Yes,No,Yes
Renault,Triber,2022,50k-80k,1500-2000cc,Excellent (24+ km/l),Automatic,CNG,First Owner,No,No,Yes
Mercedes-Benz,GLA,2023,0-20k,2000cc+,Average (12-18 km/l),Manual,Diesel,First Owner,Yes,No,Yes
Honda,Jazz,2020,0-20k,1000-1500cc,Good (18-24 km/l),Automatic,Diesel,Fourth & Above,Yes,No,Yes
Audi,A4,2022,0-20k,2000cc+,Average (12-18 km/l),Automatic,Diesel,First Owner,No,No,Yes
Maruti Suzuki,Swift,2022,0-20k,1000-1500cc,Good (18-24 km/l),Manual,Petrol,First Owner,Yes,No,Yes
Tata,Nexon,2013,80k-120k,1000-1500cc,Good (18-24 km/l),Manual,Petrol,First Owner,No,No,Yes
Hyundai,Creta,2013,80k-120k,1000-1500cc,Excellent (24+ km/l),Manual,Diesel,Fourth & Above,No,Yes,No
Hyundai,i20,2010,20k-50k,<1000cc,Excellent (24+ km/l),Manual,Diesel,Second Owner,No,No,No
Maruti Suzuki,Alto,2017,20k-50k,1500-2000cc,Good (18-24 km/l),Manual,Diesel,First Owner,Yes,No,Yes
Toyota,Fortuner,2019,0-20k,2000cc+,Good (18-24 km/l),Automatic,Diesel,First Owner,Yes,No,Yes
Renault,Kwid,2023,20k-50k,<1000cc,Excellent (24+ km/l),Manual,CNG,First Owner,Yes,Yes,Yes
Honda,WR-V,2019,20k-50k,1000-1500cc,Good (18-24 km/l),Manual,Diesel,First Owner,No,No,Yes
Maruti Suzuki,Alto,2022,20k-50k,1000-1500cc,Good (18-24 km/l),Manual,Petrol,First Owner,Yes,No,Yes
Renault,Kwid,2021,20k-50k,1000-1500cc,Good (18-24 km/l),Manual,Petrol,First Owner,Yes,No,Yes
Toyota,Yaris,2014,50k-80k,1500-2000cc,Good (18-24 km/l),Manual,Petrol,First Owner,Yes,Yes,No
Tata,Altroz,2009,120k+,2000cc+,Good (18-24 km/l),Manual,Diesel,Third Owner,No,Yes,No
Toyota,Innova,2020,20k-50k,1500-2000cc,Average (12-18 km/l),Automatic,Petrol,First Owner,Yes,No,Yes
Hyundai,i20,2021,20k-50k,1500-2000cc,Average (12-18 km/l),Automatic,Petrol,First Owner,No,No,Yes
Tata,Nexon,2023,0-20k,1000-1500cc,Good (18-24 km/l),Automatic,Hybrid,First Owner,Yes,No,Yes
BMW,3 Series,2017,0-20k,1500-2000cc,Good (18-24 km/l),Automatic,Petrol,First Owner,Yes,No,Yes
Hyundai,Creta,2023,0-20k,1500-2000cc,Average (12-18 km/l),Automatic,Petrol,First Owner,Yes,No,Yes
Mahindra,Scorpio,2018,20k-50k,1500-2000cc,Good (18-24 km/l),Manual,Petrol,Third Owner,Yes,Yes,No
Kia,Carens,2021,0-20k,<1000cc,Excellent (24+ km/l),Automatic,CNG,First Owner,No,No,Yes
Ford,EcoSport,2020,20k-50k,1000-1500cc,Good (18-24 km/l),Manual,Diesel,Third Owner,Yes,No,No
Maruti Suzuki,WagonR,2009,120k+,1000-1500cc,Excellent (24+ km/l),Manual,Diesel,Second Owner,No,No,No
Maruti Suzuki,Swift,2010,50k-80k,1000-1500cc,Good (18-24 km/l),Manual,Diesel,Fourth & Above,Yes,No,No
Maruti Suzuki,Swift,2007,120k+,1000-1500cc,Excellent (24+ km/l),Manual,Electric,Fourth & Above,No,Yes,No
Toyota,Innova,2018,0-20k,2000cc+,Average (12-18 km/l),Manual,Petrol,Third Owner,Yes,No,Yes
Mahindra,XUV300,2022,0-20k,1500-2000cc,Good (18-24 km/l),Manual,Petrol,First Owner,Yes,No,Yes
Maruti Suzuki,Alto,2014,120k+,1000-1500cc,Good (18-24 km/l),Manual,Petrol,First Owner,No,Yes,No
Audi,A4,2020,20k-50k,2000cc+,Average (12-18 km/l),Automatic,Petrol,First Owner,Yes,No,Yes
Mahindra,Bolero,2016,50k-80k,1000-1500cc,Good (18-24 km/l),Manual,Petrol,Second Owner,Yes,No,Yes
Hyundai,i10,2022,0-20k,1000-1500cc,Excellent (24+ km/l),Manual,Electric,First Owner,Yes,No,Yes
Mahindra,Thar,2022,20k-50k,1500-2000cc,Good (18-24 km/l),Manual,Petrol,First Owner,Yes,No,Yes
Toyota,Glanza,2022,0-20k,1500-2000cc,Average (12-18 km/l),Automatic,Diesel,First Owner,Yes,No,Yes
Maruti Suzuki,Alto,2020,0-20k,1000-1500cc,Good (18-24 km/l),Manual,Diesel,Second Owner,Yes,No,Yes
Hyundai,Creta,2016,20k-50k,<1000cc,Good (18-24 km/l),Manual,Petrol,First Owner,Yes,Yes,No
Renault,Triber,2022,20k-50k,1500-2000cc,Excellent (24+ km/l),Automatic,Electric,First Owner,No,No,Yes
Mahindra,Bolero,2014,20k-50k,1000-1500cc,Good (18-24 km/l),Automatic,Diesel,Fourth & Above,Yes,No,No
Honda,Amaze,2016,20k-50k,1000-1500cc,Good (18-24 km/l),Automatic,Diesel,Third Owner,Yes,No,No
Mahindra,XUV300,2014,120k+,1000-1500cc,Good (18-24 km/l),Manual,Petrol,Third Owner,Yes,No,No
Maruti Suzuki,Dzire,2021,0-20k,<1000cc,Good (18-24 km/l),Automatic,Diesel,First Owner,Yes,No,Yes
Maruti Suzuki,Dzire,2021,0-20k,1000-1500cc,Good (18-24 km/l),Automatic,Petrol,First Owner,Yes,No,Yes
Mahindra,Thar,2021,20k-50k,1500-2000cc,Average (12-18 km/l),Automatic,Petrol,First Owner,Yes,No,Yes
Hyundai,Creta,2018,50k-80k,1000-1500cc,Good (18-24 km/l),Manual,Petrol,Third Owner,Yes,No,Yes
Maruti Suzuki,WagonR,2011,80k-120k,1000-1500cc,Good (18-24 km/l),Manual,Petrol,Second Owner,Yes,Yes,No
Skoda,Kushaq,2023,0-20k,1000-1500cc,Good (18-24 km/l),Manual,Diesel,First Owner,Yes,No,Yes
Mercedes-Benz,C-Class,2019,50k-80k,1500-2000cc,Good (18-24 km/l),Automatic,Diesel,First Owner,No,No,Yes
Renault,Duster,2018,50k-80k,1000-1500cc,Good (18-24 km/l),Manual,Petrol,Second Owner,Yes,No,Yes
Skoda,Kushaq,2020,20k-50k,1000-1500cc,Good (18-24 km/l),Manual,Diesel,Second Owner,Yes,Yes,Yes
Hyundai,Verna,2014,50k-80k,<1000cc,Good (18-24 km/l),Manual,Petrol,Second Owner,Yes,Yes,Yes
Audi,Q3,2012,120k+,2000cc+,Low (<12 km/l),Manual,Petrol,Third Owner,No,No,No
Hyundai,i10,2018,20k-50k,<1000cc,Good (18-24 km/l),Manual,Petrol,Second Owner,Yes,Yes,Yes
Audi,A4,2015,20k-50k,1500-2000cc,Good (18-24 km/l),Automatic,Diesel,Second Owner,Yes,No,Yes
Mercedes-Benz,C-Class,2015,20k-50k,2000cc+,Good (18-24 km/l),Automatic,Diesel,Third Owner,Yes,No,Yes
Ford,Endeavour,2023,0-20k,1500-2000cc,Good (18-24 km/l),Automatic,Petrol,First Owner,Yes,No,Yes
Mercedes-Benz,GLA,2020,50k-80k,1500-2000cc,Average (12-18 km/l),Automatic,Petrol,First Owner,Yes,No,Yes
Honda,City,2019,80k-120k,1000-1500cc,Good (18-24 km/l),Manual,Petrol,First Owner,Yes,Yes,No
Hyundai,Creta,2021,20k-50k,1000-1500cc,Good (18-24 km/l),Automatic,Diesel,First Owner,Yes,No,Yes
Mahindra,Scorpio,2023,0-20k,1500-2000cc,Excellent (24+ km/l),Manual,CNG,First Owner,No,No,Yes
Honda,WR-V,2012,50k-80k,1000-1500cc,Good (18-24 km/l),Manual,Diesel,Second Owner,No,No,No
Maruti Suzuki,WagonR,2022,0-20k,1000-1500cc,Good (18-24 km/l),Automatic,Petrol,First Owner,No,No,Yes
Toyota,Glanza,2020,0-20k,1000-1500cc,Good (18-24 km/l),Manual,Petrol,Second Owner,Yes,No,Yes
Mercedes-Benz,C-Class,2013,50k-80k,2000cc+,Average (12-18 km/l),Automatic,Hybrid,Second Owner,No,No,No
Hyundai,i10,2016,50k-80k,<1000cc,Excellent (24+ km/l),Manual,CNG,Third Owner,Yes,No,Yes
Renault,Triber,2019,20k-50k,1000-1500cc,Good (18-24 km/l),Manual,Hybrid,First Owner,Yes,No,Yes
Kia,Sonet,2021,0-20k,1000-1500cc,Good (18-24 km/l),Automatic,Diesel,First Owner,Yes,No,Yes
BMW,5 Series,2015,80k-120k,1500-2000cc,Average (12-18 km/l),Automatic,Petrol,Fourth & Above,No,No,No
Audi,A4,2020,0-20k,2000cc+,Average (12-18 km/l),Automatic,Diesel,First Owner,Yes,No,Yes
Mahindra,XUV300,2021,20k-50k,1000-1500cc,Excellent (24+ km/l),Manual,CNG,First Owner,Yes,Yes,Yes
Mercedes-Benz,C-Class,2019,50k-80k,1500-2000cc,Average (12-18 km/l),Manual,Petrol,Third Owner,Yes,No,Yes
Volkswagen,Vento,2023,0-20k,<1000cc,Good (18-24 km/l),Manual,Diesel,Second Owner,Yes,No,Yes
Maruti Suzuki,Alto,2023,0-20k,1000-1500cc,Excellent (24+ km/l),Automatic,CNG,First Owner,Yes,No,Yes
Mahindra,XUV300,2019,0-20k,2000cc+,Good (18-24 km/l),Automatic,CNG,Third Owner,Yes,No,Yes
Ford,Figo,2023,0-20k,1000-1500cc,Good (18-24 km/l),Manual,Diesel,First Owner,No,No,Yes
Hyundai,i20,2010,20k-50k,1000-1500cc,Good (18-24 km/l),Manual,Diesel,First Owner,No,Yes,No
Toyota,Fortuner,2005,120k+,2000cc+,Good (18-24 km/l),Manual,Diesel,Third Owner,Yes,Yes,No
Toyota,Yaris,2018,120k+,2000cc+,Average (12-18 km/l),Manual,Petrol,Second Owner,No,Yes,No
Maruti Suzuki,Baleno,2020,50k-80k,1000-1500cc,Good (18-24 km/l),Manual,Petrol,First Owner,Yes,Yes,Yes
Honda,Jazz,2021,50k-80k,1000-1500cc,Good (18-24 km/l),Manual,Petrol,First Owner,Yes,No,Yes
Volkswagen,Polo,2019,80k-120k,1500-2000cc,Good (18-24 km/l),Manual,Diesel,First Owner,Yes,No,Yes
Mahindra,XUV500,2012,80k-120k,1500-2000cc,Good (18-24 km/l),Manual,Petrol,Third Owner,No,No,No
Maruti Suzuki,Dzire,2014,80k-120k,1000-1500cc,Good (18-24 km/l),Manual,Diesel,First Owner,No,Yes,No
Maruti Suzuki,Ertiga,2023,0-20k,1000-1500cc,Good (18-24 km/l),Manual,Petrol,First Owner,Yes,No,Yes
Tata,Altroz,2023,20k-50k,1000-1500cc,Good (18-24 km/l),Manual,Diesel,Second Owner,Yes,No,Yes
BMW,3 Series,2021,20k-50k,1500-2000cc,Good (18-24 km/l),Manual,Diesel,First Owner,Yes,No,Yes
Hyundai,i10,2021,20k-50k,1000-1500cc,Good (18-24 km/l),Manual,Diesel,First Owner,Yes,No,Yes
Toyota,Fortuner,2020,50k-80k,1500-2000cc,Excellent (24+ km/l),Manual,Diesel,First Owner,Yes,Yes,Yes
Hyundai,Creta,2014,50k-80k,1000-1500cc,Good (18-24 km/l),Manual,Diesel,Second Owner,Yes,No,Yes
Tata,Harrier,2018,50k-80k,1500-2000cc,Good (18-24 km/l),Manual,Petrol,Third Owner,No,No,Yes
Skoda,Kushaq,2021,50k-80k,1000-1500cc,Good (18-24 km/l),Manual,Petrol,First Owner,No,No,Yes
Ford,Figo,2020,50k-80k,1000-1500cc,Average (12-18 km/l),Automatic,Petrol,First Owner,Yes,No,Yes
Maruti Suzuki,Ertiga,2006,120k+,1500-2000cc,Good (18-24 km/l),Manual,Diesel,Fourth & Above,No,Yes,No
Tata,Punch,2023,0-20k,2000cc+,Good (18-24 km/l),Manual,Diesel,First Owner,Yes,No,Yes
Maruti Suzuki,Ertiga,2022,0-20k,1000-1500cc,Good (18-24 km/l),Automatic,Petrol,First Owner,Yes,No,Yes
Mahindra,Thar,2016,20k-50k,2000cc+,Good (18-24 km/l),Manual,Diesel,Third Owner,Yes,No,Yes
Toyota,Yaris,2021,20k-50k,2000cc+,Average (12-18 km/l),Manual,Petrol,First Owner,No,No,Yes
Maruti Suzuki,WagonR,2023,0-20k,<1000cc,Good (18-24 km/l),Automatic,Petrol,First Owner,Yes,No,Yes
Hyundai,i20,2011,20k-50k,1000-1500cc,Good (18-24 km/l),Manual,Petrol,Second Owner,Yes,No,Yes
Tata,Harrier,2019,0-20k,1500-2000cc,Average (12-18 km/l),Manual,Petrol,Second Owner,Yes,No,Yes
BMW,3 Series,2019,50k-80k,2000cc+,Average (12-18 km/l),Automatic,Petrol,Fourth & Above,Yes,Yes,No
Mercedes-Benz,GLA,2018,20k-50k,2000cc+,Average (12-18 km/l),Automatic,Hybrid,Third Owner,Yes,No,No
Maruti Suzuki,Alto,2022,0-20k,1000-1500cc,Good (18-24 km/l),Manual,Diesel,First Owner,No,No,Yes
Volkswagen,Taigun,2018,120k+,1000-1500cc,Good (18-24 km/l),Manual,Diesel,First Owner,Yes,Yes,No
Tata,Nexon,2009,120k+,2000cc+,Good (18-24 km/l),Automatic,Diesel,Fourth & Above,No,Yes,No
Tata,Altroz,2010,120k+,1500-2000cc,Good (18-24 km/l),Manual,Petrol,Third Owner,No,No,No
Volkswagen,Polo,2008,120k+,1000-1500cc,Good (18-24 km/l),Manual,Hybrid,First Owner,Yes,No,Yes
BMW,5 Series,2018,20k-50k,2000cc+,Low (<12 km/l),Automatic,Hybrid,First Owner,Yes,No,Yes
Audi,Q3,2022,20k-50k,2000cc+,Good (18-24 km/l),Automatic,Diesel,Second Owner,Yes,No,Yes
Honda,WR-V,2014,120k+,1000-1500cc,Excellent (24+ km/l),Manual,Petrol,Second Owner,Yes,No,Yes
Tata,Harrier,2021,50k-80k,1500-2000cc,Excellent (24+ km/l),Manual,CNG,First Owner,Yes,No,Yes
Renault,Duster,2021,0-20k,<1000cc,Good (18-24 km/l),Automatic,Petrol,First Owner,Yes,No,Yes
Hyundai,Creta,2016,50k-80k,1000-1500cc,Good (18-24 km/l),Automatic,Diesel,Third Owner,Yes,No,Yes
Honda,WR-V,2020,50k-80k,1000-1500cc,Good (18-24 km/l),Automatic,Petrol,First Owner,Yes,No,Yes
Tata,Harrier,2021,20k-50k,1000-1500cc,Good (18-24 km/l),Manual,Petrol,First Owner,No,No,Yes
Toyota,Glanza,2019,20k-50k,1000-1500cc,Excellent (24+ km/l),Automatic,CNG,Third Owner,No,Yes,No
Hyundai,Venue,2017,50k-80k,1000-1500cc,Excellent (24+ km/l),Manual,Electric,First Owner,No,No,Yes
Hyundai,Verna,2021,0-20k,<1000cc,Excellent (24+ km/l),Manual,CNG,Second Owner,No,No,Yes
BMW,5 Series,2023,0-20k,2000cc+,Average (12-18 km/l),Automatic,Petrol,First Owner,Yes,No,Yes
Maruti Suzuki,WagonR,2018,20k-50k,1000-1500cc,Average (12-18 km/l),Manual,Petrol,First Owner,Yes,No,Yes
Mahindra,Thar,2018,20k-50k,1500-2000cc,Excellent (24+ km/l),Manual,Electric,Second Owner,Yes,No,Yes
Hyundai,Verna,2019,50k-80k,1000-1500cc,Excellent (24+ km/l),Manual,Petrol,First Owner,Yes,Yes,Yes
Maruti Suzuki,Baleno,2010,0-20k,1500-2000cc,Good (18-24 km/l),Manual,Diesel,Second Owner,No,No,Yes
Maruti Suzuki,Alto,2020,20k-50k,<1000cc,Average (12-18 km/l),Automatic,Petrol,Second Owner,No,Yes,No
Maruti Suzuki,Dzire,2017,20k-50k,<1000cc,Good (18-24 km/l),Manual,Petrol,First Owner,Yes,No,Yes
Skoda,Kushaq,2012,50k-80k,<1000cc,Excellent (24+ km/l),Manual,CNG,Second Owner,Yes,No,Yes
Hyundai,Creta,2019,50k-80k,1000-1500cc,Good (18-24 km/l),Manual,Petrol,Second Owner,No,Yes,No
Audi,Q3,2005,120k+,2000cc+,Average (12-18 km/l),Manual,Diesel,Fourth & Above,No,No,No
Honda,Jazz,2018,50k-80k,1000-1500cc,Good (18-24 km/l),Manual,Petrol,Second Owner,Yes,No,No
Mahindra,XUV300,2011,50k-80k,1500-2000cc,Good (18-24 km/l),Manual,Petrol,First Owner,No,No,No
Honda,City,2007,50k-80k,1500-2000cc,Good (18-24 km/l),Manual,Petrol,Third Owner,No,No,No
Mahindra,Bolero,2022,0-20k,2000cc+,Average (12-18 km/l),Automatic,Diesel,First Owner,Yes,No,Yes
Volkswagen,Taigun,2023,0-20k,1000-1500cc,Good (18-24 km/l),Automatic,Hybrid,First Owner,Yes,No,Yes
Hyundai,i20,2015,20k-50k,1000-1500cc,Good (18-24 km/l),Manual,Diesel,Second Owner,No,No,Yes
Tata,Tiago,2020,20k-50k,2000cc+,Good (18-24 km/l),Manual,Diesel,First Owner,No,No,Yes
Kia,Carens,2016,50k-80k,1000-1500cc,Good (18-24 km/l),Manual,Diesel,Second Owner,No,No,No
Audi,Q3,2019,0-20k,2000cc+,Average (12-18 km/l),Manual,Diesel,First Owner,No,No,Yes
Kia,Seltos,2019,80k-120k,1000-1500cc,Good (18-24 km/l),Manual,Petrol,Second Owner,No,Yes,No
Tata,Tiago,2016,80k-120k,1000-1500cc,Good (18-24 km/l),Manual,Diesel,First Owner,Yes,No,Yes
Renault,Triber,2021,20k-50k,1000-1500cc,Excellent (24+ km/l),Manual,CNG,First Owner,Yes,No,Yes
Mahindra,Thar,2012,0-20k,1500-2000cc,Good (18-24 km/l),Manual,Diesel,First Owner,Yes,Yes,Yes
Mahindra,XUV500,2009,50k-80k,2000cc+,Good (18-24 km/l),Manual,Petrol,Fourth & Above,No,No,No
Hyundai,Verna,2022,0-20k,<1000cc,Good (18-24 km/l),Automatic,Diesel,First Owner,Yes,No,Yes
Honda,Amaze,2021,0-20k,1000-1500cc,Good (18-24 km/l),Automatic,Petrol,First Owner,Yes,Yes,Yes
Hyundai,i20,2019,20k-50k,<1000cc,Excellent (24+ km/l),Manual,Diesel,Second Owner,Yes,Yes,Yes
Tata,Nexon,2019,0-20k,1000-1500cc,Good (18-24 km/l),Manual,Diesel,First Owner,Yes,No,Yes
Skoda,Octavia,2019,0-20k,1000-1500cc,Good (18-24 km/l),Automatic,Diesel,Second Owner,Yes,No,Yes
Hyundai,Creta,2019,20k-50k,1000-1500cc,Good (18-24 km/l),Manual,Petrol,Third Owner,Yes,Yes,No
Maruti Suzuki,Swift,2018,20k-50k,1000-1500cc,Good (18-24 km/l),Manual,Hybrid,First Owner,Yes,No,Yes
Maruti Suzuki,Alto,2019,80k-120k,<1000cc,Excellent (24+ km/l),Manual,Diesel,First Owner,Yes,No,Yes
BMW,X1,2020,80k-120k,1500-2000cc,Excellent (24+ km/l),Manual,Diesel,First Owner,Yes,No,No
Mahindra,Bolero,2021,50k-80k,1500-2000cc,Good (18-24 km/l),Automatic,Diesel,Second Owner,Yes,Yes,Yes
Tata,Nexon,2021,0-20k,1000-1500cc,Average (12-18 km/l),Automatic,Petrol,First Owner,Yes,No,Yes
Renault,Duster,2018,20k-50k,1000-1500cc,Good (18-24 km/l),Manual,Petrol,Second Owner,Yes,No,Yes
Skoda,Octavia,2018,0-20k,<1000cc,Good (18-24 km/l),Manual,Petrol,Second Owner,No,No,Yes
Tata,Nexon,2018,50k-80k,1000-1500cc,Good (18-24 km/l),Manual,Diesel,Third Owner,Yes,Yes,No
Ford,EcoSport,2020,0-20k,1500-2000cc,Good (18-24 km/l),Manual,Petrol,First Owner,Yes,No,Yes
Volkswagen,Polo,2019,0-20k,1000-1500cc,Excellent (24+ km/l),Manual,Diesel,Second Owner,Yes,Yes,Yes
Toyota,Innova,2023,0-20k,2000cc+,Good (18-24 km/l),Automatic,Diesel,Second Owner,No,No,Yes
Maruti Suzuki,Swift,2021,20k-50k,1000-1500cc,Good (18-24 km/l),Manual,Petrol,First Owner,Yes,No,Yes
Kia,Seltos,2023,0-20k,<1000cc,Good (18-24 km/l),Automatic,Petrol,First Owner,Yes,Yes,Yes
Honda,Jazz,2021,20k-50k,<1000cc,Excellent (24+ km/l),Manual,Petrol,First Owner,Yes,No,Yes
Hyundai,i10,2023,0-20k,1500-2000cc,Excellent (24+ km/l),Manual,CNG,First Owner,Yes,No,Yes
Tata,Altroz,2021,0-20k,2000cc+,Average (12-18 km/l),Manual,Petrol,First Owner,Yes,No,Yes
Maruti Suzuki,Ertiga,2023,0-20k,1000-1500cc,Good (18-24 km/l),Manual,Petrol,First Owner,Yes,No,Yes
Maruti Suzuki,Dzire,2013,120k+,1000-1500cc,Good (18-24 km/l),Automatic,Diesel,Third Owner,No,Yes,No
Volkswagen,Polo,2009,120k+,1000-1500cc,Good (18-24 km/l),Manual,Diesel,First Owner,Yes,Yes,No
Maruti Suzuki,Alto,2020,20k-50k,1000-1500cc,Good (18-24 km/l),Manual,Petrol,Fourth & Above,No,Yes,No
Tata,Altroz,2023,0-20k,1500-2000cc,Good (18-24 km/l),Manual,Petrol,First Owner,Yes,No,Yes
Mahindra,XUV300,2018,20k-50k,2000cc+,Good (18-24 km/l),Automatic,Petrol,Second Owner,No,No,Yes
Maruti Suzuki,Swift,2015,20k-50k,1000-1500cc,Good (18-24 km/l),Manual,Petrol,First Owner,Yes,No,Yes
Audi,A4,2020,20k-50k,2000cc+,Average (12-18 km/l),Automatic,Petrol,First Owner,Yes,No,Yes
Hyundai,i10,2021,50k-80k,1500-2000cc,Good (18-24 km/l),Manual,Petrol,First Owner,Yes,No,Yes
Hyundai,i10,2017,50k-80k,<1000cc,Good (18-24 km/l),Automatic,Petrol,Third Owner,No,No,Yes
Hyundai,Verna,2021,0-20k,1000-1500cc,Good (18-24 km/l),Manual,Petrol,First Owner,Yes,No,Yes
Hyundai,Venue,2023,0-20k,<1000cc,Good (18-24 km/l),Automatic,Diesel,First Owner,Yes,No,Yes
Maruti Suzuki,Dzire,2023,0-20k,<1000cc,Good (18-24 km/l),Automatic,Petrol,Second Owner,Yes,Yes,Yes
Ford,Endeavour,2016,80k-120k,1500-2000cc,Excellent (24+ km/l),Manual,CNG,First Owner,Yes,No,Yes
Audi,Q3,2017,120k+,2000cc+,Excellent (24+ km/l),Automatic,Electric,First Owner,Yes,Yes,No
Hyundai,Creta,2018,80k-120k,1500-2000cc,Excellent (24+ km/l),Manual,CNG,First Owner,Yes,No,Yes
Toyota,Innova,2018,50k-80k,2000cc+,Average (12-18 km/l),Automatic,Petrol,First Owner,Yes,No,Yes
Volkswagen,Vento,2011,80k-120k,1500-2000cc,Good (18-24 km/l),Manual,Petrol,Third Owner,No,No,No
Skoda,Kushaq,2022,50k-80k,1500-2000cc,Good (18-24 km/l),Manual,Diesel,First Owner,Yes,No,Yes
Tata,Punch,2018,0-20k,2000cc+,Good (18-24 km/l),Manual,CNG,First Owner,No,No,Yes
Hyundai,i20,2023,20k-50k,1000-1500cc,Excellent (24+ km/l),Manual,Diesel,First Owner,Yes,No,Yes
Tata,Tiago,2023,0-20k,2000cc+,Average (12-18 km/l),Manual,Petrol,First Owner,Yes,No,Yes
Ford,Figo,2007,120k+,1500-2000cc,Good (18-24 km/l),Manual,Diesel,Third Owner,Yes,No,No
Renault,Triber,2023,0-20k,1500-2000cc,Average (12-18 km/l),Manual,Petrol,First Owner,Yes,No,Yes
Hyundai,Venue,2021,0-20k,1500-2000cc,Good (18-24 km/l),Manual,Diesel,First Owner,No,No,Yes
Tata,Harrier,2020,0-20k,1500-2000cc,Good (18-24 km/l),Manual,Diesel,First Owner,No,No,Yes
Kia,Seltos,2018,80k-120k,1500-2000cc,Good (18-24 km/l),Manual,Diesel,Second Owner,Yes,Yes,No
Renault,Triber,2020,20k-50k,1000-1500cc,Good (18-24 km/l),Manual,Petrol,Second Owner,Yes,No,Yes
Mercedes-Benz,GLA,2017,20k-50k,2000cc+,Average (12-18 km/l),Automatic,Diesel,Second Owner,Yes,No,Yes
Volkswagen,Taigun,2021,0-20k,1000-1500cc,Excellent (24+ km/l),Manual,Diesel,Second Owner,Yes,No,Yes
Tata,Nexon,2011,120k+,2000cc+,Good (18-24 km/l),Automatic,Diesel,Third Owner,Yes,No,No
Honda,City,2021,0-20k,1000-1500cc,Good (18-24 km/l),Manual,Diesel,First Owner,No,Yes,Yes
Toyota,Glanza,2016,80k-120k,2000cc+,Good (18-24 km/l),Manual,Diesel,First Owner,Yes,Yes,No
Maruti Suzuki,Baleno,2006,120k+,1000-1500cc,Good (18-24 km/l),Automatic,Diesel,First Owner,No,Yes,No
Honda,Amaze,2020,50k-80k,1000-1500cc,Excellent (24+ km/l),Manual,CNG,Second Owner,Yes,No,Yes
Ford,EcoSport,2020,50k-80k,1000-1500cc,Good (18-24 km/l),Manual,Petrol,Third Owner,No,Yes,No
Maruti Suzuki,WagonR,2018,50k-80k,1000-1500cc,Good (18-24 km/l),Manual,Petrol,First Owner,No,Yes,No
Renault,Kwid,2010,80k-120k,1500-2000cc,Good (18-24 km/l),Automatic,Diesel,First Owner,Yes,Yes,No
Honda,Jazz,2023,0-20k,1000-1500cc,Good (18-24 km/l),Manual,Petrol,First Owner,Yes,No,Yes
Audi,A4,2021,0-20k,2000cc+,Good (18-24 km/l),Automatic,Petrol,First Owner,No,No,Yes
Maruti Suzuki,Ertiga,2012,120k+,1000-1500cc,Good (18-24 km/l),Automatic,Petrol,Second Owner,No,No,No
Hyundai,Creta,2019,20k-50k,1000-1500cc,Good (18-24 km/l),Automatic,Diesel,First Owner,No,No,Yes
Honda,Amaze,2019,50k-80k,1000-1500cc,Good (18-24 km/l),Manual,Petrol,Third Owner,No,No,Yes
Hyundai,i20,2009,80k-120k,1000-1500cc,Good (18-24 km/l),Manual,Petrol,Fourth & Above,No,No,No
Ford,EcoSport,2021,20k-50k,1000-1500cc,Good (18-24 km/l),Manual,Petrol,First Owner,Yes,No,Yes
Volkswagen,Taigun,2022,20k-50k,1000-1500cc,Excellent (24+ km/l),Automatic,Diesel,First Owner,Yes,No,Yes
Maruti Suzuki,Swift,2022,0-20k,1000-1500cc,Good (18-24 km/l),Manual,Petrol,Second Owner,No,Yes,Yes
Mahindra,Bolero,2014,120k+,1000-1500cc,Good (18-24 km/l),Manual,Hybrid,Third Owner,No,No,No
Mahindra,XUV300,2023,0-20k,2000cc+,Good (18-24 km/l),Manual,Diesel,Second Owner,Yes,No,Yes
Tata,Punch,2017,20k-50k,2000cc+,Average (12-18 km/l),Manual,Petrol,First Owner,Yes,No,Yes
BMW,5 Series,2023,0-20k,2000cc+,Average (12-18 km/l),Automatic,Diesel,First Owner,Yes,No,Yes
Renault,Duster,2010,120k+,1000-1500cc,Good (18-24 km/l),Manual,Petrol,Third Owner,No,Yes,No
Ford,Figo,2019,50k-80k,1000-1500cc,Good (18-24 km/l),Manual,Diesel,Third Owner,No,No,No
Ford,Endeavour,2020,20k-50k,1000-1500cc,Average (12-18 km/l),Automatic,Petrol,First Owner,Yes,Yes,No
Mahindra,Scorpio,2015,20k-50k,2000cc+,Average (12-18 km/l),Manual,Petrol,Third Owner,No,No,No
BMW,X1,2022,0-20k,2000cc+,Average (12-18 km/l),Automatic,Diesel,First Owner,Yes,No,Yes
Ford,EcoSport,2021,20k-50k,1000-1500cc,Good (18-24 km/l),Manual,Petrol,First Owner,Yes,Yes,Yes
Ford,EcoSport,2006,120k+,1000-1500cc,Good (18-24 km/l),Manual,Diesel,Third Owner,No,Yes,No
Skoda,Kushaq,2021,0-20k,<1000cc,Good (18-24 km/l),Automatic,Diesel,First Owner,No,No,Yes
Hyundai,Venue,2019,20k-50k,1000-1500cc,Good (18-24 km/l),Manual,Diesel,First Owner,Yes,No,Yes
Renault,Duster,2014,50k-80k,1000-1500cc,Good (18-24 km/l),Manual,Petrol,Second Owner,Yes,Yes,Yes
Hyundai,i10,2023,0-20k,1000-1500cc,Excellent (24+ km/l),Manual,CNG,First Owner,Yes,No,Yes
Tata,Punch,2023,0-20k,2000cc+,Good (18-24 km/l),Manual,Petrol,First Owner,Yes,No,Yes
Tata,Altroz,2016,20k-50k,2000cc+,Average (12-18 km/l),Manual,Petrol,First Owner,Yes,No,Yes
Mercedes-Benz,GLA,2020,20k-50k,2000cc+,Good (18-24 km/l),Automatic,Diesel,Third Owner,Yes,Yes,Yes
Skoda,Kushaq,2017,120k+,1000-1500cc,Good (18-24 km/l),Manual,Petrol,First Owner,No,Yes,No
Ford,Figo,2022,20k-50k,<1000cc,Good (18-24 km/l),Automatic,Diesel,First Owner,No,No,Yes
Ford,Endeavour,2023,0-20k,1000-1500cc,Good (18-24 km/l),Automatic,Diesel,First Owner,Yes,No,Yes
Honda,City,2017,20k-50k,<1000cc,Excellent (24+ km/l),Manual,CNG,Third Owner,Yes,No,Yes
Audi,Q3,2022,0-20k,2000cc+,Average (12-18 km/l),Automatic,Petrol,First Owner,No,No,Yes
Mahindra,XUV500,2019,20k-50k,2000cc+,Good (18-24 km/l),Manual,Petrol,First Owner,No,No,Yes
Tata,Tiago,2018,80k-120k,1000-1500cc,Good (18-24 km/l),Manual,Petrol,First Owner,No,No,No
Maruti Suzuki,Dzire,2023,0-20k,1500-2000cc,Good (18-24 km/l),Manual,Diesel,First Owner,Yes,No,Yes
Renault,Triber,2019,20k-50k,1000-1500cc,Good (18-24 km/l),Automatic,Diesel,First Owner,Yes,No,Yes
Volkswagen,Vento,2019,20k-50k,1000-1500cc,Good (18-24 km/l),Manual,Petrol,First Owner,Yes,No,Yes
Tata,Altroz,2021,0-20k,1500-2000cc,Average (12-18 km/l),Manual,Petrol,First Owner,Yes,No,Yes
Maruti Suzuki,Alto,2016,120k+,<1000cc,Good (18-24 km/l),Manual,Petrol,First Owner,Yes,Yes,No
Skoda,Kushaq,2017,50k-80k,1000-1500cc,Good (18-24 km/l),Automatic,Diesel,First Owner,Yes,No,Yes
Maruti Suzuki,Ertiga,2023,0-20k,1000-1500cc,Excellent (24+ km/l),Manual,CNG,First Owner,Yes,No,Yes
Ford,Endeavour,2021,0-20k,1000-1500cc,Good (18-24 km/l),Manual,Petrol,Second Owner,Yes,No,Yes
Audi,Q3,2022,0-20k,2000cc+,Good (18-24 km/l),Automatic,Diesel,First Owner,Yes,No,Yes
Mahindra,Scorpio,2016,20k-50k,1500-2000cc,Good (18-24 km/l),Manual,Diesel,First Owner,Yes,No,No
Hyundai,Verna,2020,20k-50k,1000-1500cc,Average (12-18 km/l),Automatic,Petrol,First Owner,Yes,No,Yes
Ford,Endeavour,2023,0-20k,1000-1500cc,Average (12-18 km/l),Automatic,Petrol,First Owner,Yes,No,Yes
Renault,Triber,2017,20k-50k,1000-1500cc,Good (18-24 km/l),Automatic,Diesel,First Owner,Yes,No,Yes
Honda,Jazz,2013,120k+,1500-2000cc,Average (12-18 km/l),Manual,Petrol,First Owner,No,No,No
Audi,Q3,2019,20k-50k,2000cc+,Average (12-18 km/l),Manual,Petrol,First Owner,Yes,Yes,No
Maruti Suzuki,WagonR,2018,20k-50k,<1000cc,Excellent (24+ km/l),Manual,Diesel,Third Owner,Yes,No,Yes
Mahindra,Bolero,2013,120k+,2000cc+,Average (12-18 km/l),Automatic,Petrol,First Owner,No,Yes,No
Ford,EcoSport,2023,0-20k,<1000cc,Excellent (24+ km/l),Manual,Electric,First Owner,No,No,Yes
Skoda,Kushaq,2023,0-20k,1000-1500cc,Good (18-24 km/l),Manual,Petrol,First Owner,Yes,No,Yes
Maruti Suzuki,Swift,2020,20k-50k,1000-1500cc,Good (18-24 km/l),Automatic,Diesel,Third Owner,Yes,Yes,Yes
Renault,Duster,2022,0-20k,1000-1500cc,Good (18-24 km/l),Manual,Diesel,Second Owner,Yes,No,Yes
Honda,City,2023,0-20k,1000-1500cc,Good (18-24 km/l),Manual,Diesel,First Owner,No,No,Yes
Tata,Punch,2021,0-20k,2000cc+,Average (12-18 km/l),Manual,Petrol,Second Owner,Yes,No,Yes
Maruti Suzuki,WagonR,2008,120k+,1000-1500cc,Average (12-18 km/l),Automatic,Petrol,Second Owner,No,Yes,No
Skoda,Kushaq,2013,20k-50k,1000-1500cc,Good (18-24 km/l),Manual,Petrol,Third Owner,No,No,No
Maruti Suzuki,Ertiga,2010,80k-120k,1000-1500cc,Good (18-24 km/l),Manual,Diesel,First Owner,Yes,Yes,No
Hyundai,Creta,2006,80k-120k,<1000cc,Good (18-24 km/l),Manual,Diesel,Second Owner,No,Yes,No
Hyundai,i10,2017,50k-80k,1500-2000cc,Average (12-18 km/l),Manual,Hybrid,First Owner,Yes,Yes,Yes
Kia,Seltos,2018,0-20k,1000-1500cc,Excellent (24+ km/l),Automatic,Diesel,First Owner,Yes,No,Yes
Toyota,Fortuner,2015,20k-50k,2000cc+,Good (18-24 km/l),Manual,Petrol,Third Owner,No,Yes,No
Renault,Triber,2009,50k-80k,1000-1500cc,Good (18-24 km/l),Automatic,Petrol,Second Owner,No,Yes,No
Hyundai,Venue,2020,20k-50k,1500-2000cc,Good (18-24 km/l),Manual,Diesel,First Owner,Yes,No,Yes
Toyota,Yaris,2016,80k-120k,1500-2000cc,Excellent (24+ km/l),Manual,CNG,First Owner,No,No,Yes
Honda,City,2022,50k-80k,1000-1500cc,Good (18-24 km/l),Manual,Diesel,First Owner,Yes,No,Yes
Skoda,Octavia,2005,120k+,1000-1500cc,Good (18-24 km/l),Manual,Petrol,First Owner,Yes,No,Yes
Kia,Carens,2022,0-20k,1000-1500cc,Excellent (24+ km/l),Manual,CNG,First Owner,Yes,No,Yes
Maruti Suzuki,Ertiga,2023,0-20k,1000-1500cc,Good (18-24 km/l),Manual,Petrol,Second Owner,Yes,No,Yes
Toyota,Fortuner,2021,20k-50k,1500-2000cc,Good (18-24 km/l),Manual,Petrol,First Owner,Yes,No,Yes
Maruti Suzuki,Baleno,2022,50k-80k,<1000cc,Good (18-24 km/l),Automatic,Petrol,First Owner,Yes,Yes,Yes
Honda,Amaze,2023,0-20k,1000-1500cc,Good (18-24 km/l),Manual,Petrol,First Owner,Yes,No,Yes
Hyundai,Verna,2015,20k-50k,1000-1500cc,Excellent (24+ km/l),Manual,Diesel,First Owner,No,No,Yes
Hyundai,Venue,2023,0-20k,1500-2000cc,Average (12-18 km/l),Automatic,Petrol,First Owner,No,No,Yes
Tata,Punch,2022,20k-50k,1500-2000cc,Average (12-18 km/l),Manual,Petrol,Second Owner,Yes,No,Yes
Toyota,Glanza,2022,0-20k,1500-2000cc,Good (18-24 km/l),Manual,Petrol,First Owner,Yes,No,Yes
Tata,Nexon,2018,20k-50k,1500-2000cc,Good (18-24 km/l),Manual,Diesel,First Owner,Yes,No,Yes
Volkswagen,Taigun,2020,120k+,<1000cc,Good (18-24 km/l),Manual,Petrol,Second Owner,No,No,Yes
Tata,Altroz,2021,20k-50k,1500-2000cc,Average (12-18 km/l),Automatic,Petrol,First Owner,Yes,No,Yes
Maruti Suzuki,Swift,2021,0-20k,1500-2000cc,Good (18-24 km/l),Automatic,Petrol,First Owner,No,No,Yes
Renault,Duster,2021,0-20k,1000-1500cc,Good (18-24 km/l),Automatic,Petrol,First Owner,Yes,No,Yes
Hyundai,Venue,2010,50k-80k,1500-2000cc,Good (18-24 km/l),Manual,Diesel,First Owner,No,No,Yes
Mahindra,Thar,2017,20k-50k,1000-1500cc,Good (18-24 km/l),Manual,Petrol,First Owner,No,No,Yes
Ford,Endeavour,2019,50k-80k,1000-1500cc,Good (18-24 km/l),Manual,Petrol,Second Owner,Yes,Yes,No
Tata,Punch,2016,80k-120k,1000-1500cc,Good (18-24 km/l),Manual,Diesel,Second Owner,No,No,No
Maruti Suzuki,Ertiga,2014,50k-80k,1500-2000cc,Good (18-24 km/l),Manual,Petrol,First Owner,No,No,Yes
Tata,Nexon,2013,20k-50k,2000cc+,Excellent (24+ km/l),Manual,CNG,Third Owner,Yes,Yes,Yes
BMW,5 Series,2018,80k-120k,2000cc+,Average (12-18 km/l),Automatic,Diesel,First Owner,Yes,No,Yes
Toyota,Fortuner,2019,20k-50k,2000cc+,Average (12-18 km/l),Automatic,Petrol,First Owner,Yes,No,Yes
Toyota,Innova,2009,120k+,2000cc+,Good (18-24 km/l),Manual,Petrol,First Owner,No,No,No
Toyota,Glanza,2023,0-20k,1500-2000cc,Excellent (24+ km/l),Automatic,Electric,First Owner,Yes,No,Yes
Hyundai,Venue,2022,20k-50k,1000-1500cc,Good (18-24 km/l),Manual,Diesel,First Owner,Yes,No,Yes
Tata,Altroz,2022,20k-50k,2000cc+,Good (18-24 km/l),Automatic,Diesel,First Owner,Yes,No,Yes
Volkswagen,Polo,2014,20k-50k,1000-1500cc,Good (18-24 km/l),Manual,Diesel,Third Owner,Yes,No,Yes
Maruti Suzuki,WagonR,2020,20k-50k,1000-1500cc,Good (18-24 km/l),Automatic,Petrol,First Owner,Yes,Yes,Yes
Hyundai,i10,2020,20k-50k,1000-1500cc,Good (18-24 km/l),Automatic,Petrol,First Owner,Yes,No,Yes
Hyundai,i10,2023,20k-50k,1500-2000cc,Good (18-24 km/l),Automatic,Petrol,First Owner,Yes,Yes,Yes
Mahindra,Scorpio,2022,20k-50k,2000cc+,Good (18-24 km/l),Automatic,Diesel,First Owner,No,No,Yes
Mercedes-Benz,GLA,2020,20k-50k,2000cc+,Average (12-18 km/l),Automatic,Diesel,First Owner,No,No,Yes
Maruti Suzuki,Swift,2023,0-20k,1000-1500cc,Good (18-24 km/l),Manual,Petrol,First Owner,Yes,No,Yes
Mahindra,XUV300,2013,20k-50k,2000cc+,Average (12-18 km/l),Automatic,Petrol,First Owner,No,No,No
Maruti Suzuki,Ertiga,2006,20k-50k,1000-1500cc,Good (18-24 km/l),Automatic,Hybrid,Second Owner,No,No,Yes
Audi,Q3,2021,50k-80k,1500-2000cc,Average (12-18 km/l),Automatic,Petrol,First Owner,Yes,No,Yes
Maruti Suzuki,Swift,2011,80k-120k,1000-1500cc,Good (18-24 km/l),Manual,Petrol,Fourth & Above,No,Yes,No
Tata,Nexon,2012,120k+,1500-2000cc,Good (18-24 km/l),Manual,Petrol,Third Owner,No,No,No
Volkswagen,Taigun,2022,0-20k,1000-1500cc,Average (12-18 km/l),Manual,Petrol,First Owner,Yes,Yes,Yes
Ford,Figo,2016,50k-80k,<1000cc,Excellent (24+ km/l),Manual,Petrol,Second Owner,Yes,Yes,No
Tata,Punch,2021,20k-50k,1000-1500cc,Good (18-24 km/l),Automatic,Petrol,First Owner,No,No,Yes
Tata,Punch,2023,0-20k,2000cc+,Good (18-24 km/l),Manual,Petrol,First Owner,Yes,No,Yes
Tata,Altroz,2017,50k-80k,1500-2000cc,Good (18-24 km/l),Automatic,Diesel,First Owner,Yes,Yes,No
Hyundai,Verna,2015,80k-120k,1500-2000cc,Good (18-24 km/l),Manual,Diesel,Second Owner,Yes,No,Yes
Hyundai,i10,2011,80k-120k,1000-1500cc,Excellent (24+ km/l),Manual,CNG,Second Owner,No,No,No
Mahindra,Bolero,2012,120k+,1000-1500cc,Excellent (24+ km/l),Manual,CNG,Third Owner,No,No,No
Hyundai,i20,2009,120k+,1500-2000cc,Good (18-24 km/l),Manual,CNG,Third Owner,No,No,No
Hyundai,Verna,2011,120k+,1000-1500cc,Good (18-24 km/l),Manual,Petrol,Fourth & Above,Yes,Yes,No
Toyota,Innova,2019,20k-50k,1500-2000cc,Average (12-18 km/l),Manual,Petrol,Second Owner,No,No,Yes
Audi,Q3,2017,50k-80k,2000cc+,Average (12-18 km/l),Manual,Petrol,First Owner,Yes,No,Yes
Honda,City,2021,50k-80k,1500-2000cc,Good (18-24 km/l),Manual,Petrol,Third Owner,No,Yes,No
Maruti Suzuki,Ertiga,2023,20k-50k,1000-1500cc,Good (18-24 km/l),Automatic,Petrol,First Owner,Yes,No,Yes
Maruti Suzuki,Dzire,2022,0-20k,<1000cc,Excellent (24+ km/l),Manual,Diesel,First Owner,No,No,Yes
Audi,A4,2020,0-20k,1500-2000cc,Good (18-24 km/l),Automatic,Diesel,First Owner,Yes,No,Yes
Hyundai,Venue,2011,50k-80k,1000-1500cc,Good (18-24 km/l),Manual,Petrol,First Owner,No,Yes,No
Maruti Suzuki,Dzire,2021,20k-50k,1000-1500cc,Good (18-24 km/l),Automatic,Diesel,First Owner,Yes,Yes,Yes
Honda,Amaze,2018,50k-80k,1000-1500cc,Good (18-24 km/l),Manual,Petrol,First Owner,Yes,No,Yes
Toyota,Glanza,2011,120k+,1000-1500cc,Good (18-24 km/l),Manual,Petrol,Fourth & Above,No,Yes,No
Toyota,Glanza,2022,0-20k,1000-1500cc,Good (18-24 km/l),Manual,Petrol,First Owner,Yes,No,Yes
Hyundai,Creta,2017,20k-50k,1000-1500cc,Average (12-18 km/l),Automatic,Hybrid,Third Owner,No,No,Yes
Maruti Suzuki,Dzire,2015,120k+,1500-2000cc,Excellent (24+ km/l),Manual,CNG,Third Owner,Yes,Yes,No
Audi,A4,2023,0-20k,2000cc+,Average (12-18 km/l),Automatic,Petrol,First Owner,Yes,No,Yes
Hyundai,Verna,2023,0-20k,1000-1500cc,Good (18-24 km/l),Manual,CNG,First Owner,Yes,No,Yes
Toyota,Innova,2017,50k-80k,2000cc+,Average (12-18 km/l),Manual,Petrol,Second Owner,Yes,No,Yes
Ford,Endeavour,2017,20k-50k,1500-2000cc,Good (18-24 km/l),Automatic,Diesel,First Owner,Yes,No,Yes
Toyota,Fortuner,2020,20k-50k,2000cc+,Average (12-18 km/l),Manual,Diesel,Second Owner,No,No,Yes
Hyundai,i20,2022,20k-50k,1500-2000cc,Average (12-18 km/l),Manual,Diesel,First Owner,Yes,No,Yes
Hyundai,i10,2009,120k+,1000-1500cc,Good (18-24 km/l),Manual,Petrol,First Owner,No,Yes,No
Honda,Amaze,2020,20k-50k,1000-1500cc,Good (18-24 km/l),Automatic,Petrol,Second Owner,Yes,Yes,No
Skoda,Kushaq,2023,0-20k,1000-1500cc,Good (18-24 km/l),Manual,Petrol,First Owner,Yes,No,Yes
Audi,Q3,2016,20k-50k,2000cc+,Average (12-18 km/l),Manual,Diesel,Third Owner,Yes,No,Yes
Maruti Suzuki,Dzire,2023,0-20k,1000-1500cc,Good (18-24 km/l),Manual,Diesel,First Owner,Yes,No,Yes
Maruti Suzuki,Baleno,2023,0-20k,1000-1500cc,Good (18-24 km/l),Manual,Diesel,First Owner,Yes,No,Yes
BMW,5 Series,2016,120k+,2000cc+,Average (12-18 km/l),Automatic,Petrol,Third Owner,No,Yes,No
Volkswagen,Polo,2022,0-20k,1000-1500cc,Good (18-24 km/l),Manual,Hybrid,First Owner,Yes,No,Yes
Kia,Sonet,2015,120k+,1000-1500cc,Good (18-24 km/l),Manual,Hybrid,Third Owner,No,Yes,No
Hyundai,Creta,2022,20k-50k,1000-1500cc,Good (18-24 km/l),Manual,Petrol,First Owner,Yes,No,Yes
Honda,Jazz,2022,20k-50k,1000-1500cc,Good (18-24 km/l),Manual,Petrol,First Owner,Yes,No,Yes
Ford,Endeavour,2015,120k+,1000-1500cc,Good (18-24 km/l),Manual,Diesel,Second Owner,Yes,Yes,No
Ford,Figo,2021,0-20k,1000-1500cc,Good (18-24 km/l),Automatic,Petrol,First Owner,No,No,Yes
Tata,Tiago,2022,20k-50k,2000cc+,Good (18-24 km/l),Manual,Petrol,First Owner,No,No,Yes
Maruti Suzuki,Ertiga,2017,50k-80k,1500-2000cc,Good (18-24 km/l),Automatic,Petrol,Third Owner,No,Yes,No
Honda,City,2013,120k+,1000-1500cc,Good (18-24 km/l),Manual,Diesel,Third Owner,Yes,No,No
Hyundai,Venue,2011,120k+,1000-1500cc,Good (18-24 km/l),Manual,Petrol,Third Owner,No,Yes,No
Mahindra,XUV300,2020,20k-50k,1500-2000cc,Average (12-18 km/l),Automatic,Petrol,First Owner,No,No,Yes
Audi,Q3,2023,0-20k,2000cc+,Average (12-18 km/l),Automatic,Diesel,First Owner,Yes,No,Yes
Tata,Nexon,2022,20k-50k,2000cc+,Excellent (24+ km/l),Manual,Electric,First Owner,Yes,No,Yes
Skoda,Octavia,2019,20k-50k,1000-1500cc,Good (18-24 km/l),Manual,Diesel,First Owner,Yes,No,Yes
Hyundai,i10,2020,20k-50k,1000-1500cc,Good (18-24 km/l),Automatic,Petrol,First Owner,Yes,No,Yes
Toyota,Glanza,2016,80k-120k,1500-2000cc,Good (18-24 km/l),Manual,Petrol,First Owner,Yes,No,No
Mercedes-Benz,GLA,2013,120k+,2000cc+,Average (12-18 km/l),Automatic,Petrol,Second Owner,No,Yes,No
Maruti Suzuki,Ertiga,2019,0-20k,<1000cc,Good (18-24 km/l),Manual,Diesel,Second Owner,No,No,Yes
Maruti Suzuki,Swift,2019,50k-80k,1000-1500cc,Good (18-24 km/l),Manual,Petrol,Second Owner,No,Yes,No
Mahindra,Scorpio,2020,20k-50k,1500-2000cc,Excellent (24+ km/l),Manual,Diesel,First Owner,Yes,Yes,Yes
Maruti Suzuki,Dzire,2023,0-20k,<1000cc,Excellent (24+ km/l),Manual,Diesel,First Owner,Yes,No,Yes
Volkswagen,Vento,2020,20k-50k,<1000cc,Good (18-24 km/l),Manual,Petrol,First Owner,Yes,No,Yes
BMW,X1,2020,0-20k,1500-2000cc,Good (18-24 km/l),Manual,Diesel,First Owner,No,No,Yes
Mahindra,Scorpio,2012,50k-80k,1500-2000cc,Good (18-24 km/l),Manual,Diesel,First Owner,No,No,No
Hyundai,Venue,2023,0-20k,1000-1500cc,Good (18-24 km/l),Automatic,Diesel,First Owner,Yes,No,Yes
Mahindra,Thar,2022,0-20k,1500-2000cc,Excellent (24+ km/l),Manual,Electric,First Owner,Yes,No,Yes
Ford,Figo,2023,0-20k,1000-1500cc,Good (18-24 km/l),Manual,Petrol,First Owner,No,No,Yes
Maruti Suzuki,WagonR,2018,20k-50k,1000-1500cc,Good (18-24 km/l),Manual,Petrol,Fourth & Above,Yes,Yes,Yes
Honda,Amaze,2019,50k-80k,1000-1500cc,Good (18-24 km/l),Automatic,Petrol,Second Owner,No,No,Yes
Toyota,Innova,2020,80k-120k,2000cc+,Average (12-18 km/l),Manual,Petrol,First Owner,Yes,Yes,Yes
Toyota,Fortuner,2014,50k-80k,2000cc+,Average (12-18 km/l),Manual,Petrol,Third Owner,No,No,No
Hyundai,i20,2021,20k-50k,<1000cc,Excellent (24+ km/l),Manual,CNG,First Owner,No,Yes,Yes
Ford,Endeavour,2023,0-20k,1000-1500cc,Good (18-24 km/l),Automatic,Petrol,Third Owner,Yes,Yes,Yes
Maruti Suzuki,Baleno,2013,120k+,1000-1500cc,Good (18-24 km/l),Manual,Petrol,Second Owner,Yes,No,Yes
Hyundai,Venue,2011,80k-120k,1000-1500cc,Good (18-24 km/l),Automatic,Diesel,First Owner,No,Yes,No
Kia,Sonet,2022,0-20k,1000-1500cc,Average (12-18 km/l),Automatic,Diesel,First Owner,No,No,Yes
Volkswagen,Taigun,2016,0-20k,1000-1500cc,Good (18-24 km/l),Manual,Diesel,Fourth & Above,Yes,No,Yes
Maruti Suzuki,Dzire,2021,20k-50k,1000-1500cc,Average (12-18 km/l),Automatic,Petrol,First Owner,Yes,No,Yes
Hyundai,Venue,2021,0-20k,1000-1500cc,Good (18-24 km/l),Automatic,Petrol,First Owner,Yes,No,Yes
Hyundai,Verna,2017,0-20k,<1000cc,Good (18-24 km/l),Manual,Petrol,First Owner,No,No,Yes
Hyundai,Creta,2022,20k-50k,1000-1500cc,Average (12-18 km/l),Manual,Hybrid,First Owner,No,No,Yes
Hyundai,i10,2020,20k-50k,<1000cc,Good (18-24 km/l),Automatic,Hybrid,Third Owner,Yes,No,Yes
Maruti Suzuki,Swift,2023,0-20k,<1000cc,Good (18-24 km/l),Manual,Petrol,Second Owner,Yes,No,Yes
Mahindra,Scorpio,2022,20k-50k,2000cc+,Good (18-24 km/l),Manual,Diesel,Second Owner,Yes,No,Yes
Volkswagen,Vento,2023,0-20k,1500-2000cc,Good (18-24 km/l),Manual,Diesel,First Owner,Yes,No,Yes
Honda,WR-V,2007,80k-120k,1000-1500cc,Good (18-24 km/l),Automatic,Petrol,Fourth & Above,No,Yes,No
Toyota,Innova,2015,120k+,2000cc+,Average (12-18 km/l),Automatic,Diesel,Second Owner,Yes,No,No
Maruti Suzuki,WagonR,2011,80k-120k,1000-1500cc,Good (18-24 km/l),Manual,Petrol,Fourth & Above,No,Yes,No
Audi,Q3,2019,50k-80k,2000cc+,Average (12-18 km/l),Automatic,Petrol,First Owner,Yes,No,Yes
Skoda,Kushaq,2023,0-20k,1000-1500cc,Excellent (24+ km/l),Manual,CNG,First Owner,No,No,Yes
Renault,Triber,2019,80k-120k,1000-1500cc,Excellent (24+ km/l),Manual,Diesel,First Owner,Yes,No,Yes
Renault,Duster,2023,0-20k,1000-1500cc,Good (18-24 km/l),Manual,Diesel,Second Owner,Yes,No,Yes
BMW,5 Series,2017,0-20k,2000cc+,Average (12-18 km/l),Automatic,Diesel,First Owner,Yes,No,Yes
Honda,City,2017,50k-80k,1000-1500cc,Good (18-24 km/l),Manual,Petrol,Third Owner,Yes,Yes,Yes
Hyundai,i20,2023,0-20k,1000-1500cc,Good (18-24 km/l),Manual,Petrol,First Owner,Yes,No,Yes
Toyota,Fortuner,2018,50k-80k,1500-2000cc,Excellent (24+ km/l),Manual,CNG,First Owner,Yes,No,Yes
Volkswagen,Taigun,2022,20k-50k,1000-1500cc,Average (12-18 km/l),Automatic,Petrol,First Owner,Yes,No,Yes
Volkswagen,Polo,2015,50k-80k,<1000cc,Good (18-24 km/l),Manual,Petrol,Third Owner,Yes,No,Yes
Mahindra,XUV300,2023,0-20k,1500-2000cc,Average (12-18 km/l),Automatic,Petrol,Second Owner,No,No,Yes
Maruti Suzuki,Baleno,2020,50k-80k,1000-1500cc,Good (18-24 km/l),Manual,Petrol,First Owner,Yes,No,Yes
Tata,Punch,2022,0-20k,1500-2000cc,Good (18-24 km/l),Manual,Petrol,First Owner,Yes,Yes,Yes
BMW,5 Series,2011,80k-120k,2000cc+,Good (18-24 km/l),Manual,Diesel,Fourth & Above,No,Yes,No
Honda,Amaze,2019,120k+,1000-1500cc,Good (18-24 km/l),Manual,Petrol,Third Owner,Yes,Yes,No
Honda,City,2023,0-20k,1000-1500cc,Average (12-18 km/l),Manual,Diesel,First Owner,Yes,No,Yes
Hyundai,Verna,2023,0-20k,1000-1500cc,Good (18-24 km/l),Automatic,Petrol,First Owner,Yes,No,Yes
Tata,Nexon,2008,120k+,2000cc+,Average (12-18 km/l),Manual,Petrol,Third Owner,No,No,No
Kia,Carens,2017,20k-50k,1000-1500cc,Good (18-24 km/l),Manual,Petrol,Third Owner,Yes,No,Yes
Toyota,Innova,2019,20k-50k,1500-2000cc,Good (18-24 km/l),Manual,Diesel,Second Owner,No,No,No
Renault,Kwid,2014,50k-80k,1000-1500cc,Good (18-24 km/l),Manual,Diesel,Third Owner,No,Yes,No
Mahindra,Scorpio,2022,0-20k,2000cc+,Average (12-18 km/l),Manual,Diesel,First Owner,Yes,No,Yes
Toyota,Yaris,2014,120k+,1500-2000cc,Good (18-24 km/l),Manual,Diesel,Second Owner,No,No,No
Hyundai,i20,2017,20k-50k,1000-1500cc,Good (18-24 km/l),Manual,Petrol,First Owner,No,No,Yes
Ford,EcoSport,2021,0-20k,1000-1500cc,Good (18-24 km/l),Automatic,Petrol,First Owner,Yes,No,Yes
Tata,Nexon,2019,0-20k,1500-2000cc,Good (18-24 km/l),Manual,Diesel,First Owner,Yes,Yes,Yes
Mahindra,XUV500,2022,0-20k,1500-2000cc,Good (18-24 km/l),Automatic,Petrol,First Owner,Yes,No,Yes
Toyota,Yaris,2023,0-20k,1000-1500cc,Good (18-24 km/l),Automatic,Diesel,Third Owner,Yes,No,Yes
BMW,3 Series,2012,80k-120k,2000cc+,Average (12-18 km/l),Manual,Petrol,First Owner,No,No,Yes
Maruti Suzuki,Ertiga,2021,20k-50k,1000-1500cc,Good (18-24 km/l),Manual,Petrol,First Owner,Yes,No,Yes
Renault,Triber,2015,20k-50k,1000-1500cc,Good (18-24 km/l),Manual,Petrol,First Owner,Yes,No,Yes
Hyundai,i20,2018,20k-50k,1000-1500cc,Good (18-24 km/l),Manual,Petrol,Second Owner,Yes,No,Yes
Mahindra,Thar,2008,50k-80k,1500-2000cc,Good (18-24 km/l),Manual,Diesel,Third Owner,No,Yes,No
Maruti Suzuki,Baleno,2013,50k-80k,1000-1500cc,Good (18-24 km/l),Manual,Petrol,First Owner,Yes,No,Yes
Hyundai,Creta,2017,20k-50k,1500-2000cc,Good (18-24 km/l),Automatic,Petrol,First Owner,Yes,No,Yes
Mahindra,Scorpio,2017,50k-80k,2000cc+,Excellent (24+ km/l),Manual,Electric,First Owner,Yes,No,Yes
Maruti Suzuki,Baleno,2023,0-20k,1000-1500cc,Excellent (24+ km/l),Automatic,CNG,First Owner,Yes,Yes,Yes
Mahindra,Scorpio,2022,0-20k,1500-2000cc,Excellent (24+ km/l),Manual,CNG,First Owner,Yes,No,Yes
BMW,3 Series,2023,0-20k,2000cc+,Good (18-24 km/l),Automatic,Petrol,First Owner,Yes,No,Yes
Maruti Suzuki,WagonR,2020,0-20k,1000-1500cc,Excellent (24+ km/l),Manual,Diesel,First Owner,No,No,Yes
Volkswagen,Vento,2015,120k+,1000-1500cc,Good (18-24 km/l),Manual,Petrol,First Owner,No,Yes,No
Tata,Tiago,2017,120k+,1500-2000cc,Average (12-18 km/l),Manual,Petrol,Second Owner,No,Yes,No
Toyota,Fortuner,2017,20k-50k,2000cc+,Average (12-18 km/l),Manual,Diesel,First Owner,Yes,Yes,Yes
Hyundai,Verna,2017,20k-50k,1500-2000cc,Good (18-24 km/l),Manual,Diesel,Fourth & Above,Yes,No,Yes
Maruti Suzuki,Alto,2021,0-20k,<1000cc,Good (18-24 km/l),Manual,Petrol,First Owner,No,No,Yes
Maruti Suzuki,Dzire,2020,20k-50k,<1000cc,Good (18-24 km/l),Automatic,Diesel,First Owner,Yes,No,Yes
Maruti Suzuki,Ertiga,2018,80k-120k,1500-2000cc,Good (18-24 km/l),Manual,Diesel,First Owner,Yes,No,Yes
Hyundai,Verna,2013,80k-120k,1000-1500cc,Excellent (24+ km/l),Manual,Diesel,Second Owner,No,Yes,No
Toyota,Yaris,2007,120k+,1500-2000cc,Excellent (24+ km/l),Manual,CNG,Fourth & Above,No,Yes,No
Kia,Seltos,2015,20k-50k,<1000cc,Good (18-24 km/l),Automatic,Diesel,Second Owner,No,No,No
Renault,Duster,2011,80k-120k,1500-2000cc,Good (18-24 km/l),Manual,Petrol,First Owner,Yes,Yes,No
Ford,Figo,2022,0-20k,1000-1500cc,Good (18-24 km/l),Automatic,Petrol,First Owner,No,Yes,Yes
Maruti Suzuki,Baleno,2012,20k-50k,1000-1500cc,Good (18-24 km/l),Manual,Petrol,Second Owner,Yes,No,Yes
Hyundai,i20,2022,20k-50k,1000-1500cc,Average (12-18 km/l),Manual,Petrol,First Owner,Yes,No,Yes
Hyundai,Creta,2018,120k+,1000-1500cc,Good (18-24 km/l),Manual,Diesel,First Owner,Yes,No,Yes
Hyundai,Venue,2010,120k+,1000-1500cc,Good (18-24 km/l),Manual,Petrol,Third Owner,No,No,No
Mahindra,XUV300,2022,20k-50k,2000cc+,Good (18-24 km/l),Automatic,Diesel,First Owner,Yes,No,Yes
Honda,WR-V,2020,0-20k,1000-1500cc,Good (18-24 km/l),Automatic,Diesel,Third Owner,Yes,No,Yes
Tata,Altroz,2015,0-20k,1500-2000cc,Good (18-24 km/l),Manual,Petrol,Third Owner,Yes,No,No
Tata,Punch,2023,0-20k,2000cc+,Good (18-24 km/l),Manual,Petrol,First Owner,Yes,Yes,Yes
Renault,Triber,2008,20k-50k,1000-1500cc,Good (18-24 km/l),Manual,Petrol,Second Owner,No,Yes,No
Renault,Triber,2014,120k+,1000-1500cc,Good (18-24 km/l),Manual,Petrol,Second Owner,No,No,No
Hyundai,i20,2022,0-20k,1000-1500cc,Good (18-24 km/l),Automatic,Petrol,First Owner,Yes,Yes,Yes
BMW,X1,2021,0-20k,1500-2000cc,Average (12-18 km/l),Automatic,Diesel,First Owner,No,No,Yes
Audi,Q3,2016,0-20k,1500-2000cc,Good (18-24 km/l),Manual,Petrol,Second Owner,Yes,No,No
Tata,Harrier,2009,80k-120k,1000-1500cc,Good (18-24 km/l),Manual,Petrol,Third Owner,No,Yes,No
Tata,Altroz,2023,0-20k,1500-2000cc,Good (18-24 km/l),Manual,Petrol,First Owner,Yes,No,Yes
Mahindra,XUV300,2017,20k-50k,1000-1500cc,Excellent (24+ km/l),Manual,Diesel,Second Owner,No,No,Yes
BMW,5 Series,2014,50k-80k,2000cc+,Good (18-24 km/l),Automatic,Diesel,First Owner,Yes,No,Yes
Kia,Seltos,2020,50k-80k,1000-1500cc,Good (18-24 km/l),Manual,Diesel,First Owner,No,No,Yes
Maruti Suzuki,Swift,2023,0-20k,1000-1500cc,Good (18-24 km/l),Automatic,Petrol,First Owner,Yes,No,Yes
Tata,Altroz,2008,50k-80k,2000cc+,Good (18-24 km/l),Manual,Hybrid,Second Owner,No,Yes,No
Honda,Jazz,2022,0-20k,1000-1500cc,Excellent (24+ km/l),Manual,Diesel,First Owner,Yes,No,Yes
Mahindra,XUV500,2020,0-20k,2000cc+,Good (18-24 km/l),Manual,Petrol,First Owner,Yes,No,Yes
Hyundai,Verna,2018,20k-50k,1000-1500cc,Good (18-24 km/l),Automatic,Petrol,First Owner,No,No,Yes
Skoda,Kushaq,2022,0-20k,1000-1500cc,Good (18-24 km/l),Automatic,Petrol,First Owner,Yes,Yes,Yes
Toyota,Innova,2023,0-20k,2000cc+,Average (12-18 km/l),Automatic,Petrol,First Owner,Yes,No,Yes
Skoda,Kushaq,2015,20k-50k,1500-2000cc,Good (18-24 km/l),Manual,Diesel,Third Owner,Yes,No,Yes
Skoda,Rapid,2013,80k-120k,1000-1500cc,Good (18-24 km/l),Manual,Petrol,Third Owner,Yes,Yes,No
Volkswagen,Taigun,2023,0-20k,1500-2000cc,Good (18-24 km/l),Manual,CNG,First Owner,Yes,No,Yes
Mahindra,XUV300,2021,20k-50k,1000-1500cc,Good (18-24 km/l),Manual,Petrol,First Owner,Yes,No,Yes
Toyota,Glanza,2019,20k-50k,1000-1500cc,Excellent (24+ km/l),Manual,CNG,First Owner,Yes,No,Yes
Maruti Suzuki,Swift,2020,0-20k,1500-2000cc,Average (12-18 km/l),Automatic,Diesel,First Owner,Yes,No,Yes
Toyota,Fortuner,2022,0-20k,1000-1500cc,Good (18-24 km/l),Automatic,Petrol,First Owner,Yes,No,Yes
Maruti Suzuki,Ertiga,2022,20k-50k,1000-1500cc,Good (18-24 km/l),Manual,Petrol,First Owner,Yes,No,Yes
Ford,EcoSport,2023,0-20k,1000-1500cc,Good (18-24 km/l),Automatic,Diesel,First Owner,Yes,No,Yes
Hyundai,i20,2018,20k-50k,1000-1500cc,Good (18-24 km/l),Manual,Petrol,First Owner,No,No,No
Maruti Suzuki,Dzire,2016,20k-50k,1000-1500cc,Average (12-18 km/l),Automatic,Petrol,Second Owner,No,No,No
Maruti Suzuki,Alto,2021,20k-50k,1000-1500cc,Excellent (24+ km/l),Automatic,CNG,Second Owner,Yes,No,Yes
Maruti Suzuki,Alto,2018,20k-50k,1000-1500cc,Average (12-18 km/l),Manual,Hybrid,Second Owner,Yes,No,Yes
Ford,Figo,2020,20k-50k,1000-1500cc,Good (18-24 km/l),Automatic,Diesel,First Owner,Yes,Yes,Yes
Volkswagen,Polo,2018,80k-120k,1000-1500cc,Good (18-24 km/l),Manual,Diesel,Second Owner,Yes,Yes,No
Mahindra,XUV300,2013,120k+,2000cc+,Average (12-18 km/l),Manual,Petrol,Third Owner,No,Yes,No
Maruti Suzuki,Dzire,2019,20k-50k,1000-1500cc,Good (18-24 km/l),Manual,Petrol,First Owner,No,No,Yes
Maruti Suzuki,Baleno,2021,20k-50k,1000-1500cc,Excellent (24+ km/l),Automatic,Diesel,First Owner,Yes,Yes,Yes
Maruti Suzuki,WagonR,2022,0-20k,1000-1500cc,Good (18-24 km/l),Automatic,Petrol,First Owner,No,No,Yes
Maruti Suzuki,Swift,2019,20k-50k,1000-1500cc,Good (18-24 km/l),Manual,Petrol,Second Owner,No,No,Yes
Kia,Seltos,2013,80k-120k,1000-1500cc,Good (18-24 km/l),Manual,Diesel,Fourth & Above,Yes,No,No
Hyundai,Verna,2018,20k-50k,1000-1500cc,Good (18-24 km/l),Manual,Petrol,First Owner,Yes,Yes,No
Tata,Harrier,2022,20k-50k,1000-1500cc,Excellent (24+ km/l),Automatic,Diesel,First Owner,Yes,No,Yes
Maruti Suzuki,Alto,2018,0-20k,1000-1500cc,Average (12-18 km/l),Automatic,Petrol,First Owner,Yes,No,Yes
Hyundai,Verna,2021,20k-50k,1000-1500cc,Good (18-24 km/l),Manual,Petrol,First Owner,Yes,No,Yes
Mahindra,XUV500,2019,120k+,1500-2000cc,Good (18-24 km/l),Manual,Diesel,Third Owner,Yes,No,No
Honda,Jazz,2015,20k-50k,1000-1500cc,Excellent (24+ km/l),Manual,Diesel,First Owner,Yes,No,Yes
Hyundai,Verna,2022,0-20k,<1000cc,Good (18-24 km/l),Manual,Petrol,First Owner,Yes,No,Yes
Maruti Suzuki,Swift,2010,120k+,1500-2000cc,Excellent (24+ km/l),Manual,CNG,Fourth & Above,Yes,No,No
Tata,Punch,2020,50k-80k,2000cc+,Good (18-24 km/l),Automatic,Petrol,Third Owner,Yes,Yes,No
Hyundai,Venue,2015,50k-80k,1000-1500cc,Excellent (24+ km/l),Manual,Petrol,Fourth & Above,Yes,Yes,No
Hyundai,i10,2010,0-20k,1000-1500cc,Good (18-24 km/l),Automatic,Diesel,Fourth & Above,Yes,No,Yes
Audi,A4,2019,0-20k,2000cc+,Average (12-18 km/l),Automatic,Petrol,First Owner,Yes,Yes,No
Toyota,Glanza,2019,20k-50k,1500-2000cc,Good (18-24 km/l),Manual,Petrol,Fourth & Above,Yes,Yes,Yes
Honda,Jazz,2021,20k-50k,<1000cc,Good (18-24 km/l),Manual,Diesel,Second Owner,Yes,No,Yes
Tata,Punch,2022,0-20k,1500-2000cc,Good (18-24 km/l),Manual,Diesel,First Owner,Yes,No,Yes
Tata,Altroz,2022,20k-50k,1000-1500cc,Excellent (24+ km/l),Manual,CNG,First Owner,Yes,No,Yes
Honda,Jazz,2018,20k-50k,1000-1500cc,Excellent (24+ km/l),Manual,CNG,Second Owner,No,No,Yes
Ford,Endeavour,2021,0-20k,1000-1500cc,Good (18-24 km/l),Manual,Hybrid,First Owner,Yes,No,Yes
Ford,EcoSport,2020,20k-50k,1000-1500cc,Good (18-24 km/l),Automatic,Diesel,Second Owner,Yes,Yes,Yes
Maruti Suzuki,Baleno,2018,0-20k,1500-2000cc,Average (12-18 km/l),Manual,Petrol,First Owner,Yes,No,Yes
Mahindra,XUV300,2020,80k-120k,2000cc+,Average (12-18 km/l),Automatic,Petrol,Second Owner,Yes,No,Yes
Tata,Punch,2023,0-20k,1500-2000cc,Good (18-24 km/l),Automatic,Petrol,First Owner,Yes,No,Yes
Kia,Sonet,2014,20k-50k,1000-1500cc,Good (18-24 km/l),Automatic,Petrol,Fourth & Above,No,No,No
Toyota,Glanza,2023,0-20k,1500-2000cc,Good (18-24 km/l),Manual,Diesel,First Owner,Yes,Yes,Yes
Honda,Amaze,2009,120k+,1500-2000cc,Excellent (24+ km/l),Manual,Diesel,Third Owner,No,Yes,No
Maruti Suzuki,Swift,2017,50k-80k,1000-1500cc,Good (18-24 km/l),Manual,Petrol,First Owner,No,No,Yes
Honda,Amaze,2016,20k-50k,<1000cc,Excellent (24+ km/l),Manual,CNG,Third Owner,No,Yes,No
Maruti Suzuki,Swift,2021,20k-50k,1000-1500cc,Good (18-24 km/l),Manual,Diesel,First Owner,Yes,No,Yes
Tata,Nexon,2012,20k-50k,1500-2000cc,Good (18-24 km/l),Manual,Petrol,Second Owner,No,No,Yes
Maruti Suzuki,Ertiga,2023,0-20k,1500-2000cc,Average (12-18 km/l),Automatic,Petrol,First Owner,Yes,No,Yes
Ford,Figo,2022,20k-50k,1000-1500cc,Good (18-24 km/l),Manual,Petrol,First Owner,Yes,No,Yes
Hyundai,i20,2021,0-20k,<1000cc,Good (18-24 km/l),Manual,Petrol,First Owner,Yes,Yes,Yes
Tata,Altroz,2019,0-20k,2000cc+,Good (18-24 km/l),Manual,CNG,First Owner,Yes,No,Yes
Kia,Seltos,2023,0-20k,1000-1500cc,Good (18-24 km/l),Automatic,Diesel,Third Owner,Yes,No,Yes
Hyundai,i10,2022,0-20k,<1000cc,Good (18-24 km/l),Automatic,Petrol,First Owner,Yes,No,Yes
Mahindra,XUV500,2019,20k-50k,1500-2000cc,Good (18-24 km/l),Manual,Petrol,First Owner,Yes,No,Yes
Tata,Nexon,2021,0-20k,1500-2000cc,Good (18-24 km/l),Automatic,Diesel,First Owner,No,No,Yes
Maruti Suzuki,Swift,2020,20k-50k,1000-1500cc,Excellent (24+ km/l),Manual,CNG,First Owner,No,Yes,Yes
Renault,Duster,2020,0-20k,1000-1500cc,Good (18-24 km/l),Manual,Petrol,Second Owner,Yes,Yes,Yes
Maruti Suzuki,Swift,2017,20k-50k,1000-1500cc,Excellent (24+ km/l),Manual,Diesel,Second Owner,No,Yes,No
Mahindra,Thar,2019,20k-50k,1500-2000cc,Excellent (24+ km/l),Manual,CNG,First Owner,Yes,No,Yes
Honda,City,2010,120k+,1000-1500cc,Good (18-24 km/l),Manual,Diesel,Second Owner,No,Yes,No
Toyota,Innova,2017,0-20k,1500-2000cc,Excellent (24+ km/l),Manual,CNG,First Owner,Yes,No,Yes
Ford,Endeavour,2021,20k-50k,1000-1500cc,Good (18-24 km/l),Manual,Petrol,Third Owner,Yes,No,Yes
Hyundai,i10,2023,0-20k,1000-1500cc,Good (18-24 km/l),Automatic,Diesel,First Owner,Yes,No,Yes
Maruti Suzuki,Dzire,2023,0-20k,1000-1500cc,Excellent (24+ km/l),Manual,Petrol,First Owner,Yes,No,Yes
Ford,Figo,2020,0-20k,1000-1500cc,Good (18-24 km/l),Manual,Diesel,First Owner,Yes,No,Yes
Honda,City,2021,0-20k,1000-1500cc,Good (18-24 km/l),Manual,Petrol,First Owner,Yes,No,Yes
Skoda,Rapid,2014,20k-50k,1500-2000cc,Good (18-24 km/l),Manual,Diesel,Third Owner,Yes,Yes,Yes
Renault,Triber,2021,20k-50k,1000-1500cc,Good (18-24 km/l),Automatic,Petrol,Second Owner,Yes,No,Yes
Skoda,Octavia,2010,120k+,<1000cc,Good (18-24 km/l),Automatic,Diesel,First Owner,No,Yes,No
Mahindra,XUV300,2016,80k-120k,2000cc+,Good (18-24 km/l),Manual,Diesel,First Owner,Yes,Yes,Yes
Tata,Nexon,2021,80k-120k,1500-2000cc,Excellent (24+ km/l),Manual,CNG,First Owner,Yes,Yes,Yes
Renault,Duster,2017,20k-50k,1000-1500cc,Excellent (24+ km/l),Manual,Diesel,First Owner,No,No,Yes
Mahindra,Thar,2009,120k+,2000cc+,Average (12-18 km/l),Manual,Diesel,Third Owner,No,No,No
Hyundai,Creta,2022,20k-50k,1000-1500cc,Good (18-24 km/l),Manual,Diesel,First Owner,Yes,No,Yes
Skoda,Kushaq,2017,120k+,1000-1500cc,Good (18-24 km/l),Manual,Petrol,Third Owner,No,Yes,No
Kia,Sonet,2009,20k-50k,1000-1500cc,Good (18-24 km/l),Manual,Diesel,Third Owner,Yes,No,Yes
Mahindra,XUV500,2010,50k-80k,1000-1500cc,Excellent (24+ km/l),Manual,Diesel,Third Owner,No,No,No
Maruti Suzuki,Swift,2016,50k-80k,1000-1500cc,Good (18-24 km/l),Manual,Petrol,Second Owner,Yes,No,Yes
Tata,Tiago,2014,20k-50k,1000-1500cc,Good (18-24 km/l),Manual,Hybrid,Third Owner,Yes,Yes,Yes
Renault,Kwid,2022,20k-50k,1000-1500cc,Average (12-18 km/l),Automatic,Petrol,First Owner,Yes,No,Yes
Kia,Carens,2017,80k-120k,1000-1500cc,Average (12-18 km/l),Manual,Petrol,Second Owner,Yes,Yes,No
Hyundai,i20,2022,0-20k,1000-1500cc,Good (18-24 km/l),Automatic,Petrol,First Owner,Yes,No,Yes
Maruti Suzuki,Swift,2014,120k+,<1000cc,Good (18-24 km/l),Manual,Petrol,Fourth & Above,Yes,No,No
Kia,Carens,2019,20k-50k,1000-1500cc,Good (18-24 km/l),Manual,Petrol,Second Owner,No,No,Yes
Tata,Nexon,2021,20k-50k,1500-2000cc,Good (18-24 km/l),Automatic,Petrol,First Owner,Yes,Yes,Yes
Honda,Jazz,2021,20k-50k,1000-1500cc,Good (18-24 km/l),Manual,Petrol,First Owner,Yes,Yes,Yes
Audi,A4,2020,20k-50k,2000cc+,Good (18-24 km/l),Automatic,Diesel,First Owner,Yes,No,Yes
Maruti Suzuki,Swift,2023,0-20k,1500-2000cc,Average (12-18 km/l),Automatic,Petrol,First Owner,Yes,No,Yes
Toyota,Glanza,2015,80k-120k,1500-2000cc,Average (12-18 km/l),Manual,Diesel,Fourth & Above,Yes,No,No
Maruti Suzuki,Dzire,2019,20k-50k,1000-1500cc,Good (18-24 km/l),Manual,Petrol,Second Owner,Yes,No,Yes
Tata,Harrier,2023,0-20k,1500-2000cc,Good (18-24 km/l),Automatic,CNG,First Owner,Yes,No,Yes
Renault,Duster,2010,120k+,<1000cc,Excellent (24+ km/l),Manual,CNG,First Owner,No,Yes,No
Mahindra,XUV500,2009,80k-120k,1000-1500cc,Good (18-24 km/l),Manual,Petrol,Second Owner,Yes,Yes,No
Mercedes-Benz,GLA,2015,20k-50k,2000cc+,Excellent (24+ km/l),Manual,Diesel,Second Owner,No,No,No
Honda,Amaze,2021,0-20k,1500-2000cc,Good (18-24 km/l),Manual,Diesel,First Owner,Yes,No,Yes
Tata,Tiago,2016,0-20k,1000-1500cc,Good (18-24 km/l),Manual,Petrol,Third Owner,Yes,No,Yes
Hyundai,i10,2014,50k-80k,1000-1500cc,Good (18-24 km/l),Manual,Petrol,Second Owner,No,Yes,No
Tata,Nexon,2019,20k-50k,1500-2000cc,Average (12-18 km/l),Manual,Diesel,Second Owner,Yes,No,Yes
Tata,Tiago,2021,20k-50k,1000-1500cc,Good (18-24 km/l),Manual,Petrol,First Owner,Yes,No,Yes
Maruti Suzuki,Swift,2015,50k-80k,1000-1500cc,Excellent (24+ km/l),Manual,CNG,Second Owner,Yes,No,Yes
Tata,Harrier,2017,20k-50k,2000cc+,Good (18-24 km/l),Manual,Hybrid,Second Owner,No,No,Yes
Mahindra,Scorpio,2021,20k-50k,1000-1500cc,Good (18-24 km/l),Automatic,Petrol,First Owner,Yes,No,Yes
Ford,Endeavour,2023,0-20k,1500-2000cc,Good (18-24 km/l),Automatic,Diesel,First Owner,Yes,Yes,Yes
Toyota,Glanza,2021,20k-50k,1500-2000cc,Good (18-24 km/l),Manual,Diesel,First Owner,Yes,No,Yes
Ford,EcoSport,2022,0-20k,1000-1500cc,Excellent (24+ km/l),Automatic,CNG,First Owner,Yes,No,Yes
Maruti Suzuki,Alto,2018,120k+,1000-1500cc,Excellent (24+ km/l),Manual,Diesel,First Owner,Yes,No,Yes
Hyundai,i20,2016,80k-120k,1000-1500cc,Good (18-24 km/l),Manual,Diesel,Third Owner,Yes,Yes,No
Toyota,Innova,2019,20k-50k,2000cc+,Average (12-18 km/l),Manual,Diesel,Second Owner,Yes,No,Yes
Mahindra,Scorpio,2022,20k-50k,1000-1500cc,Average (12-18 km/l),Manual,Petrol,First Owner,Yes,No,Yes
Maruti Suzuki,Baleno,2019,50k-80k,1000-1500cc,Excellent (24+ km/l),Manual,Electric,Second Owner,No,Yes,No
Renault,Triber,2022,20k-50k,1000-1500cc,Good (18-24 km/l),Manual,Petrol,First Owner,Yes,No,Yes
Volkswagen,Vento,2023,0-20k,1000-1500cc,Good (18-24 km/l),Manual,Petrol,First Owner,No,No,Yes
Honda,City,2010,20k-50k,<1000cc,Good (18-24 km/l),Manual,Petrol,Second Owner,No,Yes,No
Maruti Suzuki,Ertiga,2008,120k+,1000-1500cc,Good (18-24 km/l),Manual,Petrol,Third Owner,No,Yes,No
Volkswagen,Vento,2013,50k-80k,1000-1500cc,Good (18-24 km/l),Manual,Diesel,Second Owner,Yes,Yes,No
Honda,Amaze,2018,20k-50k,<1000cc,Good (18-24 km/l),Manual,Petrol,First Owner,Yes,Yes,Yes
Renault,Duster,2012,80k-120k,1000-1500cc,Excellent (24+ km/l),Manual,Petrol,First Owner,Yes,Yes,No
Volkswagen,Polo,2023,0-20k,1000-1500cc,Good (18-24 km/l),Manual,Petrol,First Owner,Yes,No,Yes
Renault,Kwid,2007,120k+,1000-1500cc,Good (18-24 km/l),Automatic,Petrol,Third Owner,Yes,No,No
Mahindra,Thar,2017,50k-80k,1500-2000cc,Good (18-24 km/l),Manual,Petrol,First Owner,Yes,No,Yes
Maruti Suzuki,WagonR,2014,50k-80k,1000-1500cc,Excellent (24+ km/l),Manual,CNG,Second Owner,Yes,No,No
Toyota,Fortuner,2023,0-20k,2000cc+,Good (18-24 km/l),Manual,Diesel,First Owner,Yes,No,Yes
Toyota,Yaris,2021,0-20k,2000cc+,Good (18-24 km/l),Manual,Petrol,First Owner,No,No,Yes
Volkswagen,Vento,2023,0-20k,1000-1500cc,Good (18-24 km/l),Manual,Petrol,First Owner,Yes,No,Yes
Maruti Suzuki,Swift,2023,0-20k,1000-1500cc,Excellent (24+ km/l),Manual,CNG,Second Owner,Yes,No,Yes
Hyundai,i20,2019,80k-120k,1000-1500cc,Good (18-24 km/l),Manual,Petrol,Second Owner,No,No,Yes
Kia,Carens,2015,80k-120k,1500-2000cc,Good (18-24 km/l),Manual,Petrol,First Owner,Yes,Yes,No
Volkswagen,Taigun,2014,20k-50k,1000-1500cc,Excellent (24+ km/l),Manual,Electric,Third Owner,No,No,No
Kia,Carens,2015,20k-50k,1000-1500cc,Good (18-24 km/l),Manual,Petrol,First Owner,Yes,Yes,No
Volkswagen,Vento,2021,20k-50k,1000-1500cc,Good (18-24 km/l),Manual,Diesel,First Owner,Yes,No,Yes
Honda,Jazz,2008,120k+,<1000cc,Excellent (24+ km/l),Manual,Petrol,First Owner,No,Yes,No
Toyota,Glanza,2009,120k+,1500-2000cc,Excellent (24+ km/l),Manual,CNG,Third Owner,Yes,Yes,No
Kia,Sonet,2021,20k-50k,1000-1500cc,Good (18-24 km/l),Manual,Petrol,First Owner,Yes,Yes,Yes
Honda,WR-V,2021,0-20k,1000-1500cc,Excellent (24+ km/l),Manual,Hybrid,First Owner,Yes,No,Yes
Toyota,Glanza,2021,0-20k,1500-2000cc,Good (18-24 km/l),Automatic,Diesel,First Owner,No,No,Yes
Maruti Suzuki,Alto,2018,50k-80k,1000-1500cc,Good (18-24 km/l),Manual,Petrol,First Owner,No,Yes,Yes
Mahindra,Thar,2022,0-20k,1500-2000cc,Good (18-24 km/l),Automatic,Diesel,First Owner,Yes,No,Yes
Ford,Figo,2020,20k-50k,1000-1500cc,Excellent (24+ km/l),Automatic,CNG,First Owner,Yes,Yes,Yes
Hyundai,i20,2011,50k-80k,<1000cc,Good (18-24 km/l),Automatic,Petrol,First Owner,Yes,Yes,No
Hyundai,Venue,2022,0-20k,<1000cc,Excellent (24+ km/l),Automatic,CNG,Second Owner,No,Yes,Yes
Hyundai,i20,2023,0-20k,1000-1500cc,Good (18-24 km/l),Manual,Petrol,First Owner,Yes,No,Yes
Hyundai,Venue,2009,120k+,1000-1500cc,Good (18-24 km/l),Manual,Petrol,Second Owner,No,Yes,No
Hyundai,Creta,2018,120k+,1000-1500cc,Average (12-18 km/l),Automatic,Petrol,First Owner,No,No,Yes
Tata,Punch,2019,20k-50k,2000cc+,Good (18-24 km/l),Manual,CNG,First Owner,Yes,No,Yes
Kia,Seltos,2013,80k-120k,1000-1500cc,Good (18-24 km/l),Manual,Hybrid,Second Owner,No,Yes,No
Mahindra,XUV300,2023,0-20k,1500-2000cc,Excellent (24+ km/l),Automatic,CNG,First Owner,Yes,No,Yes
Hyundai,Creta,2016,50k-80k,1000-1500cc,Good (18-24 km/l),Manual,Petrol,Second Owner,Yes,No,Yes
Maruti Suzuki,Baleno,2022,0-20k,1000-1500cc,Excellent (24+ km/l),Manual,Electric,First Owner,Yes,No,Yes
Ford,Endeavour,2021,50k-80k,<1000cc,Good (18-24 km/l),Automatic,Petrol,First Owner,Yes,No,Yes
Tata,Punch,2020,50k-80k,2000cc+,Average (12-18 km/l),Manual,Petrol,Second Owner,Yes,No,Yes
Renault,Triber,2014,120k+,1500-2000cc,Good (18-24 km/l),Manual,Petrol,First Owner,Yes,Yes,No
Toyota,Innova,2015,50k-80k,1500-2000cc,Good (18-24 km/l),Manual,Hybrid,First Owner,No,No,Yes
Renault,Triber,2008,120k+,1000-1500cc,Excellent (24+ km/l),Automatic,Diesel,First Owner,No,No,No
Hyundai,Creta,2015,50k-80k,1000-1500cc,Good (18-24 km/l),Manual,Petrol,Second Owner,Yes,Yes,Yes
Ford,Endeavour,2017,120k+,<1000cc,Good (18-24 km/l),Manual,Diesel,Fourth & Above,Yes,Yes,No
Hyundai,Venue,2022,0-20k,<1000cc,Good (18-24 km/l),Manual,Petrol,First Owner,Yes,No,Yes
BMW,3 Series,2018,20k-50k,2000cc+,Average (12-18 km/l),Automatic,Petrol,First Owner,Yes,No,Yes
Toyota,Yaris,2022,0-20k,1000-1500cc,Good (18-24 km/l),Automatic,Petrol,First Owner,Yes,No,Yes
Tata,Altroz,2019,20k-50k,1000-1500cc,Good (18-24 km/l),Manual,Petrol,First Owner,No,No,Yes
Hyundai,Venue,2022,20k-50k,1500-2000cc,Good (18-24 km/l),Manual,Petrol,Third Owner,Yes,No,Yes
Hyundai,i10,2023,0-20k,1000-1500cc,Good (18-24 km/l),Manual,Diesel,Third Owner,Yes,No,Yes
Ford,Figo,2015,50k-80k,1000-1500cc,Average (12-18 km/l),Automatic,Petrol,First Owner,No,No,Yes
Hyundai,Venue,2023,0-20k,1000-1500cc,Good (18-24 km/l),Manual,Diesel,First Owner,Yes,No,Yes
Honda,WR-V,2021,20k-50k,1000-1500cc,Good (18-24 km/l),Automatic,Diesel,First Owner,Yes,No,Yes
Hyundai,i20,2022,20k-50k,1000-1500cc,Good (18-24 km/l),Automatic,Diesel,First Owner,Yes,No,Yes
Toyota,Yaris,2021,0-20k,1500-2000cc,Good (18-24 km/l),Manual,Petrol,First Owner,Yes,No,Yes
Renault,Kwid,2018,20k-50k,1000-1500cc,Good (18-24 km/l),Manual,Petrol,First Owner,No,Yes,Yes
Volkswagen,Polo,2015,80k-120k,1000-1500cc,Good (18-24 km/l),Manual,Petrol,First Owner,Yes,Yes,No
Volkswagen,Vento,2010,50k-80k,1500-2000cc,Average (12-18 km/l),Manual,Petrol,First Owner,No,Yes,No
Hyundai,Creta,2020,50k-80k,1500-2000cc,Excellent (24+ km/l),Manual,Diesel,First Owner,Yes,No,Yes
Maruti Suzuki,Ertiga,2023,20k-50k,1000-1500cc,Good (18-24 km/l),Manual,Petrol,First Owner,Yes,No,Yes
Ford,Figo,2022,20k-50k,1000-1500cc,Good (18-24 km/l),Manual,Petrol,First Owner,Yes,Yes,Yes
Tata,Harrier,2017,20k-50k,2000cc+,Excellent (24+ km/l),Manual,Diesel,Second Owner,No,No,Yes
Mahindra,XUV300,2022,0-20k,1500-2000cc,Average (12-18 km/l),Automatic,Petrol,First Owner,No,No,Yes
Maruti Suzuki,WagonR,2022,0-20k,1000-1500cc,Good (18-24 km/l),Manual,Petrol,First Owner,Yes,No,Yes
Hyundai,Verna,2016,120k+,1000-1500cc,Excellent (24+ km/l),Manual,Diesel,Fourth & Above,Yes,Yes,No
Maruti Suzuki,Baleno,2006,120k+,1500-2000cc,Good (18-24 km/l),Manual,Diesel,Second Owner,No,No,No
Kia,Seltos,2012,20k-50k,1000-1500cc,Good (18-24 km/l),Automatic,Petrol,Third Owner,Yes,Yes,No
Hyundai,Creta,2023,0-20k,1000-1500cc,Excellent (24+ km/l),Manual,Diesel,First Owner,Yes,No,Yes
Honda,City,2022,0-20k,<1000cc,Good (18-24 km/l),Manual,Diesel,First Owner,Yes,No,Yes
Maruti Suzuki,Dzire,2016,50k-80k,1000-1500cc,Good (18-24 km/l),Manual,Petrol,Second Owner,No,No,No
Toyota,Fortuner,2016,50k-80k,1000-1500cc,Excellent (24+ km/l),Manual,CNG,First Owner,Yes,No,Yes
Tata,Tiago,2022,0-20k,2000cc+,Average (12-18 km/l),Automatic,Petrol,First Owner,Yes,No,Yes
Kia,Sonet,2023,0-20k,1000-1500cc,Good (18-24 km/l),Automatic,Petrol,Second Owner,Yes,No,Yes
Kia,Carens,2022,0-20k,1500-2000cc,Good (18-24 km/l),Automatic,Diesel,Second Owner,Yes,No,Yes
Tata,Punch,2020,0-20k,1000-1500cc,Good (18-24 km/l),Automatic,CNG,First Owner,Yes,No,Yes
Kia,Sonet,2015,20k-50k,1500-2000cc,Good (18-24 km/l),Manual,Petrol,Second Owner,Yes,No,Yes
Mercedes-Benz,C-Class,2020,0-20k,2000cc+,Good (18-24 km/l),Manual,Diesel,First Owner,No,No,Yes
Renault,Kwid,2015,50k-80k,1500-2000cc,Good (18-24 km/l),Manual,Petrol,Third Owner,Yes,No,No
Skoda,Kushaq,2022,20k-50k,1000-1500cc,Excellent (24+ km/l),Manual,Petrol,First Owner,Yes,No,Yes
Hyundai,i20,2018,20k-50k,<1000cc,Good (18-24 km/l),Manual,Petrol,First Owner,Yes,Yes,Yes
Honda,WR-V,2022,0-20k,1000-1500cc,Good (18-24 km/l),Manual,Diesel,First Owner,Yes,No,Yes
Maruti Suzuki,Baleno,2018,80k-120k,1000-1500cc,Good (18-24 km/l),Manual,Petrol,Third Owner,No,Yes,No
Maruti Suzuki,Ertiga,2022,20k-50k,1500-2000cc,Good (18-24 km/l),Manual,Petrol,First Owner,Yes,No,Yes
Mercedes-Benz,GLA,2017,20k-50k,2000cc+,Average (12-18 km/l),Manual,Petrol,Second Owner,No,No,No
Tata,Nexon,2019,20k-50k,2000cc+,Good (18-24 km/l),Manual,Petrol,Second Owner,No,No,Yes
Volkswagen,Taigun,2021,0-20k,1000-1500cc,Good (18-24 km/l),Manual,Petrol,First Owner,Yes,No,Yes
Renault,Triber,2010,120k+,1000-1500cc,Good (18-24 km/l),Manual,Petrol,Second Owner,No,No,No
Skoda,Rapid,2023,20k-50k,1000-1500cc,Good (18-24 km/l),Manual,Hybrid,First Owner,Yes,Yes,Yes
Mercedes-Benz,C-Class,2020,50k-80k,2000cc+,Average (12-18 km/l),Automatic,Petrol,First Owner,No,Yes,No
Hyundai,Creta,2019,20k-50k,1000-1500cc,Good (18-24 km/l),Manual,Petrol,Second Owner,No,No,No
Maruti Suzuki,WagonR,2022,50k-80k,1000-1500cc,Good (18-24 km/l),Manual,Petrol,Second Owner,Yes,Yes,Yes
Tata,Harrier,2023,0-20k,1500-2000cc,Good (18-24 km/l),Manual,Petrol,First Owner,Yes,No,Yes
Maruti Suzuki,Swift,2020,20k-50k,1000-1500cc,Good (18-24 km/l),Manual,Petrol,Second Owner,No,No,Yes
Maruti Suzuki,Dzire,2023,0-20k,1000-1500cc,Excellent (24+ km/l),Manual,CNG,First Owner,Yes,No,Yes
Tata,Altroz,2010,80k-120k,2000cc+,Good (18-24 km/l),Manual,Diesel,Third Owner,Yes,No,No
Renault,Kwid,2012,80k-120k,1000-1500cc,Good (18-24 km/l),Manual,Petrol,First Owner,No,Yes,No
Honda,City,2020,20k-50k,1500-2000cc,Good (18-24 km/l),Manual,Diesel,Third Owner,Yes,No,Yes
Hyundai,Venue,2017,120k+,1500-2000cc,Good (18-24 km/l),Manual,Diesel,First Owner,Yes,Yes,Yes
Toyota,Fortuner,2019,80k-120k,2000cc+,Average (12-18 km/l),Manual,Petrol,First Owner,Yes,No,Yes
Hyundai,i20,2017,80k-120k,1000-1500cc,Good (18-24 km/l),Manual,Petrol,Second Owner,No,No,No
Maruti Suzuki,WagonR,2018,20k-50k,1000-1500cc,Good (18-24 km/l),Automatic,Petrol,First Owner,Yes,No,Yes
Volkswagen,Polo,2022,0-20k,1000-1500cc,Good (18-24 km/l),Automatic,Petrol,First Owner,Yes,No,Yes
Toyota,Innova,2020,20k-50k,1000-1500cc,Average (12-18 km/l),Manual,Petrol,Third Owner,Yes,No,Yes
Volkswagen,Polo,2023,0-20k,1000-1500cc,Good (18-24 km/l),Manual,Diesel,First Owner,Yes,No,Yes
Maruti Suzuki,Baleno,2022,20k-50k,1500-2000cc,Good (18-24 km/l),Manual,Diesel,First Owner,Yes,No,Yes
Skoda,Kushaq,2016,20k-50k,1000-1500cc,Good (18-24 km/l),Manual,Petrol,First Owner,No,No,Yes
Toyota,Glanza,2016,80k-120k,1000-1500cc,Good (18-24 km/l),Manual,Petrol,Second Owner,No,No,No
Honda,City,2017,0-20k,1000-1500cc,Good (18-24 km/l),Manual,Petrol,Fourth & Above,No,Yes,No
Toyota,Glanza,2022,20k-50k,1000-1500cc,Good (18-24 km/l),Automatic,Diesel,Second Owner,Yes,No,Yes
Skoda,Octavia,2007,80k-120k,1000-1500cc,Good (18-24 km/l),Manual,Diesel,Third Owner,No,Yes,No
Honda,City,2015,20k-50k,1000-1500cc,Good (18-24 km/l),Manual,Diesel,Third Owner,No,No,Yes
Honda,Amaze,2023,0-20k,1000-1500cc,Good (18-24 km/l),Manual,Diesel,First Owner,Yes,No,Yes
Mercedes-Benz,GLA,2021,20k-50k,2000cc+,Average (12-18 km/l),Automatic,Petrol,First Owner,Yes,No,Yes
Volkswagen,Taigun,2015,50k-80k,1000-1500cc,Excellent (24+ km/l),Automatic,CNG,Third Owner,No,Yes,No
Mahindra,Thar,2015,80k-120k,1500-2000cc,Average (12-18 km/l),Manual,Petrol,Second Owner,No,Yes,No
Ford,Figo,2023,0-20k,1500-2000cc,Good (18-24 km/l),Automatic,Petrol,First Owner,Yes,No,Yes
Tata,Altroz,2023,0-20k,1500-2000cc,Average (12-18 km/l),Manual,Petrol,First Owner,Yes,No,Yes
Hyundai,Creta,2016,50k-80k,1000-1500cc,Good (18-24 km/l),Manual,Petrol,First Owner,No,No,Yes
Honda,City,2018,20k-50k,1000-1500cc,Good (18-24 km/l),Manual,Petrol,Third Owner,Yes,No,Yes
BMW,5 Series,2022,0-20k,2000cc+,Good (18-24 km/l),Automatic,Diesel,First Owner,Yes,No,Yes
BMW,5 Series,2022,0-20k,2000cc+,Good (18-24 km/l),Automatic,Diesel,First Owner,Yes,No,Yes
Tata,Altroz,2022,20k-50k,1500-2000cc,Good (18-24 km/l),Manual,Petrol,First Owner,Yes,No,Yes
Mahindra,XUV500,2020,20k-50k,1500-2000cc,Average (12-18 km/l),Manual,Petrol,Fourth & Above,No,Yes,No
Hyundai,i10,2023,0-20k,1000-1500cc,Good (18-24 km/l),Automatic,Diesel,First Owner,Yes,Yes,Yes
Mercedes-Benz,GLA,2017,80k-120k,1500-2000cc,Good (18-24 km/l),Manual,Petrol,First Owner,No,No,Yes
Mercedes-Benz,GLA,2013,80k-120k,2000cc+,Average (12-18 km/l),Automatic,Diesel,First Owner,Yes,Yes,No
Toyota,Glanza,2021,0-20k,1000-1500cc,Good (18-24 km/l),Manual,Petrol,First Owner,Yes,No,Yes
Renault,Kwid,2020,50k-80k,1000-1500cc,Excellent (24+ km/l),Manual,CNG,Second Owner,Yes,No,Yes
Ford,Endeavour,2023,0-20k,1000-1500cc,Good (18-24 km/l),Manual,Petrol,First Owner,Yes,No,Yes
Honda,Amaze,2010,20k-50k,1500-2000cc,Average (12-18 km/l),Manual,Petrol,First Owner,Yes,Yes,No
Maruti Suzuki,Swift,2022,0-20k,1500-2000cc,Excellent (24+ km/l),Manual,Diesel,First Owner,Yes,No,Yes
Mahindra,XUV500,2016,20k-50k,1000-1500cc,Good (18-24 km/l),Manual,Diesel,Second Owner,No,No,Yes
Toyota,Innova,2021,0-20k,1000-1500cc,Good (18-24 km/l),Manual,Petrol,First Owner,Yes,Yes,Yes
Toyota,Innova,2008,120k+,2000cc+,Good (18-24 km/l),Manual,Diesel,Fourth & Above,No,No,No
Tata,Altroz,2021,20k-50k,1500-2000cc,Average (12-18 km/l),Automatic,Petrol,First Owner,No,No,Yes
BMW,3 Series,2021,20k-50k,2000cc+,Average (12-18 km/l),Manual,Petrol,First Owner,Yes,No,Yes
Maruti Suzuki,Dzire,2018,50k-80k,1000-1500cc,Good (18-24 km/l),Manual,Diesel,Second Owner,Yes,Yes,No
Mahindra,XUV300,2015,20k-50k,1500-2000cc,Average (12-18 km/l),Automatic,Petrol,Second Owner,Yes,No,Yes
Ford,Endeavour,2020,0-20k,1000-1500cc,Excellent (24+ km/l),Manual,Electric,First Owner,Yes,No,Yes
Ford,EcoSport,2022,20k-50k,1000-1500cc,Average (12-18 km/l),Automatic,Petrol,First Owner,Yes,No,Yes
Toyota,Yaris,2017,50k-80k,1500-2000cc,Good (18-24 km/l),Manual,Diesel,First Owner,Yes,No,Yes
Hyundai,i20,2016,20k-50k,1000-1500cc,Good (18-24 km/l),Manual,Petrol,Fourth & Above,No,No,No
Maruti Suzuki,Swift,2016,0-20k,1000-1500cc,Good (18-24 km/l),Manual,Petrol,Fourth & Above,No,No,Yes
Toyota,Glanza,2023,0-20k,1000-1500cc,Good (18-24 km/l),Manual,Diesel,First Owner,Yes,Yes,Yes
Honda,Amaze,2017,80k-120k,1000-1500cc,Good (18-24 km/l),Automatic,Petrol,First Owner,Yes,No,No
Maruti Suzuki,Ertiga,2005,0-20k,<1000cc,Good (18-24 km/l),Manual,Diesel,Second Owner,No,Yes,No
Ford,Endeavour,2022,20k-50k,1000-1500cc,Good (18-24 km/l),Automatic,Petrol,First Owner,Yes,No,Yes
Mahindra,XUV500,2021,50k-80k,1500-2000cc,Good (18-24 km/l),Manual,Petrol,First Owner,Yes,No,Yes
Toyota,Innova,2012,20k-50k,1000-1500cc,Good (18-24 km/l),Manual,Petrol,First Owner,Yes,No,Yes
Skoda,Kushaq,2023,0-20k,1000-1500cc,Good (18-24 km/l),Automatic,Diesel,First Owner,Yes,Yes,Yes
Maruti Suzuki,Baleno,2021,20k-50k,1000-1500cc,Good (18-24 km/l),Manual,Diesel,Second Owner,Yes,No,Yes
Maruti Suzuki,Baleno,2019,50k-80k,1000-1500cc,Good (18-24 km/l),Manual,Petrol,First Owner,No,No,No
Volkswagen,Polo,2018,0-20k,1000-1500cc,Good (18-24 km/l),Manual,Diesel,First Owner,Yes,No,Yes
Honda,WR-V,2023,0-20k,1000-1500cc,Good (18-24 km/l),Automatic,Diesel,First Owner,Yes,No,Yes
Ford,Endeavour,2015,20k-50k,1000-1500cc,Good (18-24 km/l),Manual,Diesel,Third Owner,No,Yes,No
Skoda,Octavia,2016,20k-50k,<1000cc,Good (18-24 km/l),Manual,Petrol,First Owner,No,No,No
Renault,Duster,2012,80k-120k,1500-2000cc,Good (18-24 km/l),Manual,Diesel,Second Owner,No,Yes,No
Audi,Q3,2022,0-20k,2000cc+,Average (12-18 km/l),Automatic,Petrol,First Owner,Yes,No,Yes
Honda,WR-V,2020,0-20k,1000-1500cc,Good (18-24 km/l),Manual,Petrol,First Owner,Yes,No,Yes
Mahindra,XUV500,2021,20k-50k,1500-2000cc,Good (18-24 km/l),Manual,Diesel,First Owner,Yes,No,Yes
Tata,Tiago,2015,120k+,2000cc+,Good (18-24 km/l),Automatic,Diesel,Fourth & Above,No,Yes,No
Maruti Suzuki,Swift,2021,0-20k,1000-1500cc,Good (18-24 km/l),Manual,Diesel,First Owner,No,No,Yes
Honda,City,2022,0-20k,<1000cc,Average (12-18 km/l),Manual,Petrol,First Owner,Yes,No,Yes
Hyundai,i10,2017,80k-120k,1000-1500cc,Good (18-24 km/l),Manual,Diesel,First Owner,Yes,No,Yes
BMW,3 Series,2022,0-20k,2000cc+,Average (12-18 km/l),Automatic,Petrol,Second Owner,Yes,No,Yes
Honda,Amaze,2017,50k-80k,1000-1500cc,Good (18-24 km/l),Manual,Diesel,First Owner,Yes,No,Yes
Honda,Jazz,2022,0-20k,1000-1500cc,Good (18-24 km/l),Manual,Petrol,First Owner,No,No,Yes
Tata,Altroz,2008,120k+,2000cc+,Good (18-24 km/l),Manual,Petrol,Third Owner,No,Yes,No
Maruti Suzuki,Swift,2020,20k-50k,1500-2000cc,Excellent (24+ km/l),Manual,CNG,Third Owner,Yes,Yes,Yes
Maruti Suzuki,Swift,2023,0-20k,1000-1500cc,Good (18-24 km/l),Manual,Petrol,Third Owner,Yes,No,Yes
Tata,Punch,2023,0-20k,1000-1500cc,Good (18-24 km/l),Manual,Diesel,First Owner,Yes,No,Yes
Maruti Suzuki,Alto,2016,50k-80k,1000-1500cc,Good (18-24 km/l),Manual,Petrol,Fourth & Above,No,Yes,No
Honda,City,2019,20k-50k,1000-1500cc,Good (18-24 km/l),Manual,Diesel,First Owner,Yes,No,Yes
Kia,Carens,2009,120k+,1000-1500cc,Average (12-18 km/l),Automatic,Petrol,First Owner,No,Yes,No
Kia,Seltos,2023,20k-50k,1500-2000cc,Good (18-24 km/l),Manual,Petrol,First Owner,Yes,No,Yes
Toyota,Yaris,2020,20k-50k,1000-1500cc,Good (18-24 km/l),Manual,Petrol,First Owner,Yes,No,Yes
Hyundai,i20,2018,120k+,<1000cc,Excellent (24+ km/l),Manual,CNG,Second Owner,No,No,No
Skoda,Rapid,2012,120k+,<1000cc,Good (18-24 km/l),Manual,Petrol,First Owner,Yes,No,No
Kia,Carens,2023,0-20k,1000-1500cc,Good (18-24 km/l),Automatic,Petrol,First Owner,Yes,No,Yes
Hyundai,Creta,2020,0-20k,1500-2000cc,Good (18-24 km/l),Manual,Diesel,Second Owner,Yes,No,Yes
Volkswagen,Polo,2016,80k-120k,1000-1500cc,Good (18-24 km/l),Manual,Petrol,First Owner,Yes,No,Yes
Hyundai,i20,2017,120k+,1000-1500cc,Excellent (24+ km/l),Manual,CNG,First Owner,Yes,No,Yes
Renault,Triber,2016,80k-120k,1000-1500cc,Good (18-24 km/l),Automatic,Petrol,First Owner,No,Yes,No
Mercedes-Benz,C-Class,2020,50k-80k,2000cc+,Average (12-18 km/l),Automatic,Petrol,Second Owner,Yes,Yes,No
Maruti Suzuki,Swift,2023,0-20k,1500-2000cc,Good (18-24 km/l),Manual,Petrol,Second Owner,No,No,Yes
Kia,Carens,2023,0-20k,1000-1500cc,Good (18-24 km/l),Automatic,CNG,First Owner,Yes,Yes,Yes
Toyota,Fortuner,2019,50k-80k,2000cc+,Good (18-24 km/l),Manual,Diesel,First Owner,Yes,No,Yes
Audi,Q3,2022,20k-50k,2000cc+,Good (18-24 km/l),Automatic,Diesel,First Owner,Yes,Yes,Yes
Mahindra,Thar,2018,20k-50k,2000cc+,Average (12-18 km/l),Manual,Diesel,First Owner,No,No,Yes
Skoda,Kushaq,2016,20k-50k,<1000cc,Excellent (24+ km/l),Manual,CNG,First Owner,Yes,No,Yes
Maruti Suzuki,Alto,2023,0-20k,1000-1500cc,Good (18-24 km/l),Automatic,Diesel,First Owner,Yes,No,Yes
Tata,Altroz,2017,20k-50k,1500-2000cc,Good (18-24 km/l),Manual,CNG,Second Owner,Yes,No,Yes
Maruti Suzuki,WagonR,2017,50k-80k,1000-1500cc,Good (18-24 km/l),Manual,Petrol,First Owner,Yes,No,Yes
Mercedes-Benz,GLA,2023,0-20k,1500-2000cc,Average (12-18 km/l),Automatic,Petrol,First Owner,Yes,No,Yes
Renault,Kwid,2012,120k+,1000-1500cc,Good (18-24 km/l),Manual,Petrol,Second Owner,No,Yes,No
Skoda,Kushaq,2022,0-20k,1500-2000cc,Good (18-24 km/l),Manual,CNG,First Owner,No,No,Yes
BMW,X1,2023,0-20k,2000cc+,Average (12-18 km/l),Manual,Diesel,First Owner,Yes,No,Yes
Maruti Suzuki,Dzire,2020,0-20k,1000-1500cc,Good (18-24 km/l),Manual,Diesel,Second Owner,No,No,Yes
Tata,Tiago,2005,120k+,1500-2000cc,Good (18-24 km/l),Automatic,Petrol,Second Owner,No,No,No
Maruti Suzuki,Alto,2018,80k-120k,1000-1500cc,Good (18-24 km/l),Manual,Petrol,First Owner,Yes,No,Yes
Hyundai,Venue,2012,0-20k,1000-1500cc,Good (18-24 km/l),Manual,Diesel,First Owner,No,No,Yes
Hyundai,i10,2018,0-20k,<1000cc,Good (18-24 km/l),Manual,Petrol,Second Owner,No,Yes,Yes
Mahindra,Thar,2022,20k-50k,1500-2000cc,Good (18-24 km/l),Manual,Diesel,First Owner,Yes,Yes,Yes
Hyundai,i10,2019,50k-80k,1000-1500cc,Good (18-24 km/l),Automatic,Diesel,First Owner,Yes,No,Yes
Maruti Suzuki,Baleno,2019,50k-80k,1000-1500cc,Good (18-24 km/l),Automatic,Petrol,First Owner,Yes,No,Yes
Maruti Suzuki,Swift,2020,0-20k,1000-1500cc,Excellent (24+ km/l),Manual,CNG,Second Owner,Yes,No,Yes
Maruti Suzuki,WagonR,2020,0-20k,<1000cc,Good (18-24 km/l),Manual,Petrol,First Owner,Yes,Yes,Yes
Audi,Q3,2023,0-20k,1500-2000cc,Good (18-24 km/l),Manual,Petrol,First Owner,No,No,Yes
Volkswagen,Taigun,2017,0-20k,1000-1500cc,Good (18-24 km/l),Manual,Diesel,First Owner,Yes,No,Yes
Audi,Q3,2022,0-20k,2000cc+,Good (18-24 km/l),Manual,Petrol,Second Owner,No,No,Yes
Mahindra,XUV500,2020,0-20k,1000-1500cc,Good (18-24 km/l),Manual,Diesel,First Owner,Yes,No,Yes
Hyundai,i20,2017,20k-50k,<1000cc,Excellent (24+ km/l),Manual,Diesel,First Owner,No,No,Yes
Renault,Duster,2016,80k-120k,1000-1500cc,Good (18-24 km/l),Manual,Diesel,Second Owner,Yes,Yes,No
Tata,Harrier,2018,20k-50k,1500-2000cc,Excellent (24+ km/l),Manual,Diesel,First Owner,No,No,Yes
Hyundai,Verna,2021,0-20k,1000-1500cc,Excellent (24+ km/l),Automatic,Diesel,First Owner,No,Yes,Yes
Hyundai,i20,2015,20k-50k,1000-1500cc,Excellent (24+ km/l),Manual,CNG,Fourth & Above,No,Yes,No
Maruti Suzuki,Dzire,2023,0-20k,1000-1500cc,Good (18-24 km/l),Manual,Petrol,First Owner,No,No,Yes
Hyundai,Verna,2020,20k-50k,<1000cc,Good (18-24 km/l),Manual,Petrol,Fourth & Above,Yes,Yes,Yes
Tata,Harrier,2023,20k-50k,1500-2000cc,Good (18-24 km/l),Manual,Petrol,First Owner,Yes,Yes,Yes
Toyota,Innova,2008,20k-50k,1500-2000cc,Good (18-24 km/l),Manual,CNG,Fourth & Above,No,Yes,No
Maruti Suzuki,Dzire,2017,0-20k,<1000cc,Good (18-24 km/l),Automatic,Diesel,First Owner,Yes,No,Yes
Hyundai,Venue,2007,80k-120k,1500-2000cc,Good (18-24 km/l),Manual,Petrol,First Owner,Yes,Yes,No
Renault,Duster,2016,50k-80k,1500-2000cc,Average (12-18 km/l),Manual,Petrol,Second Owner,Yes,No,Yes
Maruti Suzuki,Swift,2023,0-20k,1000-1500cc,Average (12-18 km/l),Automatic,Petrol,First Owner,No,No,Yes
Tata,Punch,2008,50k-80k,1000-1500cc,Good (18-24 km/l),Manual,Diesel,First Owner,No,No,No
Skoda,Rapid,2019,20k-50k,<1000cc,Excellent (24+ km/l),Manual,Diesel,First Owner,No,Yes,Yes
Maruti Suzuki,Alto,2012,80k-120k,1500-2000cc,Excellent (24+ km/l),Automatic,CNG,First Owner,No,No,No
Maruti Suzuki,Swift,2018,20k-50k,1000-1500cc,Good (18-24 km/l),Manual,Diesel,First Owner,Yes,No,Yes
Mahindra,Scorpio,2022,0-20k,1500-2000cc,Good (18-24 km/l),Manual,Petrol,Second Owner,No,Yes,Yes
Hyundai,Venue,2021,0-20k,1000-1500cc,Good (18-24 km/l),Manual,Diesel,First Owner,Yes,No,Yes
Honda,WR-V,2022,0-20k,1000-1500cc,Good (18-24 km/l),Automatic,Petrol,First Owner,Yes,No,Yes
Renault,Triber,2017,20k-50k,1000-1500cc,Good (18-24 km/l),Manual,Diesel,Second Owner,Yes,No,Yes
Maruti Suzuki,Baleno,2023,0-20k,1000-1500cc,Good (18-24 km/l),Manual,Petrol,First Owner,Yes,No,Yes
Honda,City,2021,50k-80k,1500-2000cc,Good (18-24 km/l),Manual,Petrol,First Owner,Yes,No,Yes
Mahindra,Thar,2018,20k-50k,1000-1500cc,Good (18-24 km/l),Automatic,Petrol,First Owner,Yes,No,Yes
Maruti Suzuki,Dzire,2018,0-20k,1000-1500cc,Excellent (24+ km/l),Automatic,CNG,Third Owner,No,No,Yes
Toyota,Fortuner,2023,0-20k,1500-2000cc,Good (18-24 km/l),Manual,Petrol,First Owner,Yes,No,Yes
Hyundai,i20,2020,20k-50k,1000-1500cc,Good (18-24 km/l),Automatic,Diesel,First Owner,Yes,No,Yes
Mahindra,Thar,2021,0-20k,2000cc+,Good (18-24 km/l),Manual,Petrol,First Owner,Yes,No,Yes
Maruti Suzuki,Alto,2018,20k-50k,1000-1500cc,Good (18-24 km/l),Automatic,Petrol,Second Owner,Yes,Yes,Yes
Mahindra,Scorpio,2015,80k-120k,1500-2000cc,Excellent (24+ km/l),Manual,CNG,First Owner,No,Yes,No
Hyundai,Verna,2022,0-20k,1000-1500cc,Average (12-18 km/l),Automatic,Petrol,First Owner,No,No,Yes
Renault,Duster,2021,20k-50k,1000-1500cc,Good (18-24 km/l),Manual,Petrol,First Owner,Yes,No,Yes
Maruti Suzuki,Alto,2019,50k-80k,1000-1500cc,Good (18-24 km/l),Manual,Petrol,First Owner,No,No,Yes
Tata,Punch,2021,20k-50k,1500-2000cc,Good (18-24 km/l),Automatic,Diesel,First Owner,Yes,No,Yes
Mahindra,Thar,2015,80k-120k,2000cc+,Good (18-24 km/l),Automatic,Diesel,Second Owner,No,No,No
Ford,Endeavour,2022,20k-50k,1000-1500cc,Good (18-24 km/l),Manual,Petrol,First Owner,Yes,No,Yes
Honda,City,2023,0-20k,1000-1500cc,Good (18-24 km/l),Automatic,Diesel,Third Owner,Yes,No,Yes
Toyota,Innova,2023,0-20k,1000-1500cc,Excellent (24+ km/l),Automatic,CNG,First Owner,Yes,No,Yes
Volkswagen,Taigun,2017,120k+,1500-2000cc,Good (18-24 km/l),Manual,Petrol,First Owner,Yes,No,No
Skoda,Rapid,2018,20k-50k,1500-2000cc,Good (18-24 km/l),Manual,Diesel,First Owner,Yes,No,Yes
Hyundai,Creta,2022,0-20k,1000-1500cc,Good (18-24 km/l),Manual,Diesel,First Owner,Yes,No,Yes
Honda,WR-V,2020,50k-80k,1000-1500cc,Good (18-24 km/l),Manual,Petrol,First Owner,No,No,Yes
Skoda,Rapid,2020,0-20k,1000-1500cc,Good (18-24 km/l),Automatic,Diesel,Fourth & Above,Yes,No,Yes
Mercedes-Benz,C-Class,2023,0-20k,2000cc+,Average (12-18 km/l),Automatic,Petrol,Third Owner,Yes,No,Yes
Kia,Seltos,2020,20k-50k,1000-1500cc,Good (18-24 km/l),Automatic,Diesel,Third Owner,Yes,No,Yes
Tata,Punch,2020,50k-80k,1000-1500cc,Good (18-24 km/l),Automatic,Petrol,Second Owner,Yes,No,Yes
Hyundai,i10,2008,120k+,<1000cc,Good (18-24 km/l),Manual,Diesel,Third Owner,No,No,No
Mahindra,Scorpio,2010,120k+,2000cc+,Average (12-18 km/l),Manual,Petrol,Third Owner,No,No,No
Volkswagen,Taigun,2005,120k+,1000-1500cc,Excellent (24+ km/l),Automatic,CNG,Second Owner,No,No,No
Mahindra,Thar,2023,0-20k,2000cc+,Average (12-18 km/l),Manual,Petrol,First Owner,Yes,Yes,Yes
Mahindra,XUV300,2018,20k-50k,1500-2000cc,Excellent (24+ km/l),Manual,Diesel,First Owner,Yes,No,Yes
Skoda,Octavia,2019,20k-50k,1500-2000cc,Excellent (24+ km/l),Manual,CNG,Second Owner,No,No,Yes
Tata,Altroz,2022,0-20k,1500-2000cc,Good (18-24 km/l),Manual,Petrol,First Owner,Yes,No,Yes
Skoda,Octavia,2021,20k-50k,1000-1500cc,Excellent (24+ km/l),Automatic,CNG,First Owner,Yes,No,Yes
Tata,Nexon,2021,20k-50k,1500-2000cc,Good (18-24 km/l),Automatic,Diesel,First Owner,No,Yes,No
Tata,Punch,2016,20k-50k,1500-2000cc,Good (18-24 km/l),Manual,Petrol,Third Owner,No,Yes,No
Mahindra,Bolero,2022,0-20k,1500-2000cc,Good (18-24 km/l),Manual,Petrol,Second Owner,Yes,No,Yes
Volkswagen,Polo,2013,20k-50k,1000-1500cc,Good (18-24 km/l),Manual,Diesel,Third Owner,No,No,No
Maruti Suzuki,WagonR,2009,120k+,1000-1500cc,Good (18-24 km/l),Manual,Petrol,Fourth & Above,Yes,Yes,No
Hyundai,Verna,2014,50k-80k,1000-1500cc,Good (18-24 km/l),Manual,Petrol,Fourth & Above,No,No,No
Audi,A4,2016,0-20k,2000cc+,Average (12-18 km/l),Automatic,Diesel,Fourth & Above,Yes,No,Yes
Maruti Suzuki,Ertiga,2016,120k+,1000-1500cc,Excellent (24+ km/l),Manual,CNG,Second Owner,Yes,No,No
Honda,Jazz,2021,20k-50k,1000-1500cc,Good (18-24 km/l),Manual,Petrol,First Owner,Yes,No,Yes
Honda,Amaze,2015,80k-120k,1000-1500cc,Good (18-24 km/l),Manual,Petrol,Second Owner,No,No,No
Mahindra,Scorpio,2021,20k-50k,2000cc+,Good (18-24 km/l),Automatic,CNG,First Owner,Yes,No,Yes
Toyota,Fortuner,2011,120k+,1500-2000cc,Excellent (24+ km/l),Manual,Diesel,Third Owner,Yes,Yes,No
Hyundai,i20,2013,120k+,1000-1500cc,Good (18-24 km/l),Automatic,Diesel,Second Owner,Yes,No,No
Honda,Jazz,2019,20k-50k,<1000cc,Good (18-24 km/l),Manual,Petrol,Second Owner,Yes,Yes,No
Tata,Tiago,2023,0-20k,2000cc+,Good (18-24 km/l),Manual,Diesel,First Owner,Yes,No,Yes
Toyota,Yaris,2023,0-20k,2000cc+,Excellent (24+ km/l),Manual,Diesel,First Owner,Yes,No,Yes
Maruti Suzuki,Alto,2023,0-20k,1000-1500cc,Good (18-24 km/l),Automatic,Petrol,Second Owner,Yes,No,Yes
Honda,Jazz,2021,0-20k,1000-1500cc,Good (18-24 km/l),Manual,Diesel,First Owner,Yes,No,Yes
Hyundai,i20,2021,20k-50k,1000-1500cc,Average (12-18 km/l),Automatic,Petrol,First Owner,No,No,Yes
Hyundai,Venue,2021,20k-50k,1000-1500cc,Good (18-24 km/l),Manual,Diesel,First Owner,Yes,No,Yes
Hyundai,Verna,2021,20k-50k,1000-1500cc,Good (18-24 km/l),Automatic,Petrol,First Owner,Yes,No,Yes
Hyundai,Verna,2013,80k-120k,1000-1500cc,Good (18-24 km/l),Manual,Petrol,First Owner,Yes,Yes,No
Renault,Triber,2020,20k-50k,1000-1500cc,Good (18-24 km/l),Manual,Diesel,Second Owner,Yes,Yes,Yes
Hyundai,Creta,2018,80k-120k,1000-1500cc,Good (18-24 km/l),Manual,Petrol,First Owner,No,No,Yes
BMW,3 Series,2019,20k-50k,2000cc+,Low (<12 km/l),Automatic,Petrol,First Owner,Yes,No,Yes
Audi,A4,2020,120k+,1500-2000cc,Good (18-24 km/l),Automatic,Petrol,Third Owner,No,No,No
Honda,Amaze,2012,80k-120k,1500-2000cc,Good (18-24 km/l),Manual,Diesel,Second Owner,Yes,Yes,No
Maruti Suzuki,Alto,2017,120k+,1000-1500cc,Good (18-24 km/l),Manual,Petrol,Third Owner,No,No,No
Tata,Nexon,2009,50k-80k,2000cc+,Good (18-24 km/l),Manual,Petrol,First Owner,No,No,No
Renault,Kwid,2023,0-20k,1500-2000cc,Excellent (24+ km/l),Automatic,Electric,First Owner,Yes,No,Yes
Tata,Altroz,2012,50k-80k,2000cc+,Average (12-18 km/l),Manual,Petrol,Third Owner,Yes,Yes,No
Maruti Suzuki,Ertiga,2016,80k-120k,1000-1500cc,Excellent (24+ km/l),Manual,Petrol,First Owner,Yes,No,Yes
Honda,WR-V,2023,0-20k,1000-1500cc,Good (18-24 km/l),Manual,Petrol,First Owner,Yes,No,Yes
Skoda,Kushaq,2019,20k-50k,1000-1500cc,Excellent (24+ km/l),Manual,CNG,Second Owner,Yes,No,Yes
Renault,Triber,2012,120k+,1000-1500cc,Average (12-18 km/l),Automatic,Petrol,Third Owner,No,Yes,No
Maruti Suzuki,Baleno,2018,50k-80k,1000-1500cc,Good (18-24 km/l),Manual,Petrol,First Owner,Yes,No,Yes
Toyota,Glanza,2012,120k+,2000cc+,Average (12-18 km/l),Manual,Diesel,Second Owner,No,No,No
Hyundai,Creta,2014,20k-50k,1000-1500cc,Good (18-24 km/l),Manual,Diesel,Second Owner,Yes,No,Yes
Hyundai,Creta,2009,120k+,<1000cc,Excellent (24+ km/l),Manual,CNG,Third Owner,No,No,No
Kia,Carens,2019,20k-50k,1500-2000cc,Average (12-18 km/l),Manual,Diesel,First Owner,Yes,No,Yes
Hyundai,Creta,2022,0-20k,1500-2000cc,Good (18-24 km/l),Manual,Petrol,First Owner,Yes,No,Yes
Hyundai,Venue,2020,20k-50k,1000-1500cc,Excellent (24+ km/l),Automatic,Diesel,First Owner,Yes,No,Yes
Maruti Suzuki,Baleno,2020,0-20k,1000-1500cc,Good (18-24 km/l),Manual,Petrol,First Owner,No,No,Yes
Kia,Seltos,2014,120k+,1000-1500cc,Good (18-24 km/l),Automatic,Diesel,First Owner,Yes,Yes,No
Renault,Kwid,2017,50k-80k,1000-1500cc,Good (18-24 km/l),Automatic,Diesel,First Owner,No,Yes,No
Toyota,Innova,2022,0-20k,2000cc+,Average (12-18 km/l),Manual,Diesel,First Owner,Yes,No,Yes
Volkswagen,Vento,2011,80k-120k,1000-1500cc,Excellent (24+ km/l),Manual,Petrol,Fourth & Above,No,No,No
Maruti Suzuki,WagonR,2023,0-20k,<1000cc,Good (18-24 km/l),Automatic,Petrol,First Owner,Yes,No,Yes
Mahindra,Thar,2019,20k-50k,2000cc+,Average (12-18 km/l),Manual,Petrol,Second Owner,Yes,Yes,No
Tata,Punch,2022,0-20k,1500-2000cc,Average (12-18 km/l),Manual,Hybrid,First Owner,No,No,Yes
Maruti Suzuki,Baleno,2017,20k-50k,1000-1500cc,Good (18-24 km/l),Manual,Petrol,Second Owner,Yes,No,Yes
Mahindra,Thar,2017,120k+,1500-2000cc,Good (18-24 km/l),Automatic,Diesel,First Owner,Yes,No,Yes
BMW,5 Series,2022,20k-50k,2000cc+,Average (12-18 km/l),Automatic,Petrol,Third Owner,Yes,No,Yes
Maruti Suzuki,Swift,2022,20k-50k,1000-1500cc,Average (12-18 km/l),Manual,Petrol,First Owner,Yes,No,Yes
Hyundai,i10,2015,50k-80k,1000-1500cc,Good (18-24 km/l),Manual,Petrol,Second Owner,No,No,No
Hyundai,i20,2023,0-20k,1000-1500cc,Good (18-24 km/l),Automatic,Diesel,First Owner,Yes,No,Yes
Hyundai,Verna,2010,80k-120k,1000-1500cc,Good (18-24 km/l),Manual,Diesel,Third Owner,Yes,Yes,No
Kia,Sonet,2010,120k+,<1000cc,Excellent (24+ km/l),Manual,Diesel,Fourth & Above,No,Yes,No
Mahindra,Thar,2020,80k-120k,1000-1500cc,Good (18-24 km/l),Manual,Diesel,First Owner,No,Yes,No
Mahindra,Thar,2022,0-20k,1500-2000cc,Good (18-24 km/l),Manual,Petrol,First Owner,Yes,No,Yes
Volkswagen,Taigun,2023,0-20k,1000-1500cc,Good (18-24 km/l),Automatic,Diesel,First Owner,Yes,No,Yes
Maruti Suzuki,WagonR,2018,50k-80k,<1000cc,Good (18-24 km/l),Automatic,Diesel,First Owner,Yes,No,Yes
Mahindra,Thar,2007,120k+,1000-1500cc,Good (18-24 km/l),Manual,Diesel,Second Owner,No,Yes,No
Tata,Harrier,2020,0-20k,1000-1500cc,Good (18-24 km/l),Automatic,Diesel,First Owner,Yes,No,Yes
Honda,Jazz,2016,120k+,1000-1500cc,Good (18-24 km/l),Automatic,Petrol,Second Owner,No,Yes,No
Mercedes-Benz,GLA,2019,20k-50k,2000cc+,Good (18-24 km/l),Manual,Diesel,First Owner,Yes,No,Yes
Volkswagen,Vento,2019,80k-120k,1000-1500cc,Good (18-24 km/l),Manual,Hybrid,Second Owner,Yes,No,Yes
Tata,Altroz,2009,120k+,2000cc+,Good (18-24 km/l),Manual,Diesel,Second Owner,No,Yes,No
Renault,Kwid,2019,80k-120k,1500-2000cc,Good (18-24 km/l),Manual,Petrol,Second Owner,No,No,No
Maruti Suzuki,Ertiga,2018,50k-80k,1000-1500cc,Good (18-24 km/l),Manual,Diesel,First Owner,Yes,No,Yes
Maruti Suzuki,Dzire,2021,50k-80k,1000-1500cc,Average (12-18 km/l),Automatic,Petrol,First Owner,No,No,No
Hyundai,Venue,2021,20k-50k,1000-1500cc,Good (18-24 km/l),Automatic,Petrol,First Owner,No,No,Yes
Tata,Punch,2014,120k+,2000cc+,Average (12-18 km/l),Automatic,Hybrid,Third Owner,Yes,No,No
Mahindra,Bolero,2015,20k-50k,2000cc+,Good (18-24 km/l),Manual,Diesel,Second Owner,Yes,Yes,Yes
Toyota,Fortuner,2016,20k-50k,2000cc+,Good (18-24 km/l),Manual,Diesel,Second Owner,Yes,Yes,Yes
BMW,3 Series,2014,80k-120k,1500-2000cc,Excellent (24+ km/l),Manual,Electric,Third Owner,No,Yes,No
Mahindra,XUV500,2021,0-20k,1500-2000cc,Excellent (24+ km/l),Manual,CNG,First Owner,Yes,No,Yes
Mahindra,Bolero,2023,0-20k,1500-2000cc,Good (18-24 km/l),Manual,Diesel,First Owner,Yes,Yes,Yes
Maruti Suzuki,Dzire,2021,20k-50k,1000-1500cc,Good (18-24 km/l),Manual,Petrol,First Owner,Yes,No,Yes
Maruti Suzuki,WagonR,2021,0-20k,1000-1500cc,Average (12-18 km/l),Automatic,Petrol,First Owner,Yes,No,Yes
Honda,Amaze,2018,50k-80k,1000-1500cc,Good (18-24 km/l),Automatic,CNG,First Owner,Yes,No,Yes
Mahindra,XUV300,2017,20k-50k,1000-1500cc,Excellent (24+ km/l),Manual,CNG,First Owner,Yes,No,Yes
Skoda,Octavia,2023,0-20k,1000-1500cc,Average (12-18 km/l),Automatic,Petrol,Second Owner,Yes,No,Yes
Maruti Suzuki,Dzire,2023,0-20k,1000-1500cc,Average (12-18 km/l),Manual,Petrol,First Owner,Yes,No,Yes
Maruti Suzuki,Alto,2019,20k-50k,1000-1500cc,Excellent (24+ km/l),Manual,Diesel,First Owner,No,No,Yes
Mahindra,XUV500,2016,20k-50k,1000-1500cc,Excellent (24+ km/l),Manual,Petrol,Fourth & Above,Yes,No,No
Hyundai,Verna,2022,0-20k,1000-1500cc,Good (18-24 km/l),Manual,Petrol,First Owner,Yes,No,Yes
Maruti Suzuki,Ertiga,2012,50k-80k,1500-2000cc,Excellent (24+ km/l),Manual,CNG,First Owner,Yes,No,Yes
Ford,Endeavour,2022,20k-50k,1000-1500cc,Good (18-24 km/l),Manual,Petrol,First Owner,Yes,No,Yes
Maruti Suzuki,WagonR,2022,0-20k,1000-1500cc,Excellent (24+ km/l),Manual,Diesel,First Owner,Yes,No,Yes
Honda,City,2012,80k-120k,1000-1500cc,Average (12-18 km/l),Automatic,Petrol,First Owner,No,Yes,No
Hyundai,i10,2023,20k-50k,1000-1500cc,Excellent (24+ km/l),Manual,Diesel,First Owner,Yes,No,Yes
Maruti Suzuki,Dzire,2023,0-20k,1000-1500cc,Good (18-24 km/l),Manual,Diesel,First Owner,Yes,No,Yes
Tata,Punch,2023,0-20k,2000cc+,Average (12-18 km/l),Manual,Petrol,First Owner,Yes,No,Yes
Renault,Triber,2019,20k-50k,<1000cc,Good (18-24 km/l),Automatic,Petrol,First Owner,Yes,No,Yes
Tata,Harrier,2015,80k-120k,1500-2000cc,Good (18-24 km/l),Manual,Petrol,Second Owner,Yes,Yes,No
Volkswagen,Taigun,2020,0-20k,1000-1500cc,Good (18-24 km/l),Manual,Diesel,Third Owner,Yes,No,Yes
Maruti Suzuki,Ertiga,2018,50k-80k,1000-1500cc,Excellent (24+ km/l),Manual,Diesel,First Owner,Yes,Yes,Yes
Volkswagen,Taigun,2015,0-20k,1000-1500cc,Good (18-24 km/l),Manual,Petrol,First Owner,Yes,No,Yes
Hyundai,i20,2018,20k-50k,1000-1500cc,Good (18-24 km/l),Manual,Petrol,Fourth & Above,Yes,No,Yes
Toyota,Yaris,2021,20k-50k,2000cc+,Good (18-24 km/l),Manual,Petrol,First Owner,Yes,No,Yes
Honda,City,2010,80k-120k,1500-2000cc,Good (18-24 km/l),Manual,Petrol,Fourth & Above,Yes,Yes,No
BMW,3 Series,2017,20k-50k,2000cc+,Good (18-24 km/l),Automatic,Diesel,Second Owner,Yes,Yes,Yes
Tata,Harrier,2006,120k+,1000-1500cc,Good (18-24 km/l),Manual,Diesel,Third Owner,No,No,No
Maruti Suzuki,Baleno,2022,20k-50k,1500-2000cc,Good (18-24 km/l),Manual,Petrol,First Owner,Yes,No,Yes
Maruti Suzuki,WagonR,2021,0-20k,1000-1500cc,Good (18-24 km/l),Automatic,Diesel,First Owner,Yes,Yes,Yes
Renault,Duster,2009,80k-120k,1000-1500cc,Average (12-18 km/l),Automatic,Petrol,Fourth & Above,No,No,No
Mahindra,XUV300,2023,0-20k,1000-1500cc,Good (18-24 km/l),Manual,Diesel,First Owner,No,No,Yes
Volkswagen,Polo,2007,120k+,<1000cc,Excellent (24+ km/l),Manual,Diesel,First Owner,No,No,No
Hyundai,Verna,2020,0-20k,<1000cc,Excellent (24+ km/l),Manual,Diesel,First Owner,Yes,No,Yes
Tata,Harrier,2022,0-20k,1000-1500cc,Good (18-24 km/l),Automatic,Diesel,Second Owner,Yes,No,Yes
Maruti Suzuki,Dzire,2022,20k-50k,1500-2000cc,Good (18-24 km/l),Manual,Diesel,Second Owner,Yes,No,Yes
Audi,A4,2008,120k+,2000cc+,Average (12-18 km/l),Manual,Diesel,Fourth & Above,No,Yes,No
Toyota,Yaris,2023,0-20k,1500-2000cc,Average (12-18 km/l),Manual,Diesel,First Owner,Yes,No,Yes
BMW,3 Series,2023,0-20k,2000cc+,Average (12-18 km/l),Automatic,Petrol,First Owner,Yes,No,Yes
Hyundai,Venue,2020,0-20k,<1000cc,Good (18-24 km/l),Manual,Petrol,First Owner,Yes,No,Yes
Toyota,Innova,2019,20k-50k,1500-2000cc,Average (12-18 km/l),Automatic,Petrol,Second Owner,Yes,No,Yes
Toyota,Fortuner,2008,80k-120k,2000cc+,Average (12-18 km/l),Manual,Petrol,Second Owner,Yes,Yes,No
Hyundai,i10,2020,20k-50k,1500-2000cc,Excellent (24+ km/l),Manual,Diesel,Second Owner,Yes,No,Yes
Skoda,Octavia,2018,50k-80k,1500-2000cc,Excellent (24+ km/l),Automatic,Electric,Second Owner,Yes,Yes,Yes
Audi,Q3,2022,50k-80k,1500-2000cc,Good (18-24 km/l),Automatic,Diesel,First Owner,Yes,No,Yes
Kia,Sonet,2018,20k-50k,1000-1500cc,Excellent (24+ km/l),Manual,CNG,First Owner,Yes,Yes,Yes
Volkswagen,Polo,2021,0-20k,<1000cc,Good (18-24 km/l),Manual,Petrol,First Owner,Yes,No,Yes
Hyundai,Verna,2011,50k-80k,1000-1500cc,Good (18-24 km/l),Manual,Diesel,First Owner,No,Yes,No
Hyundai,Verna,2012,50k-80k,<1000cc,Good (18-24 km/l),Manual,Petrol,Second Owner,Yes,Yes,Yes
Audi,A4,2013,80k-120k,1500-2000cc,Good (18-24 km/l),Manual,Petrol,Third Owner,No,Yes,No
Maruti Suzuki,Swift,2008,80k-120k,1000-1500cc,Good (18-24 km/l),Manual,Diesel,Fourth & Above,Yes,No,No
Ford,EcoSport,2020,20k-50k,1000-1500cc,Good (18-24 km/l),Automatic,Hybrid,First Owner,No,No,Yes
Ford,Endeavour,2022,0-20k,<1000cc,Excellent (24+ km/l),Manual,Diesel,Second Owner,Yes,No,Yes
Toyota,Yaris,2021,0-20k,1500-2000cc,Good (18-24 km/l),Automatic,Petrol,First Owner,Yes,No,Yes
Mercedes-Benz,C-Class,2020,20k-50k,1500-2000cc,Average (12-18 km/l),Automatic,Petrol,Second Owner,No,No,No
Hyundai,i10,2021,50k-80k,<1000cc,Excellent (24+ km/l),Manual,CNG,First Owner,Yes,No,Yes
Tata,Nexon,2017,80k-120k,2000cc+,Good (18-24 km/l),Manual,Diesel,Second Owner,Yes,Yes,No
Maruti Suzuki,Dzire,2018,120k+,1000-1500cc,Excellent (24+ km/l),Manual,CNG,First Owner,Yes,No,Yes
Mahindra,Bolero,2017,120k+,2000cc+,Good (18-24 km/l),Automatic,Petrol,First Owner,No,Yes,No
Hyundai,Verna,2021,0-20k,1500-2000cc,Good (18-24 km/l),Automatic,Petrol,First Owner,Yes,No,Yes
Tata,Tiago,2013,120k+,2000cc+,Average (12-18 km/l),Automatic,Petrol,First Owner,Yes,No,Yes
Skoda,Kushaq,2006,120k+,1000-1500cc,Good (18-24 km/l),Manual,Diesel,Second Owner,No,Yes,No
BMW,5 Series,2020,20k-50k,2000cc+,Good (18-24 km/l),Automatic,Petrol,First Owner,Yes,No,Yes
Hyundai,Creta,2023,0-20k,<1000cc,Good (18-24 km/l),Automatic,Diesel,First Owner,Yes,Yes,Yes
Tata,Altroz,2021,20k-50k,1500-2000cc,Average (12-18 km/l),Automatic,Petrol,First Owner,No,No,Yes
BMW,3 Series,2022,0-20k,2000cc+,Good (18-24 km/l),Automatic,Diesel,First Owner,Yes,Yes,Yes
Maruti Suzuki,Swift,2021,20k-50k,1000-1500cc,Good (18-24 km/l),Manual,Diesel,First Owner,Yes,No,Yes
Maruti Suzuki,Dzire,2019,20k-50k,1000-1500cc,Good (18-24 km/l),Manual,Petrol,Second Owner,Yes,No,Yes
Maruti Suzuki,WagonR,2022,20k-50k,1500-2000cc,Average (12-18 km/l),Automatic,Petrol,First Owner,Yes,No,Yes
Honda,Jazz,2022,0-20k,1000-1500cc,Good (18-24 km/l),Manual,Diesel,First Owner,Yes,Yes,Yes
Maruti Suzuki,Ertiga,2015,80k-120k,1000-1500cc,Excellent (24+ km/l),Manual,CNG,Third Owner,No,No,No
Audi,A4,2017,0-20k,1500-2000cc,Good (18-24 km/l),Manual,Petrol,First Owner,Yes,No,Yes
Mahindra,Scorpio,2015,120k+,2000cc+,Good (18-24 km/l),Manual,Diesel,Second Owner,Yes,Yes,No
Mahindra,XUV300,2019,0-20k,1000-1500cc,Excellent (24+ km/l),Manual,Electric,Third Owner,Yes,No,Yes
Hyundai,Verna,2023,0-20k,<1000cc,Good (18-24 km/l),Automatic,Diesel,Fourth & Above,Yes,No,Yes
Mahindra,XUV500,2017,50k-80k,1000-1500cc,Excellent (24+ km/l),Manual,CNG,First Owner,Yes,No,Yes
Toyota,Glanza,2018,20k-50k,1500-2000cc,Excellent (24+ km/l),Manual,CNG,Second Owner,Yes,No,Yes
Volkswagen,Taigun,2023,50k-80k,1000-1500cc,Excellent (24+ km/l),Automatic,CNG,First Owner,No,No,Yes
Volkswagen,Vento,2020,50k-80k,1500-2000cc,Average (12-18 km/l),Manual,Diesel,First Owner,Yes,Yes,No
Honda,WR-V,2020,50k-80k,1000-1500cc,Good (18-24 km/l),Manual,Diesel,First Owner,Yes,No,Yes
Kia,Sonet,2023,0-20k,1000-1500cc,Good (18-24 km/l),Automatic,Petrol,First Owner,Yes,No,Yes
Renault,Duster,2019,20k-50k,<1000cc,Good (18-24 km/l),Manual,Petrol,First Owner,Yes,No,Yes
Volkswagen,Vento,2021,0-20k,1000-1500cc,Good (18-24 km/l),Manual,Petrol,First Owner,Yes,No,Yes
Maruti Suzuki,Dzire,2011,80k-120k,1000-1500cc,Good (18-24 km/l),Manual,Petrol,Fourth & Above,No,Yes,No
Maruti Suzuki,Swift,2014,80k-120k,1000-1500cc,Good (18-24 km/l),Manual,Petrol,First Owner,No,No,Yes
Hyundai,i20,2018,50k-80k,1000-1500cc,Good (18-24 km/l),Manual,Petrol,Second Owner,No,Yes,No
Toyota,Glanza,2019,0-20k,1000-1500cc,Good (18-24 km/l),Automatic,Petrol,Second Owner,Yes,No,Yes
Tata,Nexon,2023,0-20k,2000cc+,Good (18-24 km/l),Automatic,Petrol,Second Owner,Yes,No,Yes
Tata,Altroz,2023,0-20k,1500-2000cc,Good (18-24 km/l),Automatic,Petrol,First Owner,Yes,No,Yes
Kia,Carens,2023,0-20k,1000-1500cc,Good (18-24 km/l),Manual,Petrol,First Owner,Yes,No,Yes
Kia,Seltos,2017,80k-120k,1000-1500cc,Good (18-24 km/l),Automatic,Diesel,Second Owner,Yes,No,Yes
Kia,Seltos,2023,0-20k,1000-1500cc,Good (18-24 km/l),Automatic,Diesel,First Owner,Yes,No,Yes
Hyundai,Venue,2021,20k-50k,1000-1500cc,Excellent (24+ km/l),Manual,CNG,First Owner,No,No,Yes
Ford,EcoSport,2018,20k-50k,1000-1500cc,Excellent (24+ km/l),Manual,Diesel,First Owner,Yes,No,Yes
Hyundai,Verna,2021,0-20k,1000-1500cc,Good (18-24 km/l),Automatic,Petrol,First Owner,Yes,No,Yes
Hyundai,Venue,2006,120k+,1000-1500cc,Good (18-24 km/l),Manual,Diesel,Fourth & Above,No,No,No
Hyundai,Venue,2013,120k+,1000-1500cc,Good (18-24 km/l),Manual,Diesel,First Owner,Yes,No,Yes
Tata,Punch,2022,0-20k,1000-1500cc,Good (18-24 km/l),Automatic,Diesel,First Owner,Yes,No,Yes
Tata,Harrier,2021,50k-80k,2000cc+,Good (18-24 km/l),Manual,Diesel,First Owner,Yes,No,Yes
Skoda,Kushaq,2018,20k-50k,1000-1500cc,Good (18-24 km/l),Manual,Petrol,First Owner,Yes,No,Yes
Maruti Suzuki,Dzire,2019,80k-120k,1000-1500cc,Excellent (24+ km/l),Manual,Diesel,Second Owner,Yes,No,Yes
Volkswagen,Polo,2023,0-20k,1500-2000cc,Average (12-18 km/l),Manual,Petrol,First Owner,Yes,No,Yes
Honda,Jazz,2021,0-20k,1000-1500cc,Good (18-24 km/l),Manual,Diesel,First Owner,Yes,No,Yes
Hyundai,i10,2018,0-20k,<1000cc,Good (18-24 km/l),Manual,Petrol,First Owner,No,No,Yes
Mahindra,Thar,2012,120k+,1000-1500cc,Average (12-18 km/l),Manual,Petrol,First Owner,Yes,No,No
Hyundai,Venue,2016,120k+,1000-1500cc,Good (18-24 km/l),Automatic,Diesel,Third Owner,Yes,Yes,No
Honda,Jazz,2023,0-20k,1000-1500cc,Excellent (24+ km/l),Manual,Electric,First Owner,Yes,No,Yes
Mahindra,XUV300,2019,80k-120k,1000-1500cc,Good (18-24 km/l),Manual,Petrol,Second Owner,Yes,Yes,No
Maruti Suzuki,Ertiga,2019,0-20k,1000-1500cc,Good (18-24 km/l),Automatic,Diesel,Third Owner,Yes,No,Yes
Maruti Suzuki,WagonR,2019,20k-50k,1000-1500cc,Good (18-24 km/l),Automatic,Petrol,Second Owner,Yes,No,Yes
Honda,WR-V,2023,0-20k,1000-1500cc,Good (18-24 km/l),Manual,Petrol,First Owner,Yes,No,Yes
Kia,Seltos,2020,20k-50k,1000-1500cc,Good (18-24 km/l),Manual,Petrol,First Owner,Yes,No,Yes
Tata,Altroz,2021,50k-80k,1000-1500cc,Good (18-24 km/l),Manual,Diesel,First Owner,Yes,No,Yes
Volkswagen,Polo,2018,50k-80k,1000-1500cc,Good (18-24 km/l),Manual,Diesel,Second Owner,No,Yes,No
Toyota,Yaris,2007,120k+,2000cc+,Good (18-24 km/l),Manual,Diesel,Fourth & Above,No,Yes,No
BMW,X1,2023,0-20k,2000cc+,Average (12-18 km/l),Automatic,Petrol,First Owner,Yes,Yes,Yes
Renault,Duster,2023,0-20k,1000-1500cc,Good (18-24 km/l),Manual,Petrol,First Owner,No,No,Yes
Honda,Jazz,2023,0-20k,1500-2000cc,Average (12-18 km/l),Manual,Petrol,First Owner,Yes,No,Yes
Toyota,Innova,2023,20k-50k,1000-1500cc,Excellent (24+ km/l),Manual,Diesel,First Owner,Yes,Yes,Yes
Kia,Carens,2022,0-20k,1000-1500cc,Good (18-24 km/l),Automatic,Petrol,First Owner,No,No,Yes
Tata,Punch,2021,20k-50k,2000cc+,Average (12-18 km/l),Manual,Petrol,First Owner,Yes,No,Yes
Tata,Punch,2022,0-20k,2000cc+,Average (12-18 km/l),Automatic,Diesel,First Owner,Yes,No,Yes
Maruti Suzuki,Baleno,2020,20k-50k,<1000cc,Excellent (24+ km/l),Automatic,Electric,First Owner,Yes,No,Yes
Renault,Duster,2012,80k-120k,1000-1500cc,Good (18-24 km/l),Manual,Petrol,Second Owner,Yes,Yes,No
Renault,Kwid,2018,50k-80k,1500-2000cc,Average (12-18 km/l),Manual,Diesel,First Owner,No,No,Yes
Maruti Suzuki,Ertiga,2023,0-20k,1000-1500cc,Good (18-24 km/l),Manual,Petrol,First Owner,Yes,No,Yes
Honda,WR-V,2017,50k-80k,1000-1500cc,Average (12-18 km/l),Manual,Petrol,Third Owner,Yes,No,Yes
Mahindra,Thar,2023,0-20k,1500-2000cc,Good (18-24 km/l),Manual,Diesel,First Owner,Yes,No,Yes
Maruti Suzuki,Swift,2011,0-20k,<1000cc,Good (18-24 km/l),Manual,Petrol,Second Owner,No,No,Yes
Mercedes-Benz,GLA,2017,20k-50k,1500-2000cc,Good (18-24 km/l),Automatic,Petrol,First Owner,Yes,Yes,Yes
Hyundai,Venue,2017,20k-50k,1000-1500cc,Excellent (24+ km/l),Manual,CNG,Third Owner,No,No,Yes
Maruti Suzuki,WagonR,2009,120k+,1000-1500cc,Excellent (24+ km/l),Manual,Diesel,Fourth & Above,No,No,No
Honda,Amaze,2012,120k+,1000-1500cc,Excellent (24+ km/l),Manual,Diesel,Second Owner,Yes,Yes,No
Volkswagen,Vento,2014,20k-50k,1000-1500cc,Excellent (24+ km/l),Manual,Petrol,Second Owner,Yes,No,Yes
Maruti Suzuki,Swift,2022,0-20k,1000-1500cc,Good (18-24 km/l),Manual,Petrol,First Owner,Yes,No,Yes
Toyota,Yaris,2009,20k-50k,1500-2000cc,Good (18-24 km/l),Manual,Petrol,Third Owner,No,Yes,No
Honda,Jazz,2016,20k-50k,<1000cc,Average (12-18 km/l),Manual,Petrol,Second Owner,Yes,Yes,No
Maruti Suzuki,Swift,2006,120k+,1000-1500cc,Good (18-24 km/l),Manual,Petrol,Third Owner,Yes,Yes,No
Maruti Suzuki,Swift,2021,50k-80k,1000-1500cc,Good (18-24 km/l),Automatic,Diesel,First Owner,Yes,Yes,Yes
Honda,City,2021,20k-50k,1000-1500cc,Good (18-24 km/l),Manual,Petrol,Second Owner,Yes,Yes,Yes
Hyundai,i10,2021,50k-80k,1500-2000cc,Good (18-24 km/l),Manual,Petrol,Second Owner,Yes,Yes,Yes
BMW,5 Series,2018,20k-50k,1500-2000cc,Good (18-24 km/l),Automatic,Diesel,First Owner,Yes,No,Yes
Renault,Duster,2015,50k-80k,1000-1500cc,Good (18-24 km/l),Manual,Diesel,Fourth & Above,Yes,Yes,No
Mercedes-Benz,GLA,2022,0-20k,2000cc+,Average (12-18 km/l),Automatic,Diesel,First Owner,Yes,No,Yes
Hyundai,Venue,2022,20k-50k,1000-1500cc,Excellent (24+ km/l),Manual,CNG,Second Owner,Yes,No,Yes
Audi,A4,2013,50k-80k,2000cc+,Good (18-24 km/l),Automatic,Hybrid,Fourth & Above,Yes,No,No
Mahindra,Bolero,2019,50k-80k,1000-1500cc,Excellent (24+ km/l),Manual,CNG,First Owner,No,Yes,No
Tata,Nexon,2015,50k-80k,2000cc+,Average (12-18 km/l),Manual,Diesel,First Owner,Yes,No,No
Maruti Suzuki,Alto,2014,120k+,<1000cc,Excellent (24+ km/l),Manual,Diesel,First Owner,No,Yes,No
Maruti Suzuki,Baleno,2022,20k-50k,1000-1500cc,Good (18-24 km/l),Automatic,Petrol,First Owner,Yes,No,Yes
Ford,EcoSport,2020,0-20k,1000-1500cc,Excellent (24+ km/l),Manual,Diesel,First Owner,Yes,No,Yes
Mahindra,XUV300,2015,80k-120k,1000-1500cc,Good (18-24 km/l),Manual,Diesel,Second Owner,Yes,No,No
Hyundai,i20,2017,0-20k,<1000cc,Good (18-24 km/l),Manual,Petrol,First Owner,Yes,No,Yes
Toyota,Yaris,2023,0-20k,1500-2000cc,Average (12-18 km/l),Automatic,Petrol,First Owner,Yes,No,Yes
Hyundai,Verna,2023,0-20k,1000-1500cc,Excellent (24+ km/l),Manual,Diesel,First Owner,Yes,No,Yes
Honda,Jazz,2023,20k-50k,1500-2000cc,Excellent (24+ km/l),Manual,CNG,First Owner,Yes,No,Yes
Tata,Nexon,2019,20k-50k,1500-2000cc,Average (12-18 km/l),Manual,Petrol,First Owner,No,No,Yes
Renault,Duster,2021,50k-80k,1500-2000cc,Good (18-24 km/l),Manual,Petrol,Second Owner,Yes,Yes,Yes
Renault,Duster,2018,80k-120k,<1000cc,Excellent (24+ km/l),Manual,Diesel,Third Owner,Yes,Yes,No
Mahindra,XUV500,2010,50k-80k,1000-1500cc,Good (18-24 km/l),Manual,Petrol,Second Owner,No,No,No
Tata,Tiago,2018,50k-80k,1000-1500cc,Good (18-24 km/l),Manual,Diesel,Second Owner,Yes,No,Yes
Tata,Altroz,2020,0-20k,1500-2000cc,Good (18-24 km/l),Manual,Diesel,Second Owner,Yes,Yes,Yes
Renault,Duster,2016,120k+,1500-2000cc,Average (12-18 km/l),Automatic,Petrol,Second Owner,No,Yes,No
Tata,Tiago,2022,0-20k,1500-2000cc,Good (18-24 km/l),Automatic,Diesel,First Owner,Yes,No,Yes
Hyundai,i20,2013,120k+,1000-1500cc,Good (18-24 km/l),Manual,Petrol,Fourth & Above,No,Yes,No
Maruti Suzuki,Ertiga,2018,50k-80k,1500-2000cc,Good (18-24 km/l),Manual,Diesel,First Owner,Yes,Yes,Yes
Mahindra,XUV500,2012,50k-80k,1500-2000cc,Average (12-18 km/l),Manual,Petrol,First Owner,No,No,No
Mahindra,XUV300,2018,20k-50k,1500-2000cc,Good (18-24 km/l),Manual,Petrol,Second Owner,Yes,Yes,No
Skoda,Rapid,2008,120k+,1000-1500cc,Good (18-24 km/l),Manual,Petrol,Third Owner,No,No,No
Hyundai,Verna,2016,120k+,1000-1500cc,Good (18-24 km/l),Automatic,Diesel,First Owner,Yes,No,No
Tata,Altroz,2018,20k-50k,1500-2000cc,Good (18-24 km/l),Manual,Diesel,Third Owner,Yes,Yes,No
Renault,Duster,2019,80k-120k,1000-1500cc,Good (18-24 km/l),Manual,Diesel,Second Owner,Yes,Yes,Yes
Renault,Triber,2020,20k-50k,1000-1500cc,Good (18-24 km/l),Manual,Diesel,First Owner,Yes,No,Yes
Tata,Harrier,2016,20k-50k,1500-2000cc,Good (18-24 km/l),Automatic,Diesel,Third Owner,No,No,No
Mahindra,Thar,2020,0-20k,1000-1500cc,Average (12-18 km/l),Automatic,Petrol,Second Owner,Yes,No,Yes
Hyundai,i10,2019,50k-80k,1000-1500cc,Excellent (24+ km/l),Manual,Diesel,First Owner,Yes,No,Yes
BMW,X1,2017,20k-50k,1500-2000cc,Average (12-18 km/l),Manual,Petrol,First Owner,Yes,No,Yes
Maruti Suzuki,Alto,2022,20k-50k,1000-1500cc,Excellent (24+ km/l),Automatic,CNG,First Owner,Yes,No,Yes
BMW,3 Series,2020,50k-80k,2000cc+,Average (12-18 km/l),Automatic,Diesel,First Owner,No,No,No
Ford,Figo,2017,50k-80k,1500-2000cc,Excellent (24+ km/l),Manual,CNG,First Owner,No,Yes,No
Honda,Amaze,2023,0-20k,1000-1500cc,Good (18-24 km/l),Automatic,Diesel,First Owner,Yes,No,Yes
Maruti Suzuki,Swift,2022,20k-50k,1000-1500cc,Average (12-18 km/l),Manual,Petrol,Second Owner,Yes,No,Yes
Mahindra,XUV300,2023,0-20k,1000-1500cc,Excellent (24+ km/l),Manual,Petrol,First Owner,No,No,Yes
Tata,Harrier,2021,20k-50k,1000-1500cc,Good (18-24 km/l),Automatic,Diesel,First Owner,Yes,No,Yes
Maruti Suzuki,Swift,2018,20k-50k,1000-1500cc,Average (12-18 km/l),Manual,Petrol,Second Owner,Yes,No,Yes
Toyota,Innova,2016,50k-80k,2000cc+,Average (12-18 km/l),Manual,Petrol,First Owner,No,No,No
Audi,Q3,2021,0-20k,2000cc+,Average (12-18 km/l),Automatic,Petrol,First Owner,No,No,Yes
Honda,Amaze,2023,0-20k,1000-1500cc,Good (18-24 km/l),Manual,Petrol,First Owner,Yes,No,Yes
Ford,Figo,2021,20k-50k,1500-2000cc,Average (12-18 km/l),Manual,Petrol,First Owner,Yes,No,Yes
Maruti Suzuki,Alto,2023,0-20k,1000-1500cc,Good (18-24 km/l),Manual,Diesel,First Owner,Yes,No,Yes
Tata,Harrier,2017,20k-50k,2000cc+,Average (12-18 km/l),Manual,Petrol,First Owner,No,Yes,No
Maruti Suzuki,Ertiga,2018,20k-50k,1000-1500cc,Good (18-24 km/l),Manual,Petrol,Second Owner,No,No,Yes
Toyota,Innova,2023,0-20k,2000cc+,Good (18-24 km/l),Manual,Diesel,First Owner,Yes,No,Yes
BMW,3 Series,2022,0-20k,2000cc+,Average (12-18 km/l),Automatic,Petrol,First Owner,Yes,No,Yes
Toyota,Glanza,2023,0-20k,1500-2000cc,Average (12-18 km/l),Automatic,Diesel,First Owner,Yes,No,Yes
Maruti Suzuki,Dzire,2022,0-20k,1000-1500cc,Average (12-18 km/l),Automatic,Petrol,First Owner,Yes,No,Yes
Tata,Punch,2019,0-20k,1500-2000cc,Good (18-24 km/l),Manual,Petrol,First Owner,Yes,No,Yes
Honda,Amaze,2020,20k-50k,1000-1500cc,Good (18-24 km/l),Automatic,Petrol,First Owner,Yes,Yes,Yes
Tata,Harrier,2023,0-20k,1500-2000cc,Good (18-24 km/l),Manual,Diesel,First Owner,Yes,No,Yes
Skoda,Octavia,2020,20k-50k,1000-1500cc,Good (18-24 km/l),Manual,Petrol,First Owner,Yes,Yes,Yes
Renault,Kwid,2016,0-20k,1000-1500cc,Excellent (24+ km/l),Manual,Electric,Third Owner,No,Yes,No
Toyota,Glanza,2019,50k-80k,1500-2000cc,Excellent (24+ km/l),Manual,CNG,First Owner,Yes,No,Yes
Tata,Harrier,2020,0-20k,1500-2000cc,Good (18-24 km/l),Manual,Diesel,First Owner,Yes,No,Yes
Hyundai,i20,2011,80k-120k,<1000cc,Good (18-24 km/l),Manual,Petrol,Fourth & Above,No,Yes,No
Maruti Suzuki,Alto,2022,0-20k,1500-2000cc,Good (18-24 km/l),Automatic,Petrol,First Owner,Yes,No,Yes
Tata,Punch,2012,80k-120k,2000cc+,Average (12-18 km/l),Manual,Petrol,Second Owner,No,No,No
Tata,Altroz,2018,20k-50k,1000-1500cc,Good (18-24 km/l),Manual,Petrol,First Owner,Yes,Yes,Yes
Toyota,Yaris,2022,0-20k,2000cc+,Average (12-18 km/l),Automatic,Hybrid,First Owner,Yes,No,Yes
Toyota,Glanza,2019,20k-50k,2000cc+,Average (12-18 km/l),Manual,Petrol,First Owner,Yes,Yes,Yes
Maruti Suzuki,Swift,2022,50k-80k,1000-1500cc,Good (18-24 km/l),Manual,Petrol,Second Owner,Yes,No,Yes
Tata,Harrier,2017,20k-50k,1500-2000cc,Good (18-24 km/l),Manual,CNG,First Owner,No,No,Yes
Hyundai,Creta,2023,20k-50k,1000-1500cc,Good (18-24 km/l),Manual,Petrol,First Owner,Yes,No,Yes
Maruti Suzuki,Alto,2015,80k-120k,1000-1500cc,Good (18-24 km/l),Manual,Petrol,Fourth & Above,No,No,No
Renault,Duster,2008,20k-50k,1000-1500cc,Good (18-24 km/l),Manual,Hybrid,Second Owner,No,Yes,No
Maruti Suzuki,WagonR,2023,0-20k,1500-2000cc,Good (18-24 km/l),Manual,Petrol,First Owner,No,No,Yes
Tata,Altroz,2022,0-20k,2000cc+,Good (18-24 km/l),Manual,Diesel,First Owner,Yes,No,Yes
Maruti Suzuki,Ertiga,2015,80k-120k,1000-1500cc,Good (18-24 km/l),Manual,Petrol,Third Owner,Yes,No,No
Kia,Carens,2023,0-20k,1500-2000cc,Good (18-24 km/l),Automatic,Diesel,First Owner,Yes,Yes,Yes
Honda,WR-V,2019,50k-80k,<1000cc,Good (18-24 km/l),Manual,Petrol,Second Owner,Yes,Yes,Yes
Hyundai,Verna,2023,0-20k,1000-1500cc,Good (18-24 km/l),Manual,Diesel,First Owner,Yes,No,Yes
Mahindra,Bolero,2019,0-20k,1500-2000cc,Good (18-24 km/l),Manual,Petrol,First Owner,Yes,Yes,Yes
Volkswagen,Polo,2019,50k-80k,1000-1500cc,Good (18-24 km/l),Manual,Petrol,Third Owner,Yes,No,No
Audi,Q3,2019,0-20k,2000cc+,Average (12-18 km/l),Manual,Diesel,Second Owner,Yes,No,Yes
Hyundai,i10,2017,80k-120k,1000-1500cc,Good (18-24 km/l),Manual,Petrol,First Owner,No,Yes,No
Kia,Sonet,2020,120k+,1000-1500cc,Excellent (24+ km/l),Manual,Diesel,First Owner,Yes,No,Yes
BMW,3 Series,2019,0-20k,2000cc+,Average (12-18 km/l),Automatic,Diesel,Third Owner,Yes,No,Yes
BMW,X1,2008,50k-80k,2000cc+,Good (18-24 km/l),Manual,Diesel,First Owner,No,Yes,No
Toyota,Innova,2016,120k+,2000cc+,Average (12-18 km/l),Manual,Petrol,First Owner,Yes,Yes,No
Toyota,Innova,2015,80k-120k,1500-2000cc,Good (18-24 km/l),Manual,CNG,Third Owner,No,Yes,No
Tata,Punch,2023,0-20k,2000cc+,Average (12-18 km/l),Automatic,Diesel,First Owner,Yes,No,Yes
Volkswagen,Polo,2020,0-20k,1000-1500cc,Excellent (24+ km/l),Manual,Petrol,First Owner,Yes,No,Yes
Honda,Jazz,2022,20k-50k,1000-1500cc,Good (18-24 km/l),Manual,Diesel,First Owner,Yes,No,Yes
Toyota,Innova,2023,0-20k,2000cc+,Average (12-18 km/l),Automatic,Diesel,First Owner,No,No,Yes
Tata,Punch,2021,0-20k,1500-2000cc,Good (18-24 km/l),Manual,Petrol,First Owner,Yes,No,Yes
Volkswagen,Taigun,2023,0-20k,1000-1500cc,Average (12-18 km/l),Manual,Petrol,First Owner,Yes,Yes,Yes
Renault,Duster,2017,50k-80k,1000-1500cc,Excellent (24+ km/l),Automatic,CNG,Second Owner,No,No,Yes
Maruti Suzuki,Swift,2014,20k-50k,1000-1500cc,Excellent (24+ km/l),Manual,Petrol,Second Owner,No,Yes,No
Skoda,Rapid,2018,20k-50k,1000-1500cc,Good (18-24 km/l),Manual,Diesel,First Owner,Yes,No,Yes
Honda,WR-V,2019,50k-80k,1000-1500cc,Average (12-18 km/l),Automatic,Petrol,First Owner,Yes,No,Yes
Skoda,Octavia,2023,0-20k,1000-1500cc,Good (18-24 km/l),Manual,Diesel,First Owner,No,No,Yes
Mahindra,Scorpio,2020,50k-80k,1000-1500cc,Good (18-24 km/l),Manual,Petrol,First Owner,Yes,No,Yes
Tata,Tiago,2016,20k-50k,1500-2000cc,Good (18-24 km/l),Manual,Petrol,Third Owner,Yes,No,Yes
BMW,X1,2022,0-20k,2000cc+,Good (18-24 km/l),Manual,Diesel,First Owner,Yes,No,Yes
Hyundai,Verna,2019,0-20k,1500-2000cc,Excellent (24+ km/l),Manual,Diesel,First Owner,Yes,No,Yes
Skoda,Rapid,2013,20k-50k,1000-1500cc,Good (18-24 km/l),Automatic,Diesel,First Owner,Yes,No,No
Mahindra,Scorpio,2020,50k-80k,2000cc+,Average (12-18 km/l),Manual,Petrol,Second Owner,Yes,No,Yes
Mahindra,XUV300,2023,0-20k,1000-1500cc,Good (18-24 km/l),Automatic,Petrol,Second Owner,Yes,No,Yes
Hyundai,Venue,2022,20k-50k,1000-1500cc,Good (18-24 km/l),Manual,Petrol,First Owner,Yes,No,Yes
Honda,WR-V,2020,0-20k,1000-1500cc,Good (18-24 km/l),Manual,Diesel,Second Owner,Yes,No,Yes
Tata,Harrier,2018,0-20k,2000cc+,Average (12-18 km/l),Automatic,Diesel,Second Owner,No,No,Yes
Maruti Suzuki,Ertiga,2011,120k+,1000-1500cc,Good (18-24 km/l),Manual,Diesel,Third Owner,No,Yes,No
Hyundai,i20,2019,20k-50k,1500-2000cc,Good (18-24 km/l),Manual,Diesel,Second Owner,Yes,Yes,No
Maruti Suzuki,Alto,2022,0-20k,1000-1500cc,Good (18-24 km/l),Manual,Petrol,First Owner,Yes,No,Yes
Mercedes-Benz,GLA,2018,0-20k,2000cc+,Average (12-18 km/l),Manual,Diesel,First Owner,Yes,No,Yes
Audi,Q3,2015,20k-50k,1500-2000cc,Good (18-24 km/l),Automatic,Petrol,Third Owner,No,No,No
Tata,Altroz,2023,0-20k,1500-2000cc,Average (12-18 km/l),Automatic,Petrol,First Owner,Yes,No,Yes
Ford,Figo,2022,0-20k,1000-1500cc,Good (18-24 km/l),Manual,Petrol,First Owner,No,No,Yes
Tata,Altroz,2021,20k-50k,2000cc+,Average (12-18 km/l),Manual,Diesel,First Owner,Yes,No,Yes
Toyota,Fortuner,2013,120k+,1000-1500cc,Good (18-24 km/l),Manual,Petrol,Second Owner,No,Yes,No
Renault,Triber,2013,80k-120k,1000-1500cc,Average (12-18 km/l),Manual,Petrol,Second Owner,Yes,No,Yes
Audi,Q3,2011,50k-80k,1500-2000cc,Good (18-24 km/l),Automatic,Petrol,Third Owner,Yes,No,No
Tata,Tiago,2021,0-20k,2000cc+,Good (18-24 km/l),Manual,Petrol,Second Owner,Yes,No,Yes
Renault,Triber,2012,0-20k,1000-1500cc,Excellent (24+ km/l),Manual,Diesel,Third Owner,Yes,No,Yes
Hyundai,i10,2022,0-20k,1000-1500cc,Good (18-24 km/l),Manual,Diesel,First Owner,Yes,No,Yes
Mercedes-Benz,GLA,2023,0-20k,2000cc+,Average (12-18 km/l),Automatic,Diesel,First Owner,Yes,No,Yes
Maruti Suzuki,Ertiga,2018,20k-50k,1000-1500cc,Good (18-24 km/l),Manual,Diesel,Second Owner,Yes,No,Yes
Honda,WR-V,2019,80k-120k,<1000cc,Good (18-24 km/l),Automatic,Petrol,Second Owner,Yes,Yes,Yes
Toyota,Innova,2021,20k-50k,1000-1500cc,Excellent (24+ km/l),Automatic,Diesel,First Owner,Yes,No,Yes
Ford,EcoSport,2023,0-20k,1000-1500cc,Excellent (24+ km/l),Manual,CNG,First Owner,Yes,No,Yes
Maruti Suzuki,Baleno,2023,0-20k,1000-1500cc,Good (18-24 km/l),Automatic,Petrol,First Owner,No,No,Yes
BMW,3 Series,2009,50k-80k,2000cc+,Good (18-24 km/l),Manual,Petrol,Second Owner,No,No,No
Hyundai,Verna,2014,20k-50k,1000-1500cc,Good (18-24 km/l),Manual,Petrol,Second Owner,No,No,No
Toyota,Yaris,2022,20k-50k,1000-1500cc,Good (18-24 km/l),Automatic,Diesel,First Owner,Yes,No,Yes
Hyundai,Creta,2021,20k-50k,1000-1500cc,Good (18-24 km/l),Automatic,Diesel,First Owner,No,No,Yes
Hyundai,i10,2012,0-20k,1000-1500cc,Good (18-24 km/l),Manual,Hybrid,Third Owner,No,Yes,No
Honda,Jazz,2019,50k-80k,1000-1500cc,Excellent (24+ km/l),Manual,Diesel,Second Owner,Yes,No,Yes
Tata,Altroz,2022,0-20k,1500-2000cc,Average (12-18 km/l),Automatic,Petrol,Second Owner,Yes,No,Yes
Maruti Suzuki,Swift,2015,80k-120k,1000-1500cc,Good (18-24 km/l),Manual,Diesel,Fourth & Above,No,No,No
Maruti Suzuki,WagonR,2023,0-20k,<1000cc,Good (18-24 km/l),Manual,Hybrid,First Owner,Yes,No,Yes
Tata,Punch,2009,50k-80k,1000-1500cc,Good (18-24 km/l),Manual,Diesel,Second Owner,Yes,Yes,No
Volkswagen,Polo,2022,0-20k,<1000cc,Good (18-24 km/l),Automatic,Petrol,First Owner,Yes,No,Yes
Kia,Sonet,2021,20k-50k,1000-1500cc,Good (18-24 km/l),Manual,Petrol,First Owner,Yes,No,Yes
Maruti Suzuki,Ertiga,2017,20k-50k,1500-2000cc,Good (18-24 km/l),Manual,Petrol,First Owner,No,No,Yes
Tata,Punch,2022,0-20k,2000cc+,Good (18-24 km/l),Automatic,CNG,Second Owner,Yes,No,Yes
Maruti Suzuki,WagonR,2022,0-20k,<1000cc,Excellent (24+ km/l),Manual,Diesel,First Owner,Yes,No,Yes
Maruti Suzuki,Ertiga,2023,0-20k,1000-1500cc,Good (18-24 km/l),Manual,Diesel,First Owner,Yes,No,Yes
Toyota,Glanza,2018,50k-80k,2000cc+,Good (18-24 km/l),Manual,Petrol,Fourth & Above,No,Yes,No
Honda,Amaze,2021,20k-50k,1500-2000cc,Good (18-24 km/l),Automatic,CNG,Second Owner,Yes,No,Yes
Maruti Suzuki,WagonR,2020,0-20k,1000-1500cc,Average (12-18 km/l),Manual,Petrol,First Owner,No,No,Yes
Hyundai,Venue,2020,20k-50k,1000-1500cc,Excellent (24+ km/l),Manual,Petrol,First Owner,Yes,Yes,Yes
Maruti Suzuki,WagonR,2023,0-20k,1000-1500cc,Good (18-24 km/l),Manual,Petrol,First Owner,Yes,No,Yes
Skoda,Octavia,2005,120k+,1000-1500cc,Good (18-24 km/l),Automatic,Petrol,Third Owner,No,No,No
Audi,Q3,2016,0-20k,2000cc+,Excellent (24+ km/l),Automatic,Electric,Third Owner,Yes,No,Yes
Maruti Suzuki,Ertiga,2020,20k-50k,1000-1500cc,Good (18-24 km/l),Automatic,Petrol,First Owner,Yes,No,Yes
Hyundai,Creta,2014,0-20k,<1000cc,Good (18-24 km/l),Manual,Petrol,First Owner,Yes,No,Yes
Skoda,Kushaq,2023,0-20k,1000-1500cc,Excellent (24+ km/l),Manual,CNG,First Owner,No,No,Yes
BMW,X1,2021,20k-50k,1500-2000cc,Excellent (24+ km/l),Automatic,Diesel,First Owner,Yes,No,Yes
Tata,Harrier,2019,50k-80k,1000-1500cc,Average (12-18 km/l),Automatic,Petrol,First Owner,Yes,Yes,No
Maruti Suzuki,Baleno,2022,0-20k,<1000cc,Good (18-24 km/l),Manual,Petrol,First Owner,Yes,No,Yes
Maruti Suzuki,Ertiga,2019,20k-50k,1500-2000cc,Good (18-24 km/l),Automatic,Diesel,First Owner,Yes,No,Yes
Honda,City,2020,20k-50k,1500-2000cc,Average (12-18 km/l),Automatic,Petrol,Second Owner,Yes,No,Yes
Tata,Altroz,2005,120k+,1500-2000cc,Average (12-18 km/l),Automatic,Petrol,Fourth & Above,No,No,No
Maruti Suzuki,WagonR,2018,50k-80k,<1000cc,Good (18-24 km/l),Manual,Petrol,First Owner,Yes,No,Yes
Honda,City,2013,20k-50k,<1000cc,Average (12-18 km/l),Manual,Petrol,Second Owner,No,Yes,No
Maruti Suzuki,Swift,2021,0-20k,1500-2000cc,Excellent (24+ km/l),Manual,Diesel,First Owner,Yes,No,Yes
Renault,Triber,2019,20k-50k,1000-1500cc,Good (18-24 km/l),Automatic,Diesel,First Owner,Yes,No,Yes
Hyundai,Creta,2017,120k+,1000-1500cc,Good (18-24 km/l),Manual,Diesel,First Owner,Yes,No,Yes
Maruti Suzuki,Alto,2019,80k-120k,1000-1500cc,Good (18-24 km/l),Manual,Diesel,First Owner,No,Yes,No
Honda,City,2015,20k-50k,1500-2000cc,Good (18-24 km/l),Manual,Diesel,Second Owner,Yes,No,Yes
Tata,Harrier,2023,0-20k,2000cc+,Good (18-24 km/l),Manual,Diesel,First Owner,Yes,Yes,Yes
Audi,A4,2009,120k+,2000cc+,Average (12-18 km/l),Manual,Diesel,Fourth & Above,No,Yes,No
Honda,City,2023,0-20k,1000-1500cc,Excellent (24+ km/l),Manual,CNG,First Owner,Yes,No,Yes
Hyundai,i10,2020,20k-50k,1000-1500cc,Good (18-24 km/l),Manual,Diesel,First Owner,Yes,Yes,Yes
Ford,EcoSport,2021,0-20k,1000-1500cc,Good (18-24 km/l),Manual,Diesel,First Owner,Yes,No,Yes
Hyundai,i20,2017,80k-120k,1000-1500cc,Good (18-24 km/l),Manual,Diesel,First Owner,No,No,Yes
Kia,Carens,2023,0-20k,1000-1500cc,Good (18-24 km/l),Manual,Petrol,First Owner,Yes,No,Yes
Tata,Altroz,2016,20k-50k,2000cc+,Excellent (24+ km/l),Manual,Diesel,Second Owner,Yes,No,Yes
Honda,City,2020,0-20k,1500-2000cc,Excellent (24+ km/l),Manual,CNG,Third Owner,Yes,No,Yes
Maruti Suzuki,WagonR,2023,0-20k,1000-1500cc,Good (18-24 km/l),Automatic,Petrol,First Owner,Yes,Yes,Yes
Tata,Punch,2023,0-20k,1500-2000cc,Good (18-24 km/l),Manual,Diesel,First Owner,Yes,No,Yes
Skoda,Octavia,2020,50k-80k,1000-1500cc,Good (18-24 km/l),Automatic,Petrol,Second Owner,Yes,No,Yes
Renault,Kwid,2023,0-20k,1000-1500cc,Good (18-24 km/l),Automatic,Diesel,First Owner,Yes,Yes,Yes
Hyundai,i10,2021,20k-50k,1000-1500cc,Excellent (24+ km/l),Manual,Diesel,First Owner,Yes,Yes,No
Hyundai,Creta,2015,20k-50k,1500-2000cc,Good (18-24 km/l),Manual,Diesel,Fourth & Above,Yes,Yes,No
Renault,Duster,2018,0-20k,1000-1500cc,Good (18-24 km/l),Manual,Petrol,First Owner,Yes,No,Yes
BMW,X1,2017,50k-80k,2000cc+,Good (18-24 km/l),Manual,Diesel,Second Owner,No,No,No
Maruti Suzuki,WagonR,2017,20k-50k,1000-1500cc,Good (18-24 km/l),Manual,Petrol,Second Owner,No,No,Yes
Mahindra,Scorpio,2022,0-20k,1500-2000cc,Excellent (24+ km/l),Manual,Diesel,First Owner,Yes,No,Yes
Tata,Nexon,2020,20k-50k,1500-2000cc,Good (18-24 km/l),Manual,Diesel,First Owner,Yes,No,Yes
Kia,Carens,2008,120k+,1500-2000cc,Excellent (24+ km/l),Manual,Diesel,Second Owner,No,No,No
Maruti Suzuki,Baleno,2023,20k-50k,1000-1500cc,Good (18-24 km/l),Manual,Petrol,First Owner,Yes,Yes,Yes
Hyundai,i10,2016,0-20k,1500-2000cc,Good (18-24 km/l),Automatic,Diesel,Fourth & Above,No,No,No
Volkswagen,Taigun,2023,0-20k,<1000cc,Excellent (24+ km/l),Manual,Diesel,First Owner,Yes,No,Yes
Maruti Suzuki,Baleno,2023,0-20k,1000-1500cc,Average (12-18 km/l),Automatic,Petrol,First Owner,No,No,Yes
Mahindra,XUV300,2023,0-20k,1500-2000cc,Good (18-24 km/l),Manual,Petrol,First Owner,Yes,No,Yes
Mahindra,Bolero,2022,20k-50k,2000cc+,Average (12-18 km/l),Manual,Petrol,First Owner,Yes,No,Yes
Tata,Harrier,2015,80k-120k,1000-1500cc,Excellent (24+ km/l),Manual,CNG,Second Owner,No,No,No
Tata,Altroz,2020,20k-50k,1000-1500cc,Good (18-24 km/l),Automatic,Diesel,Third Owner,Yes,No,Yes
Mahindra,Bolero,2015,0-20k,2000cc+,Good (18-24 km/l),Manual,Diesel,Second Owner,Yes,No,Yes
Maruti Suzuki,Ertiga,2016,120k+,1000-1500cc,Excellent (24+ km/l),Manual,CNG,Third Owner,Yes,Yes,No
Honda,Amaze,2021,0-20k,1000-1500cc,Good (18-24 km/l),Automatic,Petrol,First Owner,Yes,No,Yes
Renault,Kwid,2008,120k+,1500-2000cc,Good (18-24 km/l),Manual,Diesel,Third Owner,No,Yes,No
Volkswagen,Polo,2023,0-20k,1500-2000cc,Good (18-24 km/l),Manual,Diesel,First Owner,Yes,No,Yes
Maruti Suzuki,Baleno,2023,0-20k,1000-1500cc,Average (12-18 km/l),Automatic,Hybrid,First Owner,Yes,No,Yes
Maruti Suzuki,Swift,2018,50k-80k,1000-1500cc,Good (18-24 km/l),Manual,Petrol,Second Owner,Yes,No,Yes
Hyundai,i20,2020,20k-50k,1000-1500cc,Good (18-24 km/l),Automatic,Petrol,First Owner,Yes,No,Yes
Tata,Punch,2019,0-20k,1500-2000cc,Good (18-24 km/l),Manual,Petrol,First Owner,No,No,Yes
Tata,Tiago,2023,0-20k,2000cc+,Average (12-18 km/l),Automatic,Petrol,First Owner,Yes,No,Yes
Toyota,Innova,2021,50k-80k,2000cc+,Average (12-18 km/l),Automatic,Petrol,First Owner,Yes,No,Yes
Maruti Suzuki,Swift,2016,50k-80k,<1000cc,Good (18-24 km/l),Manual,Petrol,Second Owner,Yes,No,Yes
Maruti Suzuki,Swift,2019,0-20k,1000-1500cc,Average (12-18 km/l),Manual,Petrol,First Owner,Yes,No,Yes
Tata,Tiago,2018,0-20k,1000-1500cc,Excellent (24+ km/l),Manual,Electric,Second Owner,Yes,Yes,Yes
Ford,Endeavour,2023,0-20k,1000-1500cc,Excellent (24+ km/l),Automatic,Electric,First Owner,Yes,Yes,Yes
Hyundai,Verna,2014,20k-50k,1000-1500cc,Good (18-24 km/l),Automatic,Petrol,Third Owner,Yes,No,No
Toyota,Innova,2011,120k+,1000-1500cc,Good (18-24 km/l),Manual,Diesel,Third Owner,No,Yes,No
Hyundai,i10,2023,0-20k,<1000cc,Excellent (24+ km/l),Manual,CNG,Second Owner,No,No,Yes
Kia,Seltos,2023,0-20k,1000-1500cc,Good (18-24 km/l),Manual,Petrol,First Owner,Yes,No,Yes
Kia,Seltos,2023,0-20k,1000-1500cc,Average (12-18 km/l),Automatic,Petrol,First Owner,Yes,No,Yes
Hyundai,i10,2019,20k-50k,1500-2000cc,Good (18-24 km/l),Manual,Petrol,First Owner,Yes,No,Yes
Hyundai,Creta,2021,0-20k,1500-2000cc,Good (18-24 km/l),Manual,Petrol,First Owner,Yes,No,Yes
Tata,Harrier,2020,80k-120k,1000-1500cc,Excellent (24+ km/l),Manual,Diesel,Second Owner,Yes,Yes,No
Hyundai,Creta,2010,0-20k,1500-2000cc,Good (18-24 km/l),Manual,Petrol,Fourth & Above,No,No,No
Toyota,Yaris,2020,0-20k,1500-2000cc,Good (18-24 km/l),Manual,Diesel,Second Owner,Yes,No,Yes
Renault,Kwid,2006,80k-120k,1000-1500cc,Good (18-24 km/l),Manual,Diesel,First Owner,No,Yes,No
Toyota,Innova,2017,50k-80k,1500-2000cc,Good (18-24 km/l),Manual,Petrol,First Owner,Yes,No,Yes
Renault,Triber,2023,0-20k,1000-1500cc,Good (18-24 km/l),Automatic,Petrol,First Owner,Yes,No,Yes
Tata,Harrier,2017,80k-120k,1500-2000cc,Good (18-24 km/l),Manual,Petrol,Second Owner,Yes,No,Yes
Maruti Suzuki,Dzire,2023,20k-50k,1000-1500cc,Good (18-24 km/l),Manual,Diesel,First Owner,Yes,No,Yes
Volkswagen,Polo,2016,50k-80k,1000-1500cc,Good (18-24 km/l),Manual,Diesel,First Owner,Yes,No,Yes
Tata,Harrier,2017,50k-80k,1500-2000cc,Good (18-24 km/l),Manual,Petrol,Second Owner,No,No,Yes
Toyota,Yaris,2021,0-20k,2000cc+,Average (12-18 km/l),Automatic,Petrol,Second Owner,No,Yes,Yes
Hyundai,i10,2022,20k-50k,1000-1500cc,Good (18-24 km/l),Manual,Diesel,First Owner,No,No,Yes
Maruti Suzuki,Alto,2019,20k-50k,1500-2000cc,Average (12-18 km/l),Automatic,Petrol,First Owner,Yes,No,Yes
Mercedes-Benz,GLA,2023,0-20k,2000cc+,Average (12-18 km/l),Automatic,Diesel,First Owner,Yes,No,Yes
Maruti Suzuki,WagonR,2008,50k-80k,1000-1500cc,Good (18-24 km/l),Manual,Diesel,Fourth & Above,No,Yes,No
Mercedes-Benz,GLA,2023,0-20k,1500-2000cc,Average (12-18 km/l),Automatic,Diesel,First Owner,Yes,No,Yes
Mercedes-Benz,GLA,2014,120k+,2000cc+,Average (12-18 km/l),Automatic,Petrol,First Owner,No,Yes,No
Renault,Kwid,2023,0-20k,1000-1500cc,Excellent (24+ km/l),Automatic,CNG,First Owner,Yes,No,Yes
Toyota,Glanza,2018,20k-50k,1500-2000cc,Average (12-18 km/l),Manual,Petrol,Second Owner,No,No,Yes
Honda,City,2022,0-20k,1000-1500cc,Good (18-24 km/l),Manual,Petrol,First Owner,Yes,No,Yes
Skoda,Kushaq,2021,0-20k,1000-1500cc,Good (18-24 km/l),Manual,Petrol,First Owner,Yes,No,Yes
Hyundai,Creta,2014,50k-80k,1500-2000cc,Good (18-24 km/l),Manual,Hybrid,Fourth & Above,Yes,No,Yes
Mahindra,Bolero,2023,0-20k,2000cc+,Average (12-18 km/l),Manual,Petrol,Third Owner,Yes,No,Yes
Toyota,Glanza,2015,20k-50k,1000-1500cc,Excellent (24+ km/l),Manual,CNG,Third Owner,No,No,Yes
Tata,Nexon,2015,80k-120k,1000-1500cc,Good (18-24 km/l),Automatic,Petrol,First Owner,Yes,No,Yes
Tata,Altroz,2022,0-20k,1500-2000cc,Average (12-18 km/l),Automatic,Petrol,First Owner,Yes,No,Yes
Tata,Altroz,2011,0-20k,2000cc+,Good (18-24 km/l),Manual,Diesel,Second Owner,No,Yes,No
Honda,City,2015,80k-120k,<1000cc,Good (18-24 km/l),Manual,Diesel,First Owner,Yes,No,No
Skoda,Octavia,2019,50k-80k,1000-1500cc,Good (18-24 km/l),Automatic,Diesel,First Owner,No,No,Yes
Hyundai,Venue,2022,0-20k,1500-2000cc,Good (18-24 km/l),Manual,Petrol,First Owner,No,No,Yes
BMW,3 Series,2013,50k-80k,2000cc+,Average (12-18 km/l),Manual,Petrol,Third Owner,No,Yes,No
Ford,Figo,2020,50k-80k,1500-2000cc,Good (18-24 km/l),Automatic,Petrol,Second Owner,No,No,Yes
Renault,Duster,2021,0-20k,<1000cc,Good (18-24 km/l),Automatic,Petrol,First Owner,Yes,No,Yes
Honda,Amaze,2023,0-20k,1000-1500cc,Good (18-24 km/l),Automatic,Petrol,First Owner,Yes,Yes,Yes
Volkswagen,Vento,2023,0-20k,1000-1500cc,Good (18-24 km/l),Manual,Petrol,First Owner,Yes,No,Yes
Maruti Suzuki,Dzire,2022,50k-80k,<1000cc,Excellent (24+ km/l),Manual,Diesel,First Owner,Yes,No,Yes
Renault,Duster,2021,20k-50k,1000-1500cc,Good (18-24 km/l),Automatic,Diesel,First Owner,Yes,Yes,Yes
Maruti Suzuki,Dzire,2019,20k-50k,1000-1500cc,Good (18-24 km/l),Automatic,Hybrid,First Owner,No,No,Yes
Kia,Sonet,2012,120k+,1000-1500cc,Good (18-24 km/l),Manual,Diesel,Second Owner,No,Yes,No
Mercedes-Benz,GLA,2021,0-20k,2000cc+,Average (12-18 km/l),Automatic,Petrol,First Owner,Yes,No,Yes
Hyundai,Verna,2023,20k-50k,1000-1500cc,Good (18-24 km/l),Automatic,Diesel,First Owner,Yes,No,Yes
Hyundai,i10,2022,20k-50k,<1000cc,Good (18-24 km/l),Manual,Petrol,First Owner,Yes,No,Yes
Volkswagen,Taigun,2006,80k-120k,1000-1500cc,Good (18-24 km/l),Automatic,Diesel,Third Owner,No,Yes,No
Hyundai,i10,2019,80k-120k,1500-2000cc,Good (18-24 km/l),Manual,Petrol,First Owner,Yes,No,Yes
Skoda,Rapid,2021,0-20k,1000-1500cc,Good (18-24 km/l),Automatic,Petrol,First Owner,Yes,No,Yes
Maruti Suzuki,Dzire,2021,20k-50k,1000-1500cc,Good (18-24 km/l),Automatic,Diesel,First Owner,No,No,Yes
Maruti Suzuki,Swift,2022,0-20k,1000-1500cc,Good (18-24 km/l),Automatic,Diesel,First Owner,Yes,No,Yes
Mercedes-Benz,C-Class,2020,20k-50k,2000cc+,Average (12-18 km/l),Automatic,Petrol,First Owner,Yes,No,Yes
Toyota,Innova,2015,50k-80k,1000-1500cc,Good (18-24 km/l),Automatic,Diesel,First Owner,No,No,No
Skoda,Kushaq,2023,0-20k,1000-1500cc,Excellent (24+ km/l),Manual,CNG,First Owner,Yes,No,Yes
Tata,Altroz,2021,20k-50k,2000cc+,Average (12-18 km/l),Manual,Petrol,First Owner,Yes,No,Yes
Toyota,Glanza,2015,120k+,2000cc+,Good (18-24 km/l),Manual,Diesel,Second Owner,Yes,No,No
Honda,Amaze,2017,50k-80k,1000-1500cc,Good (18-24 km/l),Manual,Petrol,First Owner,Yes,No,Yes
Honda,WR-V,2023,0-20k,<1000cc,Good (18-24 km/l),Automatic,Diesel,First Owner,No,No,Yes
Ford,Figo,2023,0-20k,1000-1500cc,Good (18-24 km/l),Manual,Diesel,First Owner,No,No,Yes
Honda,Amaze,2018,50k-80k,1000-1500cc,Average (12-18 km/l),Manual,Petrol,First Owner,Yes,No,Yes
Tata,Harrier,2008,120k+,1000-1500cc,Average (12-18 km/l),Manual,Petrol,Second Owner,Yes,Yes,No
Hyundai,i20,2009,120k+,1000-1500cc,Good (18-24 km/l),Manual,Diesel,Fourth & Above,Yes,Yes,No
Volkswagen,Vento,2016,50k-80k,1000-1500cc,Good (18-24 km/l),Automatic,Diesel,Third Owner,No,No,No
Hyundai,Verna,2021,0-20k,1000-1500cc,Good (18-24 km/l),Automatic,Petrol,First Owner,Yes,No,Yes
Ford,Figo,2020,20k-50k,<1000cc,Good (18-24 km/l),Manual,Petrol,Second Owner,Yes,No,Yes
Hyundai,Verna,2021,20k-50k,1000-1500cc,Excellent (24+ km/l),Manual,Diesel,Second Owner,Yes,No,Yes
Toyota,Glanza,2021,20k-50k,1500-2000cc,Good (18-24 km/l),Automatic,Petrol,First Owner,Yes,No,Yes
Volkswagen,Polo,2006,0-20k,<1000cc,Good (18-24 km/l),Manual,Petrol,Third Owner,No,Yes,No
Hyundai,Verna,2011,120k+,<1000cc,Good (18-24 km/l),Manual,Petrol,First Owner,No,No,No
Maruti Suzuki,WagonR,2017,80k-120k,1000-1500cc,Excellent (24+ km/l),Manual,Petrol,First Owner,Yes,No,Yes
Maruti Suzuki,Ertiga,2013,80k-120k,1000-1500cc,Good (18-24 km/l),Manual,Diesel,Second Owner,No,Yes,No
Honda,City,2010,120k+,1500-2000cc,Good (18-24 km/l),Automatic,Diesel,Third Owner,No,No,No
Skoda,Rapid,2021,0-20k,1000-1500cc,Average (12-18 km/l),Automatic,Petrol,First Owner,Yes,No,Yes
Maruti Suzuki,WagonR,2022,20k-50k,1000-1500cc,Good (18-24 km/l),Automatic,Petrol,First Owner,Yes,No,Yes
Volkswagen,Taigun,2022,0-20k,1000-1500cc,Good (18-24 km/l),Automatic,Petrol,First Owner,No,No,Yes
Tata,Tiago,2022,0-20k,1500-2000cc,Good (18-24 km/l),Automatic,Diesel,First Owner,Yes,No,Yes
Mahindra,Bolero,2021,20k-50k,2000cc+,Excellent (24+ km/l),Automatic,CNG,First Owner,No,No,Yes
BMW,5 Series,2022,50k-80k,2000cc+,Excellent (24+ km/l),Automatic,Diesel,First Owner,Yes,No,Yes
Tata,Nexon,2016,120k+,2000cc+,Average (12-18 km/l),Manual,Petrol,Second Owner,Yes,Yes,No
Mahindra,XUV500,2023,0-20k,1000-1500cc,Good (18-24 km/l),Manual,Petrol,First Owner,Yes,No,Yes
Maruti Suzuki,Swift,2014,0-20k,1000-1500cc,Good (18-24 km/l),Manual,Petrol,First Owner,Yes,No,Yes
Maruti Suzuki,Dzire,2015,20k-50k,1000-1500cc,Good (18-24 km/l),Automatic,CNG,Second Owner,No,No,Yes
Hyundai,Verna,2016,20k-50k,1000-1500cc,Good (18-24 km/l),Manual,Petrol,Second Owner,No,No,Yes
Maruti Suzuki,Baleno,2023,0-20k,1500-2000cc,Excellent (24+ km/l),Manual,CNG,First Owner,Yes,Yes,Yes
Toyota,Yaris,2023,0-20k,2000cc+,Good (18-24 km/l),Manual,Petrol,First Owner,Yes,No,Yes
Tata,Altroz,2022,20k-50k,1500-2000cc,Good (18-24 km/l),Manual,Petrol,First Owner,Yes,No,Yes
Honda,WR-V,2021,50k-80k,1000-1500cc,Excellent (24+ km/l),Manual,CNG,First Owner,Yes,No,Yes
Maruti Suzuki,Dzire,2020,50k-80k,<1000cc,Good (18-24 km/l),Manual,Petrol,First Owner,Yes,Yes,Yes
Hyundai,Venue,2023,0-20k,1000-1500cc,Excellent (24+ km/l),Manual,Petrol,First Owner,Yes,No,Yes
Toyota,Fortuner,2021,20k-50k,2000cc+,Good (18-24 km/l),Manual,Petrol,First Owner,Yes,No,Yes
Audi,A4,2023,0-20k,2000cc+,Average (12-18 km/l),Automatic,Petrol,First Owner,Yes,No,Yes
Maruti Suzuki,Ertiga,2017,0-20k,1000-1500cc,Good (18-24 km/l),Manual,Diesel,First Owner,Yes,No,Yes
Kia,Seltos,2017,50k-80k,1000-1500cc,Excellent (24+ km/l),Automatic,Electric,Fourth & Above,No,Yes,No
Honda,WR-V,2023,0-20k,1000-1500cc,Good (18-24 km/l),Automatic,Diesel,First Owner,Yes,No,Yes
Honda,City,2013,20k-50k,1000-1500cc,Good (18-24 km/l),Manual,Petrol,Fourth & Above,Yes,No,Yes
Mahindra,Scorpio,2023,0-20k,1000-1500cc,Good (18-24 km/l),Manual,Diesel,First Owner,Yes,No,Yes
Maruti Suzuki,Alto,2019,20k-50k,1500-2000cc,Good (18-24 km/l),Automatic,Petrol,Second Owner,Yes,No,Yes
Maruti Suzuki,Swift,2023,0-20k,1000-1500cc,Good (18-24 km/l),Automatic,Diesel,Second Owner,Yes,No,Yes
Honda,City,2017,80k-120k,1000-1500cc,Good (18-24 km/l),Automatic,Petrol,First Owner,Yes,No,Yes
Tata,Harrier,2021,0-20k,2000cc+,Average (12-18 km/l),Automatic,Petrol,Second Owner,No,No,Yes
BMW,X1,2019,20k-50k,2000cc+,Average (12-18 km/l),Automatic,Diesel,First Owner,Yes,No,Yes
Tata,Tiago,2021,20k-50k,1500-2000cc,Good (18-24 km/l),Manual,Petrol,First Owner,No,No,Yes
Maruti Suzuki,Dzire,2019,0-20k,<1000cc,Excellent (24+ km/l),Manual,Diesel,Second Owner,No,No,Yes
Ford,Figo,2023,0-20k,1000-1500cc,Excellent (24+ km/l),Automatic,CNG,First Owner,Yes,No,Yes
Hyundai,i10,2021,20k-50k,1000-1500cc,Good (18-24 km/l),Manual,Petrol,Second Owner,Yes,No,Yes
Mahindra,XUV500,2016,0-20k,2000cc+,Good (18-24 km/l),Manual,Petrol,Fourth & Above,No,No,No
Ford,Figo,2023,0-20k,1000-1500cc,Good (18-24 km/l),Automatic,Diesel,First Owner,Yes,No,Yes
Kia,Carens,2016,0-20k,1000-1500cc,Good (18-24 km/l),Manual,Diesel,First Owner,Yes,No,Yes
Renault,Duster,2018,20k-50k,<1000cc,Good (18-24 km/l),Manual,Petrol,Second Owner,Yes,Yes,Yes
Toyota,Fortuner,2011,20k-50k,1000-1500cc,Good (18-24 km/l),Manual,Petrol,Second Owner,No,Yes,No
Toyota,Yaris,2023,0-20k,2000cc+,Excellent (24+ km/l),Manual,Diesel,Second Owner,Yes,No,Yes
Audi,A4,2016,20k-50k,2000cc+,Average (12-18 km/l),Automatic,Petrol,Second Owner,No,No,No
Hyundai,i20,2016,20k-50k,1000-1500cc,Excellent (24+ km/l),Manual,Diesel,Third Owner,Yes,Yes,No
Maruti Suzuki,Ertiga,2023,0-20k,1000-1500cc,Good (18-24 km/l),Manual,Petrol,First Owner,No,No,Yes
Hyundai,i10,2022,0-20k,1000-1500cc,Good (18-24 km/l),Automatic,Petrol,First Owner,Yes,No,Yes
Hyundai,i10,2013,120k+,1000-1500cc,Good (18-24 km/l),Manual,Diesel,Second Owner,No,Yes,No
Toyota,Innova,2022,20k-50k,2000cc+,Good (18-24 km/l),Manual,Petrol,First Owner,Yes,No,Yes
Toyota,Glanza,2023,20k-50k,1000-1500cc,Good (18-24 km/l),Manual,Petrol,First Owner,Yes,No,Yes
Honda,WR-V,2010,80k-120k,1000-1500cc,Good (18-24 km/l),Manual,Petrol,Fourth & Above,No,Yes,No
Maruti Suzuki,Ertiga,2022,0-20k,1000-1500cc,Good (18-24 km/l),Manual,Petrol,First Owner,Yes,No,Yes
Ford,Figo,2020,80k-120k,1000-1500cc,Good (18-24 km/l),Manual,Petrol,First Owner,Yes,No,Yes
Tata,Punch,2021,20k-50k,1500-2000cc,Good (18-24 km/l),Manual,Petrol,First Owner,Yes,Yes,Yes
Toyota,Yaris,2019,20k-50k,2000cc+,Average (12-18 km/l),Manual,Petrol,First Owner,Yes,No,Yes
Honda,Amaze,2021,20k-50k,1000-1500cc,Excellent (24+ km/l),Manual,Electric,First Owner,Yes,No,Yes
Tata,Tiago,2008,80k-120k,1000-1500cc,Excellent (24+ km/l),Manual,Diesel,First Owner,Yes,No,Yes
Maruti Suzuki,Baleno,2022,20k-50k,1000-1500cc,Excellent (24+ km/l),Manual,CNG,First Owner,Yes,No,Yes
Maruti Suzuki,Alto,2008,120k+,1000-1500cc,Good (18-24 km/l),Manual,Petrol,Fourth & Above,No,Yes,No
Skoda,Rapid,2019,50k-80k,1000-1500cc,Good (18-24 km/l),Manual,Diesel,Second Owner,Yes,No,Yes
BMW,X1,2013,20k-50k,2000cc+,Average (12-18 km/l),Automatic,Petrol,First Owner,Yes,No,Yes
Toyota,Fortuner,2022,0-20k,2000cc+,Average (12-18 km/l),Automatic,Petrol,Third Owner,Yes,No,Yes
Maruti Suzuki,Dzire,2017,50k-80k,1000-1500cc,Good (18-24 km/l),Manual,Petrol,Third Owner,Yes,Yes,Yes
Tata,Tiago,2019,0-20k,2000cc+,Good (18-24 km/l),Manual,Diesel,First Owner,Yes,Yes,Yes
Ford,Endeavour,2018,50k-80k,<1000cc,Good (18-24 km/l),Manual,Petrol,Third Owner,No,Yes,No
Volkswagen,Taigun,2022,0-20k,1000-1500cc,Good (18-24 km/l),Manual,Petrol,First Owner,Yes,No,Yes
Maruti Suzuki,Ertiga,2019,50k-80k,<1000cc,Excellent (24+ km/l),Manual,Petrol,Third Owner,No,Yes,No
Maruti Suzuki,Baleno,2022,20k-50k,1000-1500cc,Good (18-24 km/l),Automatic,Petrol,Second Owner,Yes,No,Yes
Ford,Endeavour,2010,120k+,1500-2000cc,Average (12-18 km/l),Automatic,Petrol,Third Owner,Yes,Yes,No
Tata,Altroz,2014,80k-120k,2000cc+,Average (12-18 km/l),Manual,Petrol,First Owner,Yes,Yes,No
Hyundai,Verna,2020,20k-50k,1000-1500cc,Good (18-24 km/l),Automatic,Diesel,Third Owner,Yes,Yes,Yes
Maruti Suzuki,Alto,2023,0-20k,1500-2000cc,Good (18-24 km/l),Automatic,Diesel,First Owner,Yes,No,Yes
Honda,Amaze,2010,20k-50k,1000-1500cc,Excellent (24+ km/l),Manual,Petrol,Second Owner,Yes,No,Yes
Skoda,Octavia,2008,80k-120k,1000-1500cc,Good (18-24 km/l),Manual,Petrol,Third Owner,No,No,No
Audi,A4,2013,0-20k,2000cc+,Average (12-18 km/l),Manual,Petrol,Second Owner,No,No,No
Honda,Jazz,2021,0-20k,1000-1500cc,Good (18-24 km/l),Manual,Petrol,Second Owner,Yes,No,Yes
Mahindra,Bolero,2018,20k-50k,1000-1500cc,Good (18-24 km/l),Manual,Diesel,Second Owner,No,Yes,No
Maruti Suzuki,Swift,2022,0-20k,1000-1500cc,Good (18-24 km/l),Manual,Petrol,First Owner,No,No,Yes
Honda,WR-V,2010,50k-80k,1000-1500cc,Excellent (24+ km/l),Manual,CNG,First Owner,Yes,No,Yes
Tata,Altroz,2014,50k-80k,1000-1500cc,Good (18-24 km/l),Manual,Petrol,First Owner,No,Yes,No
Honda,WR-V,2016,80k-120k,1500-2000cc,Good (18-24 km/l),Manual,Diesel,Second Owner,Yes,No,Yes
Tata,Nexon,2021,20k-50k,1500-2000cc,Good (18-24 km/l),Manual,CNG,First Owner,Yes,No,Yes
Hyundai,Verna,2021,20k-50k,<1000cc,Good (18-24 km/l),Automatic,CNG,First Owner,Yes,No,Yes
Maruti Suzuki,Swift,2012,50k-80k,1000-1500cc,Good (18-24 km/l),Manual,Petrol,Second Owner,No,No,No
Hyundai,Verna,2023,0-20k,1500-2000cc,Average (12-18 km/l),Manual,Petrol,First Owner,Yes,No,Yes
Maruti Suzuki,Baleno,2017,50k-80k,1000-1500cc,Good (18-24 km/l),Manual,Diesel,First Owner,No,Yes,No
Maruti Suzuki,Alto,2021,0-20k,1000-1500cc,Good (18-24 km/l),Manual,Petrol,First Owner,Yes,No,Yes
Mercedes-Benz,GLA,2020,0-20k,1500-2000cc,Good (18-24 km/l),Automatic,Diesel,First Owner,Yes,No,Yes
Mahindra,XUV500,2015,20k-50k,1500-2000cc,Good (18-24 km/l),Manual,Diesel,Second Owner,No,No,No
Honda,Jazz,2022,50k-80k,1000-1500cc,Good (18-24 km/l),Automatic,Diesel,First Owner,Yes,No,Yes
Kia,Carens,2022,20k-50k,1500-2000cc,Average (12-18 km/l),Automatic,Petrol,Second Owner,Yes,No,Yes
Mercedes-Benz,C-Class,2018,50k-80k,2000cc+,Good (18-24 km/l),Manual,Diesel,Third Owner,No,Yes,No
Honda,WR-V,2020,20k-50k,1000-1500cc,Good (18-24 km/l),Manual,Petrol,Second Owner,Yes,No,Yes
Renault,Kwid,2016,120k+,1000-1500cc,Average (12-18 km/l),Automatic,Diesel,Second Owner,No,Yes,No
Tata,Altroz,2021,20k-50k,2000cc+,Average (12-18 km/l),Automatic,Petrol,First Owner,Yes,No,Yes
Hyundai,Venue,2017,20k-50k,1000-1500cc,Good (18-24 km/l),Manual,Petrol,Fourth & Above,No,No,No
Tata,Altroz,2022,0-20k,2000cc+,Good (18-24 km/l),Manual,Diesel,First Owner,Yes,No,Yes
Toyota,Fortuner,2015,80k-120k,1500-2000cc,Good (18-24 km/l),Manual,Diesel,Second Owner,Yes,No,Yes
Ford,Endeavour,2006,120k+,1000-1500cc,Good (18-24 km/l),Manual,Diesel,Third Owner,No,Yes,No
Hyundai,i20,2016,50k-80k,1000-1500cc,Good (18-24 km/l),Manual,Petrol,Second Owner,No,Yes,No
Maruti Suzuki,Baleno,2014,120k+,1000-1500cc,Good (18-24 km/l),Manual,Petrol,Third Owner,Yes,Yes,No
Toyota,Fortuner,2019,80k-120k,1500-2000cc,Good (18-24 km/l),Manual,Petrol,First Owner,No,No,No
Maruti Suzuki,Dzire,2014,20k-50k,1000-1500cc,Good (18-24 km/l),Manual,Petrol,Second Owner,Yes,No,No
Honda,WR-V,2022,0-20k,1000-1500cc,Excellent (24+ km/l),Manual,Diesel,First Owner,Yes,No,Yes
Ford,EcoSport,2015,80k-120k,1000-1500cc,Excellent (24+ km/l),Manual,Diesel,First Owner,No,No,No
Ford,EcoSport,2021,50k-80k,1000-1500cc,Good (18-24 km/l),Manual,Hybrid,First Owner,No,Yes,Yes
Volkswagen,Vento,2020,20k-50k,1000-1500cc,Good (18-24 km/l),Manual,Petrol,First Owner,No,Yes,Yes
Kia,Carens,2023,0-20k,1000-1500cc,Good (18-24 km/l),Manual,Hybrid,First Owner,Yes,No,Yes
Mahindra,Bolero,2023,0-20k,1500-2000cc,Average (12-18 km/l),Manual,Petrol,First Owner,Yes,No,Yes
Volkswagen,Polo,2023,0-20k,1000-1500cc,Good (18-24 km/l),Automatic,Diesel,First Owner,Yes,No,Yes
Toyota,Innova,2022,0-20k,1000-1500cc,Good (18-24 km/l),Manual,Hybrid,First Owner,Yes,No,Yes
Hyundai,Venue,2018,20k-50k,1000-1500cc,Average (12-18 km/l),Manual,Diesel,Second Owner,Yes,No,Yes
Maruti Suzuki,Dzire,2022,20k-50k,1000-1500cc,Good (18-24 km/l),Automatic,Petrol,First Owner,Yes,No,Yes
Hyundai,Venue,2023,0-20k,1000-1500cc,Good (18-24 km/l),Manual,Petrol,First Owner,Yes,No,Yes
Mahindra,Bolero,2007,80k-120k,2000cc+,Good (18-24 km/l),Manual,Diesel,First Owner,Yes,No,Yes
Toyota,Fortuner,2020,20k-50k,2000cc+,Excellent (24+ km/l),Manual,CNG,Fourth & Above,Yes,No,Yes
Skoda,Kushaq,2015,50k-80k,<1000cc,Good (18-24 km/l),Manual,Petrol,First Owner,No,Yes,No
Hyundai,i20,2020,0-20k,<1000cc,Excellent (24+ km/l),Manual,Diesel,First Owner,Yes,Yes,Yes
Maruti Suzuki,Swift,2019,20k-50k,<1000cc,Excellent (24+ km/l),Manual,CNG,Second Owner,No,No,Yes
Audi,A4,2020,20k-50k,1500-2000cc,Good (18-24 km/l),Automatic,Petrol,First Owner,Yes,No,Yes
Maruti Suzuki,Swift,2020,20k-50k,1500-2000cc,Average (12-18 km/l),Automatic,Petrol,Third Owner,Yes,No,Yes
Mahindra,Scorpio,2023,0-20k,1500-2000cc,Good (18-24 km/l),Automatic,Hybrid,First Owner,Yes,No,Yes
Honda,WR-V,2020,20k-50k,1000-1500cc,Good (18-24 km/l),Automatic,Petrol,Second Owner,No,No,Yes
Honda,WR-V,2022,20k-50k,1500-2000cc,Good (18-24 km/l),Manual,Diesel,First Owner,Yes,Yes,Yes
Maruti Suzuki,WagonR,2017,50k-80k,1000-1500cc,Good (18-24 km/l),Manual,Diesel,First Owner,Yes,No,Yes
Maruti Suzuki,Dzire,2019,20k-50k,1000-1500cc,Good (18-24 km/l),Manual,Petrol,First Owner,Yes,No,Yes
Maruti Suzuki,Swift,2019,80k-120k,1000-1500cc,Excellent (24+ km/l),Manual,Diesel,First Owner,Yes,Yes,Yes
Honda,WR-V,2016,50k-80k,1000-1500cc,Good (18-24 km/l),Manual,Petrol,Third Owner,Yes,Yes,No
Honda,WR-V,2018,50k-80k,1500-2000cc,Good (18-24 km/l),Manual,Petrol,Second Owner,Yes,No,Yes
Hyundai,i20,2020,0-20k,1000-1500cc,Good (18-24 km/l),Manual,Diesel,Fourth & Above,Yes,No,Yes
Toyota,Glanza,2020,20k-50k,2000cc+,Good (18-24 km/l),Manual,Petrol,Second Owner,Yes,No,Yes
Renault,Duster,2021,20k-50k,1500-2000cc,Good (18-24 km/l),Manual,Petrol,First Owner,No,Yes,Yes
Maruti Suzuki,Baleno,2017,20k-50k,1000-1500cc,Good (18-24 km/l),Manual,Diesel,First Owner,Yes,Yes,Yes
Mahindra,Thar,2017,80k-120k,2000cc+,Good (18-24 km/l),Manual,Petrol,First Owner,Yes,No,Yes
Ford,Figo,2021,0-20k,1000-1500cc,Average (12-18 km/l),Manual,Petrol,First Owner,Yes,No,Yes
Hyundai,i20,2012,120k+,<1000cc,Excellent (24+ km/l),Manual,Petrol,Second Owner,No,Yes,No
Hyundai,i10,2016,20k-50k,1000-1500cc,Good (18-24 km/l),Manual,Diesel,First Owner,Yes,No,Yes
Toyota,Innova,2008,50k-80k,1000-1500cc,Good (18-24 km/l),Automatic,Petrol,Fourth & Above,No,No,No
Kia,Sonet,2010,80k-120k,1000-1500cc,Good (18-24 km/l),Manual,Petrol,Third Owner,No,No,No
Renault,Kwid,2015,20k-50k,1000-1500cc,Excellent (24+ km/l),Manual,Diesel,Third Owner,No,No,Yes
Honda,Amaze,2006,120k+,1000-1500cc,Good (18-24 km/l),Automatic,Petrol,Fourth & Above,No,Yes,No
Volkswagen,Taigun,2015,80k-120k,1000-1500cc,Good (18-24 km/l),Manual,Diesel,Third Owner,No,No,No
Tata,Punch,2021,20k-50k,2000cc+,Good (18-24 km/l),Manual,Diesel,First Owner,Yes,No,Yes
Toyota,Innova,2009,80k-120k,1000-1500cc,Good (18-24 km/l),Manual,Petrol,First Owner,No,Yes,No
Mahindra,Scorpio,2019,0-20k,2000cc+,Good (18-24 km/l),Manual,Petrol,Third Owner,Yes,No,Yes
Hyundai,Venue,2023,0-20k,1500-2000cc,Good (18-24 km/l),Manual,Petrol,First Owner,Yes,No,Yes
Ford,EcoSport,2022,0-20k,1000-1500cc,Good (18-24 km/l),Manual,Hybrid,First Owner,No,No,Yes
Honda,Jazz,2017,0-20k,1000-1500cc,Good (18-24 km/l),Manual,Diesel,Third Owner,Yes,No,Yes
Tata,Nexon,2023,0-20k,1500-2000cc,Average (12-18 km/l),Automatic,Petrol,First Owner,Yes,No,Yes
BMW,5 Series,2017,20k-50k,2000cc+,Average (12-18 km/l),Manual,Petrol,First Owner,No,No,Yes
Maruti Suzuki,Baleno,2010,20k-50k,1000-1500cc,Excellent (24+ km/l),Manual,Diesel,Second Owner,No,No,No
Hyundai,i10,2023,0-20k,1000-1500cc,Good (18-24 km/l),Manual,Petrol,First Owner,No,No,Yes
Maruti Suzuki,Ertiga,2023,0-20k,1000-1500cc,Excellent (24+ km/l),Manual,Petrol,First Owner,Yes,No,Yes
Volkswagen,Taigun,2019,20k-50k,1000-1500cc,Good (18-24 km/l),Manual,Petrol,First Owner,No,No,Yes
Ford,Figo,2021,20k-50k,<1000cc,Good (18-24 km/l),Manual,Diesel,First Owner,Yes,No,Yes
Tata,Tiago,2021,50k-80k,1000-1500cc,Excellent (24+ km/l),Manual,CNG,Second Owner,Yes,Yes,Yes
Toyota,Fortuner,2014,120k+,1000-1500cc,Good (18-24 km/l),Manual,Petrol,First Owner,Yes,Yes,No
Tata,Nexon,2014,80k-120k,2000cc+,Good (18-24 km/l),Manual,Petrol,First Owner,No,No,No
Volkswagen,Taigun,2019,0-20k,1000-1500cc,Good (18-24 km/l),Manual,Petrol,First Owner,No,No,Yes
Mahindra,Thar,2023,0-20k,1500-2000cc,Good (18-24 km/l),Manual,Petrol,First Owner,Yes,No,Yes
Tata,Punch,2006,20k-50k,1500-2000cc,Average (12-18 km/l),Manual,Petrol,Second Owner,No,Yes,No
BMW,3 Series,2022,0-20k,2000cc+,Good (18-24 km/l),Manual,Petrol,First Owner,No,No,Yes
Hyundai,Verna,2009,120k+,1000-1500cc,Good (18-24 km/l),Manual,Petrol,First Owner,Yes,Yes,No
Maruti Suzuki,Ertiga,2019,50k-80k,1500-2000cc,Good (18-24 km/l),Manual,Petrol,First Owner,Yes,No,Yes
Honda,Jazz,2021,0-20k,1000-1500cc,Good (18-24 km/l),Manual,Petrol,First Owner,Yes,No,Yes
Audi,Q3,2021,0-20k,2000cc+,Average (12-18 km/l),Automatic,Diesel,First Owner,Yes,Yes,Yes
Tata,Nexon,2009,120k+,1500-2000cc,Good (18-24 km/l),Manual,Diesel,Second Owner,No,Yes,No
Maruti Suzuki,Alto,2018,20k-50k,1000-1500cc,Excellent (24+ km/l),Manual,Diesel,First Owner,No,No,Yes
Tata,Harrier,2020,20k-50k,2000cc+,Average (12-18 km/l),Manual,Petrol,First Owner,Yes,No,Yes
Mahindra,XUV500,2010,120k+,1500-2000cc,Good (18-24 km/l),Manual,Petrol,Second Owner,Yes,Yes,No
Maruti Suzuki,Baleno,2012,120k+,1000-1500cc,Average (12-18 km/l),Automatic,Petrol,Second Owner,Yes,Yes,No
Toyota,Innova,2021,0-20k,1500-2000cc,Good (18-24 km/l),Automatic,Diesel,First Owner,Yes,No,Yes
Mercedes-Benz,GLA,2020,20k-50k,2000cc+,Average (12-18 km/l),Manual,Petrol,Second Owner,Yes,No,Yes
Mahindra,Thar,2013,80k-120k,1500-2000cc,Good (18-24 km/l),Manual,Petrol,Fourth & Above,No,Yes,No
Tata,Nexon,2020,0-20k,1500-2000cc,Good (18-24 km/l),Manual,Petrol,Second Owner,Yes,No,Yes
Tata,Tiago,2023,0-20k,1000-1500cc,Good (18-24 km/l),Manual,Hybrid,Second Owner,Yes,No,Yes
Maruti Suzuki,Swift,2006,120k+,1500-2000cc,Excellent (24+ km/l),Manual,Electric,First Owner,No,Yes,No
Kia,Sonet,2021,20k-50k,1000-1500cc,Excellent (24+ km/l),Manual,Diesel,Third Owner,Yes,No,Yes
Tata,Punch,2010,120k+,1000-1500cc,Good (18-24 km/l),Manual,Petrol,Second Owner,No,Yes,No
Tata,Nexon,2005,120k+,2000cc+,Good (18-24 km/l),Manual,Diesel,Second Owner,Yes,Yes,No
Toyota,Fortuner,2013,20k-50k,1500-2000cc,Average (12-18 km/l),Automatic,Diesel,Second Owner,No,Yes,No
Mahindra,Scorpio,2018,0-20k,1500-2000cc,Good (18-24 km/l),Manual,Diesel,Second Owner,No,No,Yes
Toyota,Glanza,2022,20k-50k,2000cc+,Good (18-24 km/l),Automatic,CNG,Second Owner,Yes,No,Yes
Maruti Suzuki,WagonR,2016,120k+,1000-1500cc,Good (18-24 km/l),Manual,Petrol,Second Owner,Yes,Yes,No
Renault,Triber,2021,0-20k,<1000cc,Excellent (24+ km/l),Automatic,CNG,First Owner,Yes,Yes,Yes
BMW,X1,2018,20k-50k,2000cc+,Average (12-18 km/l),Automatic,Petrol,First Owner,No,No,No
Toyota,Glanza,2015,120k+,2000cc+,Average (12-18 km/l),Automatic,Diesel,Second Owner,No,No,No
Audi,Q3,2020,50k-80k,1500-2000cc,Average (12-18 km/l),Automatic,Diesel,First Owner,Yes,Yes,No
Maruti Suzuki,Ertiga,2022,20k-50k,<1000cc,Good (18-24 km/l),Manual,Petrol,First Owner,Yes,No,Yes
Mahindra,XUV300,2022,0-20k,1000-1500cc,Good (18-24 km/l),Automatic,Diesel,First Owner,Yes,No,Yes
Honda,Jazz,2022,0-20k,1500-2000cc,Good (18-24 km/l),Manual,Diesel,First Owner,Yes,No,Yes
Honda,City,2017,20k-50k,1000-1500cc,Average (12-18 km/l),Automatic,Petrol,Second Owner,Yes,Yes,Yes
Tata,Harrier,2022,0-20k,2000cc+,Average (12-18 km/l),Manual,Petrol,First Owner,Yes,No,Yes
Tata,Harrier,2015,50k-80k,1000-1500cc,Good (18-24 km/l),Manual,Diesel,Fourth & Above,No,No,No
Maruti Suzuki,Baleno,2022,0-20k,1000-1500cc,Excellent (24+ km/l),Automatic,Electric,First Owner,Yes,No,Yes
Tata,Tiago,2023,0-20k,1500-2000cc,Average (12-18 km/l),Automatic,Petrol,First Owner,No,No,Yes
Maruti Suzuki,Alto,2006,120k+,1000-1500cc,Good (18-24 km/l),Manual,Petrol,Third Owner,No,Yes,No
Volkswagen,Vento,2019,20k-50k,1000-1500cc,Good (18-24 km/l),Manual,Diesel,First Owner,Yes,No,Yes
Hyundai,Venue,2021,0-20k,1000-1500cc,Good (18-24 km/l),Automatic,Petrol,First Owner,Yes,No,Yes
Maruti Suzuki,Alto,2021,0-20k,1000-1500cc,Good (18-24 km/l),Automatic,Hybrid,First Owner,Yes,No,Yes
Honda,Jazz,2014,50k-80k,1000-1500cc,Good (18-24 km/l),Manual,Diesel,Third Owner,No,No,No
Honda,Jazz,2023,0-20k,<1000cc,Excellent (24+ km/l),Automatic,CNG,Second Owner,Yes,No,Yes
Kia,Seltos,2021,50k-80k,1000-1500cc,Good (18-24 km/l),Manual,Diesel,First Owner,Yes,No,Yes
Honda,City,2013,0-20k,1000-1500cc,Good (18-24 km/l),Manual,Diesel,Third Owner,No,Yes,No
Tata,Tiago,2007,120k+,1000-1500cc,Good (18-24 km/l),Manual,Petrol,Third Owner,No,No,No
Renault,Duster,2022,50k-80k,1000-1500cc,Good (18-24 km/l),Automatic,Petrol,First Owner,Yes,Yes,Yes
Honda,Jazz,2010,20k-50k,1000-1500cc,Average (12-18 km/l),Manual,Petrol,First Owner,No,Yes,No
Maruti Suzuki,Alto,2013,20k-50k,<1000cc,Excellent (24+ km/l),Manual,CNG,Second Owner,Yes,No,Yes
Honda,Amaze,2020,20k-50k,<1000cc,Good (18-24 km/l),Manual,Diesel,First Owner,Yes,No,Yes
Kia,Carens,2020,20k-50k,1500-2000cc,Good (18-24 km/l),Manual,Petrol,First Owner,Yes,No,Yes
Tata,Harrier,2021,20k-50k,1000-1500cc,Good (18-24 km/l),Manual,Petrol,First Owner,Yes,No,Yes
Hyundai,i10,2018,20k-50k,1000-1500cc,Good (18-24 km/l),Manual,Petrol,First Owner,Yes,No,Yes
Maruti Suzuki,Baleno,2022,0-20k,1000-1500cc,Excellent (24+ km/l),Manual,Diesel,First Owner,Yes,No,Yes
Maruti Suzuki,Dzire,2023,0-20k,1000-1500cc,Good (18-24 km/l),Manual,Petrol,First Owner,Yes,No,Yes
Mahindra,Thar,2016,20k-50k,2000cc+,Good (18-24 km/l),Manual,Petrol,Third Owner,Yes,No,No
Honda,City,2021,0-20k,1500-2000cc,Average (12-18 km/l),Automatic,Petrol,First Owner,No,No,Yes
Maruti Suzuki,Alto,2023,0-20k,1000-1500cc,Good (18-24 km/l),Automatic,Petrol,First Owner,Yes,No,Yes
BMW,3 Series,2021,0-20k,2000cc+,Average (12-18 km/l),Automatic,Petrol,First Owner,Yes,No,Yes
Volkswagen,Polo,2021,0-20k,1000-1500cc,Average (12-18 km/l),Automatic,Petrol,First Owner,Yes,No,Yes
Honda,Amaze,2015,0-20k,1000-1500cc,Excellent (24+ km/l),Automatic,CNG,Third Owner,Yes,Yes,Yes
Renault,Triber,2020,20k-50k,1500-2000cc,Good (18-24 km/l),Automatic,Petrol,First Owner,Yes,No,Yes
Maruti Suzuki,Alto,2020,20k-50k,1000-1500cc,Excellent (24+ km/l),Manual,Diesel,First Owner,No,No,Yes
Mahindra,XUV500,2021,0-20k,1500-2000cc,Good (18-24 km/l),Manual,Petrol,First Owner,Yes,No,Yes
Toyota,Glanza,2023,0-20k,2000cc+,Good (18-24 km/l),Manual,Diesel,First Owner,Yes,No,Yes
Renault,Kwid,2008,120k+,1500-2000cc,Good (18-24 km/l),Manual,Petrol,Fourth & Above,Yes,Yes,No
Renault,Duster,2010,120k+,1000-1500cc,Good (18-24 km/l),Manual,Petrol,Third Owner,No,Yes,No
Hyundai,i10,2010,120k+,<1000cc,Good (18-24 km/l),Manual,Petrol,First Owner,No,Yes,No
BMW,3 Series,2022,0-20k,1500-2000cc,Average (12-18 km/l),Automatic,Petrol,Second Owner,No,No,Yes
Maruti Suzuki,Dzire,2013,120k+,1000-1500cc,Good (18-24 km/l),Manual,Petrol,Second Owner,No,No,No
Kia,Carens,2021,0-20k,1500-2000cc,Good (18-24 km/l),Automatic,Petrol,First Owner,No,No,Yes
Audi,A4,2017,20k-50k,2000cc+,Average (12-18 km/l),Automatic,Petrol,First Owner,Yes,Yes,No
Maruti Suzuki,Alto,2019,0-20k,1500-2000cc,Average (12-18 km/l),Manual,Petrol,First Owner,No,No,Yes
Ford,Figo,2015,80k-120k,1000-1500cc,Good (18-24 km/l),Manual,Diesel,First Owner,Yes,Yes,Yes
Maruti Suzuki,Ertiga,2023,0-20k,1500-2000cc,Excellent (24+ km/l),Manual,CNG,First Owner,Yes,No,Yes
Tata,Harrier,2020,20k-50k,2000cc+,Average (12-18 km/l),Automatic,Petrol,Third Owner,No,Yes,No
Mahindra,Thar,2023,0-20k,2000cc+,Good (18-24 km/l),Automatic,Petrol,First Owner,Yes,No,Yes
Honda,WR-V,2020,50k-80k,1000-1500cc,Good (18-24 km/l),Automatic,Petrol,First Owner,Yes,No,Yes
BMW,3 Series,2012,120k+,2000cc+,Average (12-18 km/l),Automatic,Petrol,Third Owner,Yes,Yes,No
Toyota,Glanza,2014,20k-50k,1500-2000cc,Good (18-24 km/l),Manual,Petrol,Third Owner,No,Yes,No
Mahindra,Scorpio,2023,0-20k,1000-1500cc,Good (18-24 km/l),Manual,Petrol,Second Owner,Yes,No,Yes
Renault,Triber,2022,0-20k,1000-1500cc,Excellent (24+ km/l),Automatic,CNG,Second Owner,Yes,No,Yes
Audi,Q3,2009,120k+,2000cc+,Average (12-18 km/l),Manual,Diesel,Third Owner,No,Yes,No
Maruti Suzuki,Swift,2021,0-20k,1500-2000cc,Excellent (24+ km/l),Automatic,Electric,First Owner,No,No,Yes
Mercedes-Benz,GLA,2018,20k-50k,1500-2000cc,Average (12-18 km/l),Automatic,Petrol,First Owner,Yes,Yes,No
Maruti Suzuki,Alto,2017,80k-120k,1000-1500cc,Excellent (24+ km/l),Automatic,CNG,First Owner,Yes,No,Yes
Renault,Duster,2013,120k+,1500-2000cc,Good (18-24 km/l),Manual,Diesel,First Owner,Yes,No,Yes
Hyundai,i20,2022,20k-50k,1000-1500cc,Excellent (24+ km/l),Manual,CNG,First Owner,Yes,Yes,Yes
Maruti Suzuki,Dzire,2009,50k-80k,1000-1500cc,Good (18-24 km/l),Manual,Petrol,Second Owner,No,No,No
Mahindra,XUV300,2016,80k-120k,1500-2000cc,Good (18-24 km/l),Automatic,Diesel,First Owner,Yes,No,Yes
Toyota,Fortuner,2017,20k-50k,1500-2000cc,Good (18-24 km/l),Manual,Diesel,First Owner,Yes,Yes,Yes
Tata,Tiago,2013,80k-120k,2000cc+,Good (18-24 km/l),Manual,Diesel,Third Owner,No,No,No
Maruti Suzuki,Ertiga,2019,50k-80k,<1000cc,Good (18-24 km/l),Manual,Petrol,First Owner,Yes,No,Yes
Honda,Amaze,2006,80k-120k,1000-1500cc,Good (18-24 km/l),Manual,Diesel,Fourth & Above,No,Yes,No
Kia,Carens,2017,50k-80k,1000-1500cc,Excellent (24+ km/l),Manual,Electric,Third Owner,Yes,Yes,Yes
Tata,Altroz,2023,0-20k,2000cc+,Good (18-24 km/l),Manual,Diesel,First Owner,Yes,No,Yes
Hyundai,Verna,2017,20k-50k,1000-1500cc,Excellent (24+ km/l),Manual,CNG,Second Owner,Yes,No,Yes
Mahindra,XUV500,2018,0-20k,2000cc+,Average (12-18 km/l),Automatic,Petrol,First Owner,No,No,Yes
Maruti Suzuki,Swift,2019,20k-50k,1000-1500cc,Good (18-24 km/l),Manual,Diesel,Second Owner,Yes,No,Yes
Renault,Kwid,2020,0-20k,1000-1500cc,Good (18-24 km/l),Manual,Petrol,First Owner,No,No,Yes
Renault,Duster,2022,50k-80k,<1000cc,Average (12-18 km/l),Automatic,Petrol,Second Owner,Yes,Yes,Yes
Honda,City,2014,20k-50k,1500-2000cc,Excellent (24+ km/l),Manual,CNG,Fourth & Above,Yes,Yes,No
Tata,Tiago,2023,0-20k,1000-1500cc,Excellent (24+ km/l),Automatic,CNG,First Owner,Yes,No,Yes
Renault,Kwid,2022,0-20k,1500-2000cc,Good (18-24 km/l),Manual,Diesel,First Owner,Yes,No,Yes
Honda,City,2022,0-20k,1000-1500cc,Good (18-24 km/l),Automatic,Diesel,First Owner,Yes,No,Yes
Renault,Duster,2011,80k-120k,1000-1500cc,Good (18-24 km/l),Manual,Petrol,Third Owner,No,Yes,No
Toyota,Fortuner,2007,50k-80k,1500-2000cc,Good (18-24 km/l),Manual,Petrol,Fourth & Above,No,No,No
Renault,Kwid,2020,50k-80k,1000-1500cc,Good (18-24 km/l),Manual,Diesel,Second Owner,Yes,No,Yes
Honda,City,2023,0-20k,1500-2000cc,Good (18-24 km/l),Manual,Petrol,First Owner,No,No,Yes
Tata,Nexon,2020,0-20k,2000cc+,Good (18-24 km/l),Manual,Petrol,Second Owner,Yes,No,Yes
Audi,Q3,2015,50k-80k,1500-2000cc,Average (12-18 km/l),Automatic,Petrol,Second Owner,Yes,No,No
Honda,Jazz,2011,120k+,1000-1500cc,Good (18-24 km/l),Manual,Petrol,Fourth & Above,No,No,No
Honda,City,2021,0-20k,1000-1500cc,Good (18-24 km/l),Automatic,Petrol,First Owner,Yes,No,Yes
Hyundai,Creta,2022,0-20k,1000-1500cc,Good (18-24 km/l),Manual,Petrol,First Owner,No,No,Yes
Toyota,Glanza,2014,120k+,2000cc+,Excellent (24+ km/l),Automatic,CNG,First Owner,No,Yes,No
Honda,WR-V,2007,50k-80k,<1000cc,Excellent (24+ km/l),Manual,CNG,Second Owner,No,Yes,No
Hyundai,Venue,2018,20k-50k,<1000cc,Good (18-24 km/l),Manual,Petrol,First Owner,Yes,Yes,Yes
Maruti Suzuki,Ertiga,2020,50k-80k,1000-1500cc,Good (18-24 km/l),Manual,Diesel,Second Owner,No,No,Yes
Honda,City,2021,20k-50k,1000-1500cc,Good (18-24 km/l),Manual,Petrol,First Owner,Yes,No,Yes
Volkswagen,Taigun,2022,20k-50k,1000-1500cc,Good (18-24 km/l),Manual,Diesel,First Owner,Yes,No,Yes
Mahindra,Thar,2021,20k-50k,1000-1500cc,Good (18-24 km/l),Manual,Petrol,Second Owner,Yes,No,Yes
Hyundai,Creta,2012,80k-120k,1000-1500cc,Good (18-24 km/l),Automatic,Diesel,Third Owner,Yes,Yes,No
Toyota,Innova,2021,0-20k,2000cc+,Good (18-24 km/l),Manual,Diesel,First Owner,Yes,Yes,Yes
Maruti Suzuki,Swift,2023,0-20k,1000-1500cc,Good (18-24 km/l),Automatic,Petrol,First Owner,Yes,Yes,Yes
Mahindra,Thar,2023,0-20k,2000cc+,Good (18-24 km/l),Automatic,Diesel,First Owner,Yes,No,Yes
Maruti Suzuki,Alto,2023,0-20k,1000-1500cc,Excellent (24+ km/l),Manual,Diesel,First Owner,Yes,No,Yes
Hyundai,Venue,2017,50k-80k,1000-1500cc,Good (18-24 km/l),Manual,Diesel,First Owner,Yes,No,Yes
Hyundai,Creta,2022,0-20k,1500-2000cc,Good (18-24 km/l),Manual,Petrol,First Owner,Yes,No,Yes
Tata,Altroz,2023,20k-50k,2000cc+,Good (18-24 km/l),Manual,Diesel,First Owner,Yes,No,Yes
Maruti Suzuki,Ertiga,2021,20k-50k,1000-1500cc,Good (18-24 km/l),Automatic,Petrol,Second Owner,Yes,No,Yes
Tata,Altroz,2016,120k+,1000-1500cc,Excellent (24+ km/l),Manual,CNG,Second Owner,No,No,No
Mahindra,XUV500,2023,0-20k,1000-1500cc,Excellent (24+ km/l),Automatic,Electric,First Owner,Yes,No,Yes
Mahindra,Thar,2019,20k-50k,1000-1500cc,Good (18-24 km/l),Automatic,Petrol,Second Owner,Yes,No,Yes
Tata,Nexon,2012,80k-120k,2000cc+,Good (18-24 km/l),Manual,Diesel,First Owner,No,Yes,No
Skoda,Octavia,2012,120k+,1000-1500cc,Good (18-24 km/l),Manual,Petrol,Second Owner,No,No,No
Maruti Suzuki,WagonR,2021,0-20k,1000-1500cc,Excellent (24+ km/l),Manual,CNG,First Owner,Yes,No,Yes
Mahindra,Scorpio,2019,80k-120k,1500-2000cc,Good (18-24 km/l),Manual,Petrol,First Owner,No,Yes,No
Maruti Suzuki,Alto,2011,80k-120k,1000-1500cc,Good (18-24 km/l),Manual,Petrol,Second Owner,No,No,No
Maruti Suzuki,Alto,2022,0-20k,1000-1500cc,Average (12-18 km/l),Automatic,Petrol,First Owner,Yes,No,Yes
Honda,City,2022,50k-80k,<1000cc,Good (18-24 km/l),Manual,Diesel,First Owner,Yes,No,Yes
Honda,Amaze,2022,20k-50k,1500-2000cc,Average (12-18 km/l),Manual,Petrol,First Owner,No,No,Yes
Kia,Seltos,2014,20k-50k,1000-1500cc,Excellent (24+ km/l),Manual,Diesel,Third Owner,No,No,No
Honda,Jazz,2021,20k-50k,1000-1500cc,Good (18-24 km/l),Manual,Diesel,First Owner,Yes,No,Yes
Audi,Q3,2006,50k-80k,2000cc+,Low (<12 km/l),Automatic,Petrol,Third Owner,No,Yes,No
Maruti Suzuki,Baleno,2017,50k-80k,<1000cc,Excellent (24+ km/l),Manual,Diesel,Second Owner,No,No,Yes
Maruti Suzuki,WagonR,2018,120k+,1000-1500cc,Good (18-24 km/l),Manual,Petrol,Third Owner,Yes,Yes,No
Maruti Suzuki,Alto,2022,20k-50k,1500-2000cc,Good (18-24 km/l),Automatic,CNG,First Owner,Yes,No,Yes
Hyundai,i10,2018,50k-80k,1000-1500cc,Good (18-24 km/l),Manual,Petrol,First Owner,Yes,Yes,No
Honda,Amaze,2006,120k+,1500-2000cc,Excellent (24+ km/l),Manual,CNG,Second Owner,Yes,No,No
Toyota,Yaris,2017,50k-80k,1000-1500cc,Good (18-24 km/l),Manual,Petrol,First Owner,Yes,Yes,No
Maruti Suzuki,Baleno,2019,120k+,1000-1500cc,Good (18-24 km/l),Manual,Diesel,First Owner,Yes,Yes,No
Audi,Q3,2023,20k-50k,1500-2000cc,Good (18-24 km/l),Automatic,Petrol,First Owner,Yes,No,Yes
Skoda,Octavia,2023,0-20k,1000-1500cc,Good (18-24 km/l),Manual,Petrol,First Owner,Yes,No,Yes
Hyundai,Venue,2014,50k-80k,<1000cc,Good (18-24 km/l),Manual,Petrol,Second Owner,Yes,No,Yes
Maruti Suzuki,WagonR,2014,80k-120k,1000-1500cc,Good (18-24 km/l),Manual,Petrol,Third Owner,No,Yes,No
Maruti Suzuki,Swift,2013,20k-50k,1000-1500cc,Good (18-24 km/l),Manual,Petrol,Second Owner,No,No,Yes
Maruti Suzuki,Baleno,2022,0-20k,1000-1500cc,Good (18-24 km/l),Manual,Petrol,First Owner,Yes,Yes,Yes
Maruti Suzuki,Swift,2005,120k+,1000-1500cc,Good (18-24 km/l),Manual,Petrol,Fourth & Above,No,No,No
Mahindra,XUV300,2012,20k-50k,1000-1500cc,Good (18-24 km/l),Manual,Petrol,Third Owner,Yes,Yes,Yes
Hyundai,Venue,2020,50k-80k,<1000cc,Good (18-24 km/l),Automatic,Hybrid,Second Owner,Yes,Yes,Yes
Tata,Tiago,2015,20k-50k,1000-1500cc,Excellent (24+ km/l),Manual,Diesel,Third Owner,Yes,No,Yes
Mercedes-Benz,GLA,2011,50k-80k,1500-2000cc,Good (18-24 km/l),Automatic,Diesel,Fourth & Above,No,Yes,No
Ford,EcoSport,2017,20k-50k,1000-1500cc,Average (12-18 km/l),Manual,Petrol,Second Owner,No,No,Yes
Audi,Q3,2016,20k-50k,2000cc+,Average (12-18 km/l),Automatic,Petrol,Third Owner,No,No,No
Maruti Suzuki,Dzire,2019,80k-120k,<1000cc,Good (18-24 km/l),Manual,Petrol,Second Owner,Yes,No,Yes
Tata,Nexon,2023,20k-50k,2000cc+,Good (18-24 km/l),Manual,Diesel,First Owner,Yes,No,Yes
Honda,City,2012,50k-80k,<1000cc,Good (18-24 km/l),Automatic,Diesel,First Owner,No,Yes,No
Maruti Suzuki,Ertiga,2018,80k-120k,1000-1500cc,Good (18-24 km/l),Manual,Diesel,Second Owner,Yes,No,Yes
Maruti Suzuki,WagonR,2023,0-20k,1000-1500cc,Average (12-18 km/l),Automatic,Petrol,First Owner,Yes,No,Yes
Toyota,Glanza,2023,0-20k,2000cc+,Good (18-24 km/l),Automatic,Hybrid,First Owner,Yes,No,Yes
Toyota,Yaris,2018,0-20k,1500-2000cc,Good (18-24 km/l),Manual,Diesel,First Owner,Yes,No,Yes
Tata,Tiago,2021,80k-120k,1500-2000cc,Good (18-24 km/l),Manual,Petrol,First Owner,No,No,Yes
Mahindra,XUV300,2011,120k+,2000cc+,Average (12-18 km/l),Manual,Petrol,Third Owner,Yes,Yes,No
Tata,Punch,2021,0-20k,1000-1500cc,Average (12-18 km/l),Automatic,Petrol,First Owner,No,No,Yes
Maruti Suzuki,Baleno,2023,0-20k,1000-1500cc,Average (12-18 km/l),Automatic,Petrol,First Owner,Yes,No,Yes
Tata,Altroz,2020,20k-50k,2000cc+,Good (18-24 km/l),Manual,Diesel,First Owner,Yes,No,Yes
Maruti Suzuki,Ertiga,2019,20k-50k,1000-1500cc,Excellent (24+ km/l),Manual,Petrol,First Owner,No,No,Yes
Maruti Suzuki,Alto,2014,20k-50k,<1000cc,Good (18-24 km/l),Manual,Petrol,Second Owner,No,No,Yes
Audi,Q3,2021,20k-50k,2000cc+,Average (12-18 km/l),Automatic,Petrol,Second Owner,Yes,No,Yes
Honda,Jazz,2020,50k-80k,1500-2000cc,Good (18-24 km/l),Automatic,Petrol,Second Owner,Yes,No,Yes
Ford,Figo,2021,20k-50k,1000-1500cc,Excellent (24+ km/l),Manual,Petrol,First Owner,Yes,No,Yes
Hyundai,Venue,2007,120k+,1000-1500cc,Good (18-24 km/l),Manual,Petrol,Fourth & Above,No,Yes,No
Tata,Tiago,2020,20k-50k,1500-2000cc,Good (18-24 km/l),Automatic,Petrol,First Owner,Yes,Yes,Yes
Hyundai,Creta,2020,0-20k,1000-1500cc,Good (18-24 km/l),Manual,Petrol,Second Owner,Yes,No,Yes
Maruti Suzuki,Baleno,2015,50k-80k,1000-1500cc,Average (12-18 km/l),Manual,Hybrid,Second Owner,No,Yes,No
Maruti Suzuki,Baleno,2015,80k-120k,1000-1500cc,Good (18-24 km/l),Automatic,Diesel,First Owner,Yes,Yes,Yes
Renault,Triber,2016,50k-80k,1000-1500cc,Good (18-24 km/l),Manual,Petrol,First Owner,Yes,No,Yes
Toyota,Innova,2021,20k-50k,1500-2000cc,Good (18-24 km/l),Automatic,Diesel,First Owner,No,Yes,Yes
Honda,Jazz,2020,20k-50k,1000-1500cc,Good (18-24 km/l),Automatic,Petrol,Second Owner,Yes,No,Yes
Mahindra,Scorpio,2022,20k-50k,2000cc+,Average (12-18 km/l),Automatic,Petrol,First Owner,Yes,No,Yes
BMW,3 Series,2016,50k-80k,2000cc+,Good (18-24 km/l),Manual,Diesel,First Owner,Yes,Yes,No
Maruti Suzuki,Swift,2023,0-20k,1500-2000cc,Average (12-18 km/l),Automatic,Petrol,Second Owner,Yes,No,Yes
Hyundai,i20,2022,20k-50k,<1000cc,Excellent (24+ km/l),Manual,CNG,First Owner,Yes,No,Yes
Tata,Nexon,2018,20k-50k,1000-1500cc,Average (12-18 km/l),Manual,Petrol,Second Owner,Yes,No,Yes
Renault,Triber,2011,120k+,<1000cc,Good (18-24 km/l),Manual,Diesel,Fourth & Above,No,Yes,No
Mercedes-Benz,C-Class,2016,20k-50k,2000cc+,Low (<12 km/l),Manual,Petrol,Second Owner,Yes,No,Yes
Hyundai,i20,2023,0-20k,<1000cc,Excellent (24+ km/l),Manual,Diesel,First Owner,Yes,Yes,Yes
Kia,Carens,2017,80k-120k,1000-1500cc,Good (18-24 km/l),Automatic,Petrol,First Owner,Yes,No,Yes
Skoda,Rapid,2017,80k-120k,1000-1500cc,Average (12-18 km/l),Manual,Petrol,First Owner,No,No,No
Hyundai,i10,2014,120k+,1000-1500cc,Good (18-24 km/l),Manual,Diesel,Second Owner,Yes,Yes,No
Tata,Punch,2022,0-20k,1000-1500cc,Excellent (24+ km/l),Manual,CNG,First Owner,Yes,No,Yes
Tata,Nexon,2016,20k-50k,2000cc+,Excellent (24+ km/l),Automatic,CNG,Third Owner,Yes,No,Yes
Mercedes-Benz,GLA,2017,120k+,1500-2000cc,Good (18-24 km/l),Manual,Petrol,First Owner,Yes,No,Yes
Hyundai,Venue,2018,80k-120k,<1000cc,Excellent (24+ km/l),Manual,Diesel,First Owner,Yes,Yes,Yes
Renault,Kwid,2019,20k-50k,1000-1500cc,Good (18-24 km/l),Manual,Diesel,Second Owner,Yes,No,Yes
Tata,Harrier,2018,80k-120k,1000-1500cc,Good (18-24 km/l),Manual,Petrol,Second Owner,Yes,No,Yes
Volkswagen,Taigun,2019,20k-50k,1000-1500cc,Good (18-24 km/l),Manual,Petrol,First Owner,Yes,Yes,Yes
Tata,Nexon,2022,0-20k,1500-2000cc,Average (12-18 km/l),Manual,Petrol,Second Owner,Yes,No,Yes
Honda,Jazz,2022,0-20k,1000-1500cc,Good (18-24 km/l),Automatic,Petrol,Second Owner,Yes,No,Yes
Skoda,Rapid,2022,0-20k,1000-1500cc,Good (18-24 km/l),Automatic,Diesel,First Owner,No,No,Yes
Renault,Duster,2011,80k-120k,<1000cc,Good (18-24 km/l),Manual,Petrol,Second Owner,Yes,No,No
Skoda,Octavia,2022,20k-50k,1000-1500cc,Good (18-24 km/l),Manual,Petrol,First Owner,Yes,No,Yes
Maruti Suzuki,Baleno,2012,120k+,1000-1500cc,Excellent (24+ km/l),Manual,Petrol,First Owner,No,Yes,No
Ford,Figo,2012,120k+,1500-2000cc,Good (18-24 km/l),Manual,Diesel,Third Owner,No,Yes,No
Maruti Suzuki,Dzire,2023,0-20k,1000-1500cc,Good (18-24 km/l),Manual,Petrol,First Owner,Yes,No,Yes
Tata,Punch,2022,0-20k,1000-1500cc,Good (18-24 km/l),Manual,Petrol,First Owner,Yes,No,Yes
Honda,City,2020,120k+,<1000cc,Good (18-24 km/l),Manual,Diesel,First Owner,Yes,Yes,No
Tata,Altroz,2023,0-20k,1500-2000cc,Average (12-18 km/l),Automatic,Diesel,First Owner,Yes,No,Yes
Mahindra,Bolero,2023,0-20k,2000cc+,Good (18-24 km/l),Manual,Petrol,First Owner,Yes,No,Yes
Mercedes-Benz,GLA,2021,0-20k,1500-2000cc,Excellent (24+ km/l),Automatic,Electric,First Owner,Yes,No,Yes
Maruti Suzuki,Ertiga,2021,20k-50k,1000-1500cc,Good (18-24 km/l),Manual,Diesel,First Owner,Yes,No,Yes
Toyota,Fortuner,2022,0-20k,2000cc+,Good (18-24 km/l),Manual,Diesel,First Owner,Yes,No,Yes
Tata,Altroz,2015,50k-80k,1000-1500cc,Good (18-24 km/l),Manual,Diesel,First Owner,No,No,No
Maruti Suzuki,Alto,2013,120k+,1000-1500cc,Good (18-24 km/l),Manual,Petrol,Second Owner,Yes,No,No
Maruti Suzuki,Alto,2022,0-20k,1000-1500cc,Average (12-18 km/l),Automatic,Petrol,Second Owner,Yes,No,Yes
Audi,A4,2017,120k+,2000cc+,Average (12-18 km/l),Automatic,Petrol,First Owner,No,No,No
Kia,Carens,2012,50k-80k,1000-1500cc,Good (18-24 km/l),Manual,Petrol,Second Owner,Yes,Yes,No
Kia,Carens,2017,0-20k,1000-1500cc,Good (18-24 km/l),Manual,Diesel,First Owner,Yes,No,Yes
Mercedes-Benz,GLA,2017,50k-80k,2000cc+,Average (12-18 km/l),Automatic,Petrol,First Owner,No,No,Yes
Hyundai,Verna,2023,0-20k,<1000cc,Good (18-24 km/l),Manual,Petrol,First Owner,Yes,No,Yes
Tata,Nexon,2021,20k-50k,2000cc+,Average (12-18 km/l),Automatic,Petrol,First Owner,Yes,No,Yes
Toyota,Fortuner,2020,0-20k,1000-1500cc,Good (18-24 km/l),Manual,Diesel,Second Owner,Yes,No,Yes
Mahindra,Scorpio,2023,0-20k,2000cc+,Good (18-24 km/l),Automatic,Diesel,Second Owner,Yes,No,Yes
Tata,Harrier,2023,0-20k,1000-1500cc,Average (12-18 km/l),Automatic,Petrol,First Owner,Yes,No,Yes
Tata,Tiago,2020,0-20k,1500-2000cc,Good (18-24 km/l),Manual,Diesel,First Owner,Yes,Yes,Yes
Honda,WR-V,2023,0-20k,1000-1500cc,Good (18-24 km/l),Manual,Petrol,First Owner,Yes,No,Yes
Honda,WR-V,2018,20k-50k,1000-1500cc,Good (18-24 km/l),Manual,Diesel,Third Owner,No,No,Yes
Maruti Suzuki,Swift,2015,20k-50k,<1000cc,Excellent (24+ km/l),Manual,Diesel,First Owner,Yes,No,Yes
Mahindra,Scorpio,2015,80k-120k,2000cc+,Average (12-18 km/l),Manual,Petrol,Second Owner,No,No,No
Honda,City,2021,0-20k,1000-1500cc,Good (18-24 km/l),Automatic,Diesel,First Owner,Yes,No,Yes
Honda,Amaze,2019,0-20k,1000-1500cc,Good (18-24 km/l),Manual,Petrol,First Owner,Yes,No,Yes
Hyundai,Venue,2021,0-20k,1000-1500cc,Excellent (24+ km/l),Manual,CNG,First Owner,No,No,Yes
Volkswagen,Taigun,2021,50k-80k,1000-1500cc,Good (18-24 km/l),Manual,Petrol,Second Owner,Yes,No,Yes
Maruti Suzuki,Alto,2007,80k-120k,1000-1500cc,Good (18-24 km/l),Manual,Petrol,Fourth & Above,No,No,No
Tata,Harrier,2009,80k-120k,2000cc+,Good (18-24 km/l),Manual,Diesel,Second Owner,No,Yes,No
Renault,Kwid,2020,20k-50k,1000-1500cc,Good (18-24 km/l),Manual,Diesel,First Owner,Yes,Yes,Yes
Honda,City,2014,120k+,1000-1500cc,Excellent (24+ km/l),Manual,CNG,Second Owner,No,No,No
Hyundai,i20,2021,20k-50k,1000-1500cc,Good (18-24 km/l),Manual,Petrol,First Owner,Yes,No,Yes
Ford,EcoSport,2020,50k-80k,1000-1500cc,Good (18-24 km/l),Manual,Diesel,First Owner,Yes,Yes,No
Honda,WR-V,2020,0-20k,1500-2000cc,Good (18-24 km/l),Automatic,Petrol,Second Owner,Yes,No,Yes
Renault,Duster,2017,50k-80k,<1000cc,Good (18-24 km/l),Automatic,Petrol,First Owner,Yes,Yes,Yes
Volkswagen,Vento,2021,0-20k,1000-1500cc,Good (18-24 km/l),Manual,Diesel,Second Owner,No,Yes,Yes
Toyota,Yaris,2022,0-20k,1500-2000cc,Excellent (24+ km/l),Automatic,CNG,First Owner,Yes,No,Yes
Mahindra,XUV300,2023,0-20k,1000-1500cc,Good (18-24 km/l),Manual,Diesel,First Owner,Yes,No,Yes
Maruti Suzuki,Baleno,2022,20k-50k,1000-1500cc,Good (18-24 km/l),Manual,Diesel,First Owner,Yes,No,Yes
Hyundai,Creta,2020,20k-50k,<1000cc,Good (18-24 km/l),Automatic,Diesel,First Owner,No,No,Yes
Tata,Punch,2014,80k-120k,2000cc+,Good (18-24 km/l),Automatic,Diesel,First Owner,No,No,Yes
Honda,Jazz,2021,0-20k,1000-1500cc,Good (18-24 km/l),Manual,Diesel,First Owner,Yes,No,Yes
Mahindra,Thar,2023,0-20k,1000-1500cc,Good (18-24 km/l),Manual,CNG,First Owner,Yes,No,Yes
Hyundai,i10,2015,0-20k,1000-1500cc,Average (12-18 km/l),Manual,Petrol,First Owner,Yes,No,Yes
Maruti Suzuki,Baleno,2016,20k-50k,1000-1500cc,Good (18-24 km/l),Manual,Petrol,Second Owner,No,Yes,Yes
Mahindra,Bolero,2013,80k-120k,1500-2000cc,Good (18-24 km/l),Manual,Diesel,Third Owner,No,Yes,No
Hyundai,Creta,2022,20k-50k,<1000cc,Excellent (24+ km/l),Manual,Diesel,Third Owner,No,No,Yes
Volkswagen,Vento,2018,80k-120k,1000-1500cc,Good (18-24 km/l),Manual,Diesel,Second Owner,Yes,Yes,Yes
Maruti Suzuki,Ertiga,2009,120k+,<1000cc,Good (18-24 km/l),Manual,Petrol,Fourth & Above,Yes,Yes,No
Honda,WR-V,2023,0-20k,<1000cc,Good (18-24 km/l),Automatic,Petrol,First Owner,Yes,No,Yes
BMW,3 Series,2020,0-20k,2000cc+,Average (12-18 km/l),Automatic,Diesel,First Owner,No,No,No
Maruti Suzuki,WagonR,2017,120k+,1000-1500cc,Good (18-24 km/l),Automatic,Petrol,First Owner,Yes,No,Yes
Mahindra,Bolero,2017,20k-50k,2000cc+,Good (18-24 km/l),Manual,Petrol,Second Owner,Yes,No,Yes
Maruti Suzuki,Baleno,2016,20k-50k,<1000cc,Good (18-24 km/l),Manual,Petrol,First Owner,No,Yes,No
Toyota,Innova,2019,20k-50k,2000cc+,Excellent (24+ km/l),Manual,Electric,First Owner,Yes,No,Yes
Honda,WR-V,2017,50k-80k,1000-1500cc,Good (18-24 km/l),Manual,Petrol,Second Owner,Yes,No,Yes
Tata,Nexon,2020,0-20k,1500-2000cc,Good (18-24 km/l),Manual,Diesel,First Owner,Yes,No,Yes
Mahindra,Thar,2022,0-20k,1500-2000cc,Excellent (24+ km/l),Manual,Diesel,Second Owner,Yes,No,Yes
Kia,Sonet,2021,0-20k,1000-1500cc,Good (18-24 km/l),Manual,Diesel,First Owner,Yes,Yes,Yes
Hyundai,i10,2016,120k+,1000-1500cc,Average (12-18 km/l),Manual,Petrol,First Owner,No,No,No
Maruti Suzuki,Dzire,2020,50k-80k,<1000cc,Excellent (24+ km/l),Automatic,Petrol,First Owner,Yes,No,Yes
Skoda,Kushaq,2022,0-20k,1000-1500cc,Good (18-24 km/l),Automatic,Diesel,First Owner,Yes,No,Yes
Honda,WR-V,2010,120k+,1000-1500cc,Excellent (24+ km/l),Manual,Diesel,Second Owner,Yes,Yes,No
Kia,Carens,2010,120k+,<1000cc,Good (18-24 km/l),Manual,Petrol,Second Owner,Yes,Yes,No
Honda,City,2020,20k-50k,<1000cc,Good (18-24 km/l),Automatic,Petrol,Second Owner,Yes,No,Yes
Renault,Kwid,2021,0-20k,1000-1500cc,Good (18-24 km/l),Manual,Petrol,First Owner,Yes,No,Yes
Tata,Punch,2015,20k-50k,2000cc+,Good (18-24 km/l),Manual,Petrol,Third Owner,Yes,No,Yes
Volkswagen,Polo,2022,0-20k,1000-1500cc,Excellent (24+ km/l),Manual,Diesel,First Owner,Yes,No,Yes
BMW,3 Series,2021,0-20k,2000cc+,Low (<12 km/l),Automatic,Petrol,Second Owner,Yes,No,Yes
Honda,WR-V,2023,0-20k,1500-2000cc,Good (18-24 km/l),Automatic,Diesel,First Owner,Yes,No,Yes
Hyundai,Verna,2014,20k-50k,1000-1500cc,Good (18-24 km/l),Manual,Petrol,First Owner,No,No,Yes
Hyundai,Venue,2022,0-20k,1000-1500cc,Good (18-24 km/l),Manual,Petrol,First Owner,Yes,No,Yes
Hyundai,Verna,2010,120k+,1000-1500cc,Good (18-24 km/l),Manual,Petrol,Third Owner,Yes,No,No
Hyundai,i10,2020,50k-80k,<1000cc,Good (18-24 km/l),Automatic,Petrol,First Owner,Yes,No,No
Hyundai,Creta,2020,50k-80k,1000-1500cc,Good (18-24 km/l),Manual,Diesel,Second Owner,Yes,No,Yes
Honda,Amaze,2018,20k-50k,1000-1500cc,Average (12-18 km/l),Automatic,Petrol,First Owner,No,No,Yes
Honda,WR-V,2022,0-20k,1000-1500cc,Good (18-24 km/l),Automatic,Diesel,Second Owner,Yes,No,Yes
Tata,Harrier,2005,120k+,1500-2000cc,Good (18-24 km/l),Manual,Diesel,Third Owner,No,Yes,No
Toyota,Glanza,2020,50k-80k,1500-2000cc,Good (18-24 km/l),Manual,Petrol,First Owner,Yes,No,Yes
Maruti Suzuki,Swift,2015,80k-120k,1000-1500cc,Good (18-24 km/l),Manual,Petrol,First Owner,Yes,No,Yes
Maruti Suzuki,Dzire,2022,20k-50k,1000-1500cc,Good (18-24 km/l),Manual,Petrol,First Owner,Yes,No,Yes
Maruti Suzuki,Baleno,2008,120k+,1500-2000cc,Good (18-24 km/l),Manual,Diesel,Fourth & Above,No,Yes,No
Mahindra,XUV500,2022,20k-50k,2000cc+,Good (18-24 km/l),Automatic,Petrol,First Owner,Yes,Yes,Yes
Hyundai,Venue,2022,0-20k,1000-1500cc,Good (18-24 km/l),Manual,Diesel,First Owner,No,No,Yes
Hyundai,Venue,2022,0-20k,1000-1500cc,Good (18-24 km/l),Automatic,Petrol,First Owner,Yes,No,Yes
Tata,Harrier,2013,120k+,2000cc+,Average (12-18 km/l),Manual,Petrol,Third Owner,No,Yes,No
Renault,Kwid,2021,0-20k,1000-1500cc,Good (18-24 km/l),Automatic,Diesel,First Owner,Yes,No,Yes
Maruti Suzuki,Swift,2006,80k-120k,1000-1500cc,Excellent (24+ km/l),Manual,CNG,Fourth & Above,No,No,No
Toyota,Innova,2022,0-20k,2000cc+,Average (12-18 km/l),Manual,Petrol,First Owner,Yes,Yes,Yes
Toyota,Fortuner,2022,0-20k,1500-2000cc,Good (18-24 km/l),Automatic,Petrol,First Owner,Yes,No,Yes
Renault,Kwid,2020,20k-50k,1000-1500cc,Average (12-18 km/l),Automatic,Diesel,First Owner,Yes,Yes,Yes
BMW,5 Series,2022,20k-50k,2000cc+,Average (12-18 km/l),Automatic,Hybrid,First Owner,Yes,Yes,Yes
Maruti Suzuki,WagonR,2011,80k-120k,1000-1500cc,Excellent (24+ km/l),Manual,CNG,Second Owner,No,Yes,No
Maruti Suzuki,Ertiga,2020,20k-50k,1000-1500cc,Good (18-24 km/l),Manual,Petrol,Second Owner,Yes,No,Yes
Kia,Seltos,2016,0-20k,1000-1500cc,Good (18-24 km/l),Manual,Diesel,Second Owner,Yes,No,Yes
Mahindra,Scorpio,2023,0-20k,1000-1500cc,Excellent (24+ km/l),Manual,Diesel,First Owner,Yes,No,Yes
Honda,City,2023,0-20k,1000-1500cc,Excellent (24+ km/l),Manual,Diesel,First Owner,Yes,No,Yes
Toyota,Yaris,2022,0-20k,1500-2000cc,Good (18-24 km/l),Automatic,Diesel,First Owner,Yes,No,Yes
Toyota,Innova,2023,0-20k,1500-2000cc,Average (12-18 km/l),Manual,Petrol,First Owner,Yes,No,Yes
BMW,5 Series,2017,80k-120k,2000cc+,Good (18-24 km/l),Manual,Diesel,First Owner,Yes,Yes,No
Mercedes-Benz,GLA,2023,0-20k,1500-2000cc,Average (12-18 km/l),Automatic,Diesel,First Owner,Yes,No,Yes
Ford,Figo,2017,80k-120k,1000-1500cc,Good (18-24 km/l),Manual,Diesel,First Owner,Yes,No,Yes
Hyundai,Venue,2022,0-20k,1500-2000cc,Good (18-24 km/l),Manual,Petrol,First Owner,Yes,No,Yes
Kia,Carens,2022,0-20k,1500-2000cc,Average (12-18 km/l),Manual,Petrol,First Owner,Yes,No,Yes
Maruti Suzuki,Baleno,2006,80k-120k,<1000cc,Excellent (24+ km/l),Automatic,Diesel,Second Owner,No,No,No
Hyundai,Venue,2018,0-20k,1000-1500cc,Good (18-24 km/l),Automatic,Petrol,Second Owner,Yes,No,Yes
Kia,Sonet,2006,120k+,1000-1500cc,Good (18-24 km/l),Manual,Petrol,Fourth & Above,No,Yes,No
Hyundai,i20,2023,0-20k,1000-1500cc,Good (18-24 km/l),Manual,Diesel,Second Owner,Yes,No,Yes
Hyundai,i20,2012,80k-120k,1000-1500cc,Good (18-24 km/l),Manual,Diesel,Fourth & Above,Yes,Yes,No
Maruti Suzuki,Ertiga,2020,20k-50k,1000-1500cc,Average (12-18 km/l),Automatic,Diesel,First Owner,Yes,Yes,Yes
Skoda,Kushaq,2022,20k-50k,1500-2000cc,Excellent (24+ km/l),Manual,CNG,First Owner,Yes,No,Yes
Mahindra,Thar,2014,80k-120k,1500-2000cc,Good (18-24 km/l),Manual,Petrol,First Owner,No,No,No
Toyota,Fortuner,2019,20k-50k,2000cc+,Average (12-18 km/l),Manual,Petrol,Third Owner,Yes,No,Yes
Hyundai,Creta,2021,50k-80k,1500-2000cc,Good (18-24 km/l),Automatic,Petrol,First Owner,Yes,Yes,Yes
Volkswagen,Taigun,2013,80k-120k,1000-1500cc,Good (18-24 km/l),Manual,Petrol,Second Owner,Yes,No,Yes
Volkswagen,Taigun,2022,0-20k,1000-1500cc,Good (18-24 km/l),Manual,Petrol,Second Owner,Yes,No,Yes
Hyundai,Verna,2016,80k-120k,<1000cc,Good (18-24 km/l),Manual,Diesel,Third Owner,Yes,Yes,No
Tata,Punch,2015,0-20k,1500-2000cc,Average (12-18 km/l),Manual,Petrol,First Owner,Yes,No,Yes
Hyundai,Creta,2020,0-20k,1000-1500cc,Good (18-24 km/l),Manual,Petrol,First Owner,Yes,No,Yes
Mercedes-Benz,GLA,2018,20k-50k,2000cc+,Average (12-18 km/l),Automatic,Petrol,Second Owner,Yes,No,No
Toyota,Innova,2023,0-20k,1500-2000cc,Good (18-24 km/l),Manual,Petrol,First Owner,No,No,Yes
BMW,X1,2023,0-20k,2000cc+,Average (12-18 km/l),Automatic,Diesel,First Owner,Yes,No,Yes
Hyundai,i20,2019,0-20k,1000-1500cc,Excellent (24+ km/l),Manual,Petrol,Third Owner,No,No,Yes
Renault,Duster,2017,50k-80k,1000-1500cc,Excellent (24+ km/l),Manual,Diesel,First Owner,No,No,Yes
Volkswagen,Vento,2017,50k-80k,1500-2000cc,Average (12-18 km/l),Manual,Petrol,First Owner,Yes,Yes,No
Ford,Endeavour,2016,20k-50k,1000-1500cc,Good (18-24 km/l),Manual,Petrol,First Owner,Yes,No,Yes
Audi,A4,2020,0-20k,2000cc+,Good (18-24 km/l),Manual,Petrol,First Owner,No,No,Yes
Tata,Altroz,2022,0-20k,1500-2000cc,Good (18-24 km/l),Manual,Petrol,First Owner,Yes,No,Yes
Maruti Suzuki,WagonR,2017,80k-120k,1000-1500cc,Good (18-24 km/l),Manual,Diesel,Second Owner,Yes,Yes,No
Toyota,Innova,2014,0-20k,1000-1500cc,Good (18-24 km/l),Manual,Petrol,Second Owner,Yes,No,Yes
Ford,Endeavour,2019,120k+,1000-1500cc,Excellent (24+ km/l),Manual,CNG,First Owner,Yes,No,Yes
Honda,City,2010,120k+,1000-1500cc,Good (18-24 km/l),Manual,Diesel,Second Owner,No,No,No
Hyundai,i20,2021,20k-50k,1000-1500cc,Good (18-24 km/l),Manual,Petrol,First Owner,Yes,No,Yes
Mahindra,Bolero,2020,120k+,1000-1500cc,Good (18-24 km/l),Automatic,Petrol,Second Owner,No,Yes,No
Hyundai,i10,2019,20k-50k,1000-1500cc,Good (18-24 km/l),Manual,Petrol,Second Owner,Yes,No,Yes
Tata,Punch,2017,20k-50k,1500-2000cc,Good (18-24 km/l),Manual,Petrol,First Owner,Yes,No,Yes
Toyota,Yaris,2023,0-20k,2000cc+,Good (18-24 km/l),Manual,Diesel,Second Owner,Yes,No,Yes
Volkswagen,Vento,2011,120k+,1000-1500cc,Good (18-24 km/l),Manual,Petrol,First Owner,No,No,No
Hyundai,i20,2023,0-20k,1500-2000cc,Good (18-24 km/l),Automatic,Diesel,First Owner,Yes,No,Yes
Tata,Nexon,2018,80k-120k,2000cc+,Good (18-24 km/l),Manual,Diesel,First Owner,Yes,No,Yes
Hyundai,Venue,2023,0-20k,1500-2000cc,Good (18-24 km/l),Automatic,Diesel,First Owner,Yes,Yes,Yes
Hyundai,i10,2022,0-20k,1000-1500cc,Good (18-24 km/l),Automatic,Diesel,Second Owner,Yes,No,Yes
Renault,Kwid,2011,120k+,1000-1500cc,Good (18-24 km/l),Manual,Diesel,Third Owner,No,Yes,No
Kia,Seltos,2022,20k-50k,1000-1500cc,Excellent (24+ km/l),Manual,Diesel,First Owner,Yes,No,Yes
Tata,Punch,2021,0-20k,1500-2000cc,Good (18-24 km/l),Manual,CNG,First Owner,Yes,No,Yes
Volkswagen,Vento,2007,50k-80k,1000-1500cc,Excellent (24+ km/l),Manual,Diesel,Third Owner,No,No,No
Kia,Sonet,2012,120k+,1000-1500cc,Excellent (24+ km/l),Manual,Petrol,Second Owner,Yes,No,No
Skoda,Kushaq,2021,80k-120k,1000-1500cc,Good (18-24 km/l),Manual,Petrol,First Owner,Yes,Yes,No
Hyundai,Creta,2021,20k-50k,1000-1500cc,Average (12-18 km/l),Manual,Petrol,First Owner,Yes,No,Yes
Audi,Q3,2022,20k-50k,2000cc+,Good (18-24 km/l),Automatic,Petrol,First Owner,Yes,Yes,Yes
Tata,Tiago,2022,0-20k,1500-2000cc,Good (18-24 km/l),Manual,Petrol,First Owner,Yes,No,Yes
Tata,Tiago,2021,20k-50k,2000cc+,Good (18-24 km/l),Manual,Petrol,First Owner,Yes,No,Yes
Maruti Suzuki,Swift,2022,20k-50k,1000-1500cc,Good (18-24 km/l),Automatic,Diesel,First Owner,Yes,No,Yes
Mahindra,Bolero,2020,20k-50k,1500-2000cc,Good (18-24 km/l),Manual,Petrol,First Owner,Yes,No,Yes
Maruti Suzuki,Baleno,2016,20k-50k,1500-2000cc,Average (12-18 km/l),Manual,Petrol,Second Owner,No,Yes,No
Hyundai,i20,2023,0-20k,1000-1500cc,Good (18-24 km/l),Manual,Petrol,First Owner,Yes,No,Yes
Hyundai,Verna,2006,120k+,1000-1500cc,Good (18-24 km/l),Manual,Diesel,Third Owner,Yes,No,No
Renault,Kwid,2018,20k-50k,<1000cc,Good (18-24 km/l),Manual,Diesel,Third Owner,Yes,No,Yes
Kia,Carens,2022,0-20k,<1000cc,Excellent (24+ km/l),Manual,CNG,First Owner,Yes,No,Yes
Hyundai,Creta,2018,80k-120k,1500-2000cc,Good (18-24 km/l),Manual,Petrol,First Owner,No,Yes,No
Skoda,Octavia,2007,80k-120k,1500-2000cc,Good (18-24 km/l),Manual,Petrol,Fourth & Above,No,Yes,No
Skoda,Kushaq,2010,120k+,1000-1500cc,Good (18-24 km/l),Manual,Petrol,Fourth & Above,No,Yes,No
Volkswagen,Vento,2021,0-20k,1000-1500cc,Good (18-24 km/l),Automatic,Petrol,First Owner,Yes,No,Yes
Maruti Suzuki,Alto,2023,0-20k,1000-1500cc,Good (18-24 km/l),Manual,Petrol,First Owner,Yes,No,Yes
Ford,Figo,2020,50k-80k,1000-1500cc,Good (18-24 km/l),Manual,Diesel,Third Owner,No,No,Yes
Audi,A4,2019,80k-120k,2000cc+,Average (12-18 km/l),Manual,Petrol,Third Owner,Yes,No,Yes
Ford,Figo,2017,50k-80k,1000-1500cc,Good (18-24 km/l),Manual,Petrol,First Owner,No,No,Yes
Tata,Altroz,2016,0-20k,1500-2000cc,Average (12-18 km/l),Manual,Diesel,Third Owner,No,No,Yes
Mahindra,XUV300,2007,80k-120k,2000cc+,Average (12-18 km/l),Automatic,Petrol,First Owner,No,Yes,No
Toyota,Glanza,2016,120k+,1000-1500cc,Excellent (24+ km/l),Manual,Electric,First Owner,No,Yes,No
Mahindra,XUV300,2019,20k-50k,1000-1500cc,Excellent (24+ km/l),Manual,CNG,First Owner,Yes,No,Yes
Maruti Suzuki,Swift,2014,120k+,1000-1500cc,Good (18-24 km/l),Manual,Diesel,Second Owner,Yes,Yes,No
Hyundai,Verna,2011,50k-80k,1000-1500cc,Good (18-24 km/l),Manual,Petrol,Third Owner,Yes,Yes,No
Renault,Duster,2021,20k-50k,1000-1500cc,Good (18-24 km/l),Automatic,Petrol,First Owner,Yes,No,Yes
Skoda,Rapid,2023,0-20k,1000-1500cc,Average (12-18 km/l),Manual,Petrol,First Owner,Yes,No,Yes
Maruti Suzuki,WagonR,2023,0-20k,1000-1500cc,Good (18-24 km/l),Manual,Petrol,First Owner,Yes,No,Yes
Audi,A4,2021,0-20k,2000cc+,Average (12-18 km/l),Manual,Petrol,First Owner,Yes,No,Yes
Tata,Harrier,2009,80k-120k,1500-2000cc,Good (18-24 km/l),Manual,Petrol,Second Owner,Yes,Yes,No
Toyota,Innova,2022,0-20k,1000-1500cc,Good (18-24 km/l),Manual,Diesel,First Owner,No,Yes,Yes
Volkswagen,Vento,2012,120k+,<1000cc,Good (18-24 km/l),Manual,Petrol,Third Owner,No,No,No
Renault,Duster,2021,0-20k,1000-1500cc,Good (18-24 km/l),Automatic,Diesel,First Owner,Yes,No,Yes
Audi,Q3,2022,0-20k,2000cc+,Average (12-18 km/l),Automatic,Diesel,First Owner,Yes,No,Yes
Hyundai,i20,2022,0-20k,1000-1500cc,Excellent (24+ km/l),Manual,CNG,First Owner,Yes,No,Yes
Skoda,Rapid,2023,0-20k,1000-1500cc,Good (18-24 km/l),Manual,Diesel,Second Owner,Yes,No,Yes
Maruti Suzuki,Baleno,2022,0-20k,1000-1500cc,Good (18-24 km/l),Manual,Petrol,First Owner,Yes,No,Yes
Ford,EcoSport,2021,50k-80k,1500-2000cc,Average (12-18 km/l),Automatic,Diesel,First Owner,Yes,No,Yes
Volkswagen,Polo,2016,80k-120k,1000-1500cc,Good (18-24 km/l),Manual,Diesel,Third Owner,No,No,No
Toyota,Innova,2023,0-20k,1000-1500cc,Excellent (24+ km/l),Automatic,CNG,First Owner,Yes,No,Yes
Hyundai,Verna,2014,20k-50k,1000-1500cc,Excellent (24+ km/l),Manual,Diesel,Third Owner,No,No,Yes
Kia,Sonet,2023,20k-50k,1500-2000cc,Good (18-24 km/l),Manual,Petrol,First Owner,No,No,Yes
Maruti Suzuki,Ertiga,2017,0-20k,1000-1500cc,Good (18-24 km/l),Manual,Petrol,Third Owner,No,No,Yes
Maruti Suzuki,Swift,2012,120k+,1000-1500cc,Good (18-24 km/l),Manual,Diesel,Third Owner,Yes,Yes,No
Ford,Endeavour,2022,50k-80k,1000-1500cc,Excellent (24+ km/l),Manual,CNG,First Owner,Yes,No,Yes
Mahindra,Thar,2005,120k+,2000cc+,Good (18-24 km/l),Manual,CNG,Second Owner,No,Yes,No
Skoda,Octavia,2022,20k-50k,1000-1500cc,Good (18-24 km/l),Manual,Petrol,First Owner,No,No,Yes
Tata,Altroz,2016,80k-120k,2000cc+,Good (18-24 km/l),Manual,Diesel,First Owner,Yes,Yes,Yes
Maruti Suzuki,WagonR,2023,0-20k,1000-1500cc,Good (18-24 km/l),Manual,Petrol,Second Owner,No,No,Yes
Skoda,Rapid,2021,20k-50k,1000-1500cc,Good (18-24 km/l),Manual,Petrol,First Owner,Yes,No,Yes
Honda,Amaze,2021,20k-50k,1000-1500cc,Good (18-24 km/l),Automatic,Petrol,First Owner,Yes,No,Yes
Hyundai,i10,2018,20k-50k,1000-1500cc,Good (18-24 km/l),Manual,Diesel,Second Owner,No,No,No
Ford,EcoSport,2009,20k-50k,1000-1500cc,Good (18-24 km/l),Manual,Diesel,Third Owner,No,No,No
Mahindra,XUV500,2022,20k-50k,2000cc+,Average (12-18 km/l),Manual,Petrol,First Owner,Yes,No,Yes
Honda,City,2014,20k-50k,1000-1500cc,Excellent (24+ km/l),Manual,Diesel,First Owner,Yes,No,Yes
Mahindra,Thar,2018,120k+,2000cc+,Good (18-24 km/l),Manual,Petrol,Fourth & Above,Yes,Yes,No
Renault,Triber,2020,20k-50k,1000-1500cc,Good (18-24 km/l),Automatic,Diesel,Second Owner,Yes,No,Yes
Renault,Duster,2019,120k+,1000-1500cc,Average (12-18 km/l),Automatic,Petrol,Third Owner,No,Yes,No
Ford,EcoSport,2014,80k-120k,1500-2000cc,Good (18-24 km/l),Manual,Petrol,First Owner,Yes,Yes,No
Maruti Suzuki,WagonR,2013,50k-80k,1000-1500cc,Good (18-24 km/l),Manual,Petrol,First Owner,No,No,No
Skoda,Kushaq,2012,120k+,1000-1500cc,Good (18-24 km/l),Manual,Diesel,First Owner,Yes,Yes,No
Toyota,Innova,2023,20k-50k,1500-2000cc,Excellent (24+ km/l),Manual,Diesel,First Owner,Yes,No,Yes
Ford,EcoSport,2007,120k+,1000-1500cc,Good (18-24 km/l),Manual,Petrol,Second Owner,No,Yes,No
Tata,Harrier,2023,0-20k,1500-2000cc,Good (18-24 km/l),Manual,Petrol,First Owner,Yes,No,Yes
Kia,Seltos,2014,80k-120k,1500-2000cc,Good (18-24 km/l),Manual,Petrol,First Owner,No,No,No
Ford,Figo,2012,50k-80k,1000-1500cc,Excellent (24+ km/l),Manual,Diesel,Fourth & Above,No,Yes,No
Maruti Suzuki,Swift,2020,20k-50k,1000-1500cc,Good (18-24 km/l),Manual,Petrol,Second Owner,Yes,Yes,Yes
Tata,Punch,2010,120k+,1000-1500cc,Good (18-24 km/l),Manual,Petrol,Fourth & Above,No,Yes,No
Kia,Carens,2020,80k-120k,1000-1500cc,Excellent (24+ km/l),Manual,Diesel,Second Owner,Yes,Yes,Yes
Maruti Suzuki,WagonR,2023,0-20k,<1000cc,Good (18-24 km/l),Automatic,Petrol,First Owner,Yes,No,Yes
Audi,Q3,2009,120k+,1500-2000cc,Good (18-24 km/l),Automatic,Diesel,Second Owner,No,Yes,No
Toyota,Fortuner,2022,0-20k,1500-2000cc,Average (12-18 km/l),Automatic,Petrol,First Owner,Yes,No,Yes
Toyota,Fortuner,2018,50k-80k,1500-2000cc,Good (18-24 km/l),Manual,Diesel,First Owner,Yes,No,Yes
Hyundai,Venue,2013,50k-80k,1000-1500cc,Excellent (24+ km/l),Manual,CNG,First Owner,Yes,Yes,Yes
Hyundai,Verna,2014,50k-80k,1000-1500cc,Good (18-24 km/l),Manual,Petrol,Third Owner,No,No,No
BMW,5 Series,2023,0-20k,2000cc+,Average (12-18 km/l),Automatic,Diesel,First Owner,Yes,No,Yes
Hyundai,Venue,2012,120k+,1000-1500cc,Good (18-24 km/l),Manual,Petrol,Second Owner,No,Yes,No
Volkswagen,Polo,2023,0-20k,1000-1500cc,Excellent (24+ km/l),Automatic,CNG,First Owner,Yes,No,Yes
Tata,Nexon,2020,0-20k,2000cc+,Good (18-24 km/l),Manual,Petrol,First Owner,Yes,Yes,Yes
Maruti Suzuki,Swift,2008,0-20k,1000-1500cc,Good (18-24 km/l),Automatic,Diesel,Second Owner,No,No,No
Maruti Suzuki,Alto,2019,50k-80k,1000-1500cc,Good (18-24 km/l),Manual,Petrol,First Owner,Yes,No,Yes
Honda,Amaze,2022,0-20k,1000-1500cc,Good (18-24 km/l),Manual,Petrol,First Owner,Yes,No,Yes
Mercedes-Benz,GLA,2022,0-20k,1500-2000cc,Good (18-24 km/l),Automatic,Diesel,First Owner,Yes,No,Yes
Tata,Punch,2019,0-20k,1000-1500cc,Good (18-24 km/l),Manual,Diesel,First Owner,Yes,Yes,Yes
Tata,Punch,2023,0-20k,1000-1500cc,Good (18-24 km/l),Automatic,Diesel,First Owner,No,No,Yes
Tata,Altroz,2012,80k-120k,1000-1500cc,Good (18-24 km/l),Manual,Petrol,First Owner,No,No,Yes
Mahindra,Thar,2023,0-20k,1000-1500cc,Good (18-24 km/l),Automatic,Diesel,First Owner,Yes,No,Yes
Mahindra,XUV500,2022,20k-50k,2000cc+,Good (18-24 km/l),Manual,Petrol,First Owner,Yes,No,Yes
Kia,Carens,2021,0-20k,1000-1500cc,Good (18-24 km/l),Manual,Diesel,Second Owner,Yes,No,Yes
Mahindra,Scorpio,2022,20k-50k,2000cc+,Good (18-24 km/l),Manual,Diesel,First Owner,Yes,No,Yes
Mahindra,XUV500,2020,50k-80k,2000cc+,Average (12-18 km/l),Manual,Petrol,First Owner,No,No,Yes
Maruti Suzuki,Alto,2021,50k-80k,1000-1500cc,Good (18-24 km/l),Manual,Diesel,First Owner,No,No,Yes
Mercedes-Benz,C-Class,2020,20k-50k,2000cc+,Average (12-18 km/l),Automatic,Hybrid,First Owner,Yes,No,Yes
Hyundai,Creta,2017,80k-120k,1000-1500cc,Good (18-24 km/l),Manual,Petrol,First Owner,Yes,No,Yes
Maruti Suzuki,Baleno,2020,20k-50k,1000-1500cc,Good (18-24 km/l),Automatic,Petrol,First Owner,Yes,No,Yes
Toyota,Fortuner,2016,80k-120k,2000cc+,Good (18-24 km/l),Manual,Petrol,Second Owner,Yes,Yes,No
Honda,Amaze,2019,20k-50k,<1000cc,Excellent (24+ km/l),Manual,Diesel,First Owner,No,No,Yes
Tata,Nexon,2016,50k-80k,1000-1500cc,Good (18-24 km/l),Manual,Petrol,Second Owner,Yes,No,Yes
Tata,Tiago,2012,120k+,1000-1500cc,Good (18-24 km/l),Manual,Diesel,Third Owner,No,No,No
Renault,Triber,2017,0-20k,1000-1500cc,Excellent (24+ km/l),Manual,CNG,Second Owner,Yes,Yes,Yes
Hyundai,i20,2023,0-20k,1000-1500cc,Average (12-18 km/l),Automatic,Petrol,First Owner,Yes,No,Yes
Renault,Triber,2018,50k-80k,1000-1500cc,Excellent (24+ km/l),Manual,CNG,Second Owner,Yes,Yes,No
Toyota,Fortuner,2022,0-20k,1500-2000cc,Excellent (24+ km/l),Automatic,CNG,First Owner,Yes,No,Yes
Tata,Tiago,2014,80k-120k,2000cc+,Good (18-24 km/l),Manual,Diesel,Second Owner,Yes,Yes,No
Mahindra,Scorpio,2018,20k-50k,2000cc+,Good (18-24 km/l),Manual,Petrol,Second Owner,Yes,Yes,Yes
Hyundai,i10,2012,50k-80k,<1000cc,Good (18-24 km/l),Manual,Petrol,Second Owner,No,Yes,No
Volkswagen,Vento,2013,80k-120k,1000-1500cc,Average (12-18 km/l),Manual,Petrol,Second Owner,Yes,No,Yes
Mahindra,XUV300,2021,50k-80k,1500-2000cc,Good (18-24 km/l),Manual,Petrol,First Owner,Yes,No,Yes
Tata,Punch,2021,80k-120k,1000-1500cc,Good (18-24 km/l),Manual,Diesel,First Owner,No,No,Yes
Honda,Amaze,2015,50k-80k,<1000cc,Good (18-24 km/l),Automatic,Diesel,Third Owner,Yes,Yes,No
Mercedes-Benz,GLA,2019,20k-50k,1500-2000cc,Average (12-18 km/l),Automatic,Diesel,Third Owner,No,No,No
Mahindra,XUV500,2023,0-20k,2000cc+,Average (12-18 km/l),Manual,Diesel,First Owner,No,No,Yes
BMW,X1,2014,0-20k,1500-2000cc,Good (18-24 km/l),Manual,Petrol,Second Owner,Yes,No,Yes
Tata,Punch,2006,120k+,1500-2000cc,Good (18-24 km/l),Manual,Petrol,Third Owner,Yes,No,No
Maruti Suzuki,Baleno,2021,0-20k,1000-1500cc,Good (18-24 km/l),Automatic,Petrol,Second Owner,No,No,Yes
Hyundai,i20,2009,50k-80k,1000-1500cc,Good (18-24 km/l),Manual,Petrol,Second Owner,Yes,Yes,No
Tata,Nexon,2023,0-20k,2000cc+,Average (12-18 km/l),Manual,Petrol,First Owner,Yes,No,Yes
Hyundai,Verna,2021,0-20k,1000-1500cc,Average (12-18 km/l),Automatic,Diesel,First Owner,Yes,No,Yes
Maruti Suzuki,Alto,2019,50k-80k,1000-1500cc,Excellent (24+ km/l),Manual,Petrol,First Owner,Yes,Yes,Yes
BMW,5 Series,2019,20k-50k,1500-2000cc,Average (12-18 km/l),Automatic,Petrol,Second Owner,Yes,No,Yes
Skoda,Kushaq,2020,20k-50k,1000-1500cc,Excellent (24+ km/l),Automatic,CNG,Second Owner,No,No,Yes
Volkswagen,Polo,2011,120k+,<1000cc,Good (18-24 km/l),Manual,Hybrid,Second Owner,No,No,No
Maruti Suzuki,Swift,2023,0-20k,1000-1500cc,Good (18-24 km/l),Manual,Petrol,First Owner,Yes,No,Yes
Maruti Suzuki,Dzire,2021,20k-50k,1000-1500cc,Good (18-24 km/l),Manual,Petrol,First Owner,No,No,Yes
Maruti Suzuki,WagonR,2014,50k-80k,<1000cc,Average (12-18 km/l),Manual,Petrol,Fourth & Above,No,No,No
Ford,Figo,2020,50k-80k,1000-1500cc,Good (18-24 km/l),Automatic,Petrol,Second Owner,No,No,No
BMW,5 Series,2012,20k-50k,2000cc+,Good (18-24 km/l),Manual,Diesel,First Owner,Yes,No,Yes
Mahindra,XUV500,2006,120k+,1000-1500cc,Average (12-18 km/l),Manual,Diesel,Third Owner,Yes,Yes,No
Maruti Suzuki,Baleno,2021,0-20k,1000-1500cc,Good (18-24 km/l),Automatic,Petrol,First Owner,Yes,No,Yes
Mahindra,XUV300,2021,0-20k,1500-2000cc,Good (18-24 km/l),Manual,Diesel,First Owner,No,No,Yes
Tata,Altroz,2020,20k-50k,1000-1500cc,Good (18-24 km/l),Manual,Petrol,Fourth & Above,Yes,No,Yes
Tata,Harrier,2014,50k-80k,1500-2000cc,Excellent (24+ km/l),Manual,Electric,Third Owner,No,Yes,No
Toyota,Yaris,2020,20k-50k,2000cc+,Good (18-24 km/l),Manual,Petrol,Second Owner,Yes,Yes,Yes
Ford,EcoSport,2009,20k-50k,1000-1500cc,Excellent (24+ km/l),Manual,CNG,First Owner,No,Yes,No
Maruti Suzuki,Ertiga,2021,50k-80k,1000-1500cc,Good (18-24 km/l),Manual,Petrol,First Owner,No,No,Yes
Maruti Suzuki,WagonR,2020,20k-50k,1000-1500cc,Good (18-24 km/l),Manual,Petrol,Second Owner,No,No,Yes
Mercedes-Benz,C-Class,2021,50k-80k,2000cc+,Average (12-18 km/l),Automatic,Petrol,First Owner,Yes,Yes,No
Hyundai,i10,2023,0-20k,1000-1500cc,Good (18-24 km/l),Automatic,CNG,First Owner,Yes,No,Yes
Maruti Suzuki,WagonR,2023,0-20k,1000-1500cc,Good (18-24 km/l),Automatic,Diesel,First Owner,Yes,No,Yes
Hyundai,Creta,2023,0-20k,1500-2000cc,Good (18-24 km/l),Manual,Diesel,First Owner,Yes,No,Yes
Maruti Suzuki,Ertiga,2023,0-20k,1500-2000cc,Good (18-24 km/l),Manual,Petrol,First Owner,Yes,No,Yes
Tata,Tiago,2022,0-20k,2000cc+,Average (12-18 km/l),Manual,Petrol,First Owner,Yes,No,Yes
Renault,Triber,2023,0-20k,<1000cc,Good (18-24 km/l),Automatic,Petrol,First Owner,Yes,No,Yes
Tata,Tiago,2023,0-20k,2000cc+,Good (18-24 km/l),Manual,Diesel,First Owner,Yes,No,Yes
Mahindra,Scorpio,2022,0-20k,2000cc+,Excellent (24+ km/l),Manual,CNG,First Owner,Yes,No,Yes
Toyota,Yaris,2010,120k+,2000cc+,Average (12-18 km/l),Automatic,Petrol,Fourth & Above,No,No,No
Mahindra,Thar,2009,120k+,2000cc+,Average (12-18 km/l),Manual,Petrol,Third Owner,Yes,Yes,No
Skoda,Rapid,2022,0-20k,1000-1500cc,Good (18-24 km/l),Automatic,Diesel,First Owner,Yes,No,Yes
Skoda,Octavia,2019,20k-50k,1000-1500cc,Good (18-24 km/l),Manual,Petrol,Second Owner,Yes,No,Yes
Maruti Suzuki,WagonR,2022,0-20k,1000-1500cc,Good (18-24 km/l),Manual,Diesel,First Owner,No,No,Yes
Volkswagen,Taigun,2017,20k-50k,1000-1500cc,Good (18-24 km/l),Manual,Petrol,First Owner,Yes,No,Yes
Mahindra,Scorpio,2018,20k-50k,2000cc+,Good (18-24 km/l),Manual,Diesel,Second Owner,No,No,Yes
Mercedes-Benz,C-Class,2021,50k-80k,1500-2000cc,Good (18-24 km/l),Manual,Diesel,First Owner,Yes,No,Yes
Mahindra,Thar,2023,0-20k,1000-1500cc,Good (18-24 km/l),Automatic,Diesel,First Owner,Yes,No,Yes
Mercedes-Benz,C-Class,2011,120k+,2000cc+,Average (12-18 km/l),Automatic,Petrol,First Owner,Yes,Yes,No
Volkswagen,Vento,2023,0-20k,1000-1500cc,Good (18-24 km/l),Manual,Petrol,First Owner,Yes,No,Yes
Hyundai,Venue,2022,20k-50k,1000-1500cc,Good (18-24 km/l),Automatic,Petrol,First Owner,Yes,Yes,Yes
Honda,Jazz,2017,20k-50k,1000-1500cc,Good (18-24 km/l),Manual,Diesel,First Owner,Yes,Yes,Yes
Mercedes-Benz,C-Class,2017,20k-50k,1500-2000cc,Good (18-24 km/l),Manual,Petrol,First Owner,No,No,Yes
Skoda,Kushaq,2008,120k+,1000-1500cc,Excellent (24+ km/l),Manual,CNG,Second Owner,No,Yes,No
Maruti Suzuki,Dzire,2006,120k+,1500-2000cc,Excellent (24+ km/l),Manual,CNG,Third Owner,No,Yes,No
Ford,Figo,2019,80k-120k,1500-2000cc,Good (18-24 km/l),Automatic,Petrol,First Owner,Yes,No,Yes
Tata,Tiago,2011,120k+,1500-2000cc,Good (18-24 km/l),Automatic,Diesel,Third Owner,No,Yes,No
Maruti Suzuki,Ertiga,2014,0-20k,1000-1500cc,Good (18-24 km/l),Manual,Diesel,Third Owner,Yes,No,Yes
Tata,Tiago,2022,0-20k,2000cc+,Average (12-18 km/l),Manual,Petrol,First Owner,Yes,No,Yes
Hyundai,Creta,2020,50k-80k,1000-1500cc,Good (18-24 km/l),Automatic,Petrol,Second Owner,No,Yes,No
Renault,Kwid,2021,20k-50k,1000-1500cc,Good (18-24 km/l),Manual,Petrol,First Owner,Yes,Yes,Yes
Tata,Punch,2014,80k-120k,1500-2000cc,Excellent (24+ km/l),Manual,Diesel,Second Owner,Yes,Yes,No
Renault,Triber,2022,20k-50k,1500-2000cc,Good (18-24 km/l),Manual,Petrol,First Owner,Yes,No,Yes
Maruti Suzuki,WagonR,2023,0-20k,<1000cc,Good (18-24 km/l),Automatic,Diesel,Second Owner,Yes,No,Yes
Hyundai,Creta,2020,20k-50k,1000-1500cc,Excellent (24+ km/l),Automatic,CNG,Second Owner,No,No,Yes
Hyundai,Creta,2023,0-20k,1000-1500cc,Good (18-24 km/l),Automatic,Diesel,First Owner,Yes,No,Yes
Hyundai,i10,2022,0-20k,<1000cc,Good (18-24 km/l),Manual,Hybrid,First Owner,Yes,No,Yes
Maruti Suzuki,Alto,2022,20k-50k,1000-1500cc,Good (18-24 km/l),Manual,Diesel,First Owner,Yes,No,Yes
Hyundai,Verna,2022,0-20k,1000-1500cc,Good (18-24 km/l),Automatic,Petrol,First Owner,Yes,Yes,Yes
Honda,Amaze,2011,80k-120k,1000-1500cc,Excellent (24+ km/l),Manual,CNG,Second Owner,No,No,No
Hyundai,Verna,2016,80k-120k,<1000cc,Good (18-24 km/l),Manual,Petrol,Second Owner,Yes,No,Yes
Tata,Altroz,2010,120k+,2000cc+,Average (12-18 km/l),Manual,Hybrid,Fourth & Above,No,Yes,No
Tata,Harrier,2005,120k+,1500-2000cc,Good (18-24 km/l),Manual,Petrol,Second Owner,Yes,Yes,No
Kia,Seltos,2013,120k+,1000-1500cc,Excellent (24+ km/l),Manual,Electric,Third Owner,No,Yes,No
Kia,Seltos,2023,0-20k,1000-1500cc,Good (18-24 km/l),Manual,Petrol,First Owner,Yes,No,Yes
Mahindra,Scorpio,2015,120k+,2000cc+,Good (18-24 km/l),Automatic,Petrol,Third Owner,No,Yes,No
Tata,Tiago,2023,0-20k,1500-2000cc,Average (12-18 km/l),Manual,Petrol,First Owner,Yes,No,Yes
Maruti Suzuki,Dzire,2020,0-20k,1000-1500cc,Good (18-24 km/l),Automatic,Petrol,First Owner,Yes,No,Yes
Audi,Q3,2015,0-20k,1500-2000cc,Good (18-24 km/l),Automatic,Diesel,Fourth & Above,No,Yes,No
Maruti Suzuki,Ertiga,2019,20k-50k,1500-2000cc,Average (12-18 km/l),Manual,Petrol,First Owner,Yes,No,Yes
Hyundai,Verna,2015,80k-120k,<1000cc,Good (18-24 km/l),Manual,Diesel,Second Owner,No,Yes,No
Hyundai,Verna,2023,0-20k,1000-1500cc,Good (18-24 km/l),Manual,Diesel,First Owner,Yes,No,Yes
Tata,Altroz,2022,0-20k,2000cc+,Good (18-24 km/l),Manual,Diesel,First Owner,Yes,No,Yes
Maruti Suzuki,Swift,2007,120k+,1000-1500cc,Good (18-24 km/l),Automatic,Diesel,First Owner,No,Yes,No
Renault,Duster,2023,0-20k,1500-2000cc,Average (12-18 km/l),Automatic,Petrol,First Owner,Yes,No,Yes
Maruti Suzuki,Baleno,2022,50k-80k,1500-2000cc,Good (18-24 km/l),Manual,Petrol,First Owner,Yes,No,Yes
Toyota,Fortuner,2010,80k-120k,2000cc+,Average (12-18 km/l),Manual,Petrol,Second Owner,No,Yes,No
Maruti Suzuki,WagonR,2021,20k-50k,1000-1500cc,Good (18-24 km/l),Manual,Petrol,First Owner,Yes,No,Yes
Maruti Suzuki,WagonR,2021,0-20k,<1000cc,Good (18-24 km/l),Manual,Petrol,First Owner,Yes,Yes,Yes
Kia,Carens,2015,20k-50k,1000-1500cc,Excellent (24+ km/l),Manual,Electric,Second Owner,No,Yes,No
Hyundai,Creta,2022,0-20k,1000-1500cc,Average (12-18 km/l),Automatic,Petrol,First Owner,Yes,No,Yes
Renault,Duster,2011,80k-120k,1000-1500cc,Good (18-24 km/l),Manual,Petrol,Third Owner,No,Yes,No
Honda,Amaze,2019,50k-80k,<1000cc,Good (18-24 km/l),Manual,Diesel,First Owner,No,No,No
Maruti Suzuki,Swift,2006,120k+,1000-1500cc,Excellent (24+ km/l),Manual,CNG,First Owner,Yes,No,Yes
Audi,A4,2023,0-20k,2000cc+,Average (12-18 km/l),Automatic,Hybrid,First Owner,Yes,No,Yes
Hyundai,i20,2022,0-20k,<1000cc,Excellent (24+ km/l),Automatic,Diesel,First Owner,No,No,Yes
Skoda,Kushaq,2013,50k-80k,1000-1500cc,Good (18-24 km/l),Automatic,Petrol,Third Owner,No,Yes,No
Maruti Suzuki,Baleno,2017,50k-80k,1000-1500cc,Good (18-24 km/l),Manual,Petrol,First Owner,Yes,Yes,No
Skoda,Rapid,2013,80k-120k,1000-1500cc,Good (18-24 km/l),Manual,Diesel,First Owner,Yes,Yes,No
Maruti Suzuki,Baleno,2022,0-20k,1000-1500cc,Average (12-18 km/l),Automatic,Petrol,First Owner,Yes,No,Yes
Mahindra,XUV500,2009,80k-120k,2000cc+,Average (12-18 km/l),Manual,Petrol,Second Owner,No,Yes,No
Volkswagen,Polo,2022,20k-50k,<1000cc,Excellent (24+ km/l),Manual,CNG,First Owner,Yes,Yes,Yes
BMW,5 Series,2023,0-20k,1500-2000cc,Good (18-24 km/l),Automatic,Petrol,First Owner,Yes,No,Yes
Kia,Sonet,2021,20k-50k,1000-1500cc,Good (18-24 km/l),Automatic,Petrol,First Owner,Yes,No,Yes
Renault,Kwid,2015,50k-80k,1000-1500cc,Good (18-24 km/l),Manual,Diesel,First Owner,No,No,No
Kia,Seltos,2018,50k-80k,<1000cc,Good (18-24 km/l),Manual,Petrol,Second Owner,Yes,No,Yes
Hyundai,i10,2019,50k-80k,1000-1500cc,Average (12-18 km/l),Manual,Petrol,First Owner,Yes,Yes,Yes
Hyundai,i10,2020,0-20k,1000-1500cc,Excellent (24+ km/l),Manual,CNG,First Owner,Yes,No,Yes
Hyundai,Creta,2021,80k-120k,<1000cc,Good (18-24 km/l),Automatic,Diesel,First Owner,Yes,Yes,No
Tata,Harrier,2020,0-20k,1000-1500cc,Good (18-24 km/l),Manual,Petrol,Second Owner,Yes,No,Yes
Tata,Altroz,2017,120k+,1500-2000cc,Good (18-24 km/l),Manual,Petrol,Second Owner,Yes,Yes,No
Honda,Amaze,2023,0-20k,1000-1500cc,Excellent (24+ km/l),Manual,Diesel,First Owner,Yes,No,Yes
Maruti Suzuki,Alto,2010,120k+,1000-1500cc,Good (18-24 km/l),Manual,Diesel,First Owner,No,Yes,No
Ford,EcoSport,2019,0-20k,1500-2000cc,Good (18-24 km/l),Manual,Diesel,First Owner,No,No,Yes
Maruti Suzuki,Dzire,2022,20k-50k,1000-1500cc,Good (18-24 km/l),Manual,Diesel,First Owner,Yes,Yes,Yes
Hyundai,i10,2009,80k-120k,<1000cc,Excellent (24+ km/l),Manual,Diesel,Fourth & Above,No,Yes,No
Mahindra,XUV300,2021,20k-50k,2000cc+,Good (18-24 km/l),Manual,CNG,First Owner,Yes,No,Yes
Renault,Kwid,2022,20k-50k,1500-2000cc,Good (18-24 km/l),Automatic,Diesel,First Owner,Yes,No,Yes
Volkswagen,Polo,2021,20k-50k,1500-2000cc,Good (18-24 km/l),Manual,Petrol,First Owner,Yes,No,Yes
Toyota,Fortuner,2006,120k+,1000-1500cc,Excellent (24+ km/l),Manual,CNG,First Owner,No,Yes,No
Maruti Suzuki,Baleno,2014,120k+,1500-2000cc,Good (18-24 km/l),Manual,Petrol,Second Owner,Yes,Yes,No
Honda,WR-V,2017,0-20k,1500-2000cc,Excellent (24+ km/l),Automatic,CNG,Second Owner,Yes,No,Yes
Maruti Suzuki,WagonR,2015,0-20k,1500-2000cc,Good (18-24 km/l),Manual,Diesel,Second Owner,No,Yes,No
Tata,Punch,2023,0-20k,1500-2000cc,Good (18-24 km/l),Manual,Petrol,First Owner,Yes,No,Yes
Tata,Nexon,2021,20k-50k,1000-1500cc,Good (18-24 km/l),Automatic,Diesel,Second Owner,Yes,No,Yes
Maruti Suzuki,Swift,2016,20k-50k,1000-1500cc,Good (18-24 km/l),Manual,Petrol,First Owner,No,Yes,No
Hyundai,Verna,2023,0-20k,1000-1500cc,Average (12-18 km/l),Automatic,Hybrid,First Owner,Yes,No,Yes
Audi,Q3,2022,20k-50k,2000cc+,Low (<12 km/l),Automatic,Petrol,First Owner,Yes,No,Yes
Audi,Q3,2016,80k-120k,2000cc+,Average (12-18 km/l),Automatic,Petrol,Fourth & Above,Yes,No,No
Tata,Nexon,2018,0-20k,1500-2000cc,Average (12-18 km/l),Manual,Petrol,Fourth & Above,Yes,No,No
Maruti Suzuki,Baleno,2014,120k+,1000-1500cc,Average (12-18 km/l),Manual,Petrol,First Owner,No,Yes,No
Maruti Suzuki,Swift,2023,0-20k,1000-1500cc,Good (18-24 km/l),Manual,Diesel,First Owner,Yes,No,Yes
Tata,Altroz,2020,0-20k,1000-1500cc,Good (18-24 km/l),Manual,Petrol,First Owner,Yes,No,Yes
Audi,A4,2023,0-20k,2000cc+,Good (18-24 km/l),Automatic,Petrol,First Owner,Yes,No,Yes
Maruti Suzuki,Baleno,2017,80k-120k,1000-1500cc,Good (18-24 km/l),Automatic,Petrol,Second Owner,Yes,Yes,Yes
Volkswagen,Polo,2023,0-20k,1000-1500cc,Good (18-24 km/l),Manual,Diesel,First Owner,Yes,No,Yes
Maruti Suzuki,Baleno,2009,80k-120k,1000-1500cc,Good (18-24 km/l),Manual,Petrol,Second Owner,Yes,Yes,No
Mercedes-Benz,GLA,2023,0-20k,2000cc+,Average (12-18 km/l),Manual,Petrol,First Owner,Yes,Yes,Yes
Tata,Punch,2023,0-20k,1500-2000cc,Average (12-18 km/l),Manual,Petrol,First Owner,Yes,No,Yes
Volkswagen,Taigun,2018,20k-50k,1000-1500cc,Good (18-24 km/l),Manual,Diesel,First Owner,No,No,Yes
Tata,Altroz,2022,0-20k,2000cc+,Good (18-24 km/l),Automatic,Diesel,First Owner,Yes,No,Yes
Toyota,Glanza,2022,20k-50k,1000-1500cc,Good (18-24 km/l),Automatic,Diesel,First Owner,No,No,Yes
Hyundai,i20,2023,0-20k,1000-1500cc,Good (18-24 km/l),Manual,Petrol,First Owner,Yes,No,Yes
Maruti Suzuki,WagonR,2017,80k-120k,1000-1500cc,Good (18-24 km/l),Manual,Diesel,First Owner,Yes,Yes,Yes
BMW,5 Series,2019,80k-120k,1500-2000cc,Average (12-18 km/l),Manual,Petrol,Second Owner,Yes,No,No
BMW,5 Series,2023,0-20k,2000cc+,Average (12-18 km/l),Automatic,Petrol,Second Owner,Yes,No,Yes
Kia,Carens,2022,20k-50k,1000-1500cc,Average (12-18 km/l),Manual,Petrol,First Owner,Yes,No,Yes
Toyota,Innova,2018,0-20k,2000cc+,Good (18-24 km/l),Manual,Petrol,First Owner,Yes,No,Yes
Renault,Triber,2022,0-20k,1000-1500cc,Good (18-24 km/l),Manual,Petrol,First Owner,Yes,No,Yes
Maruti Suzuki,WagonR,2008,120k+,1000-1500cc,Good (18-24 km/l),Manual,Diesel,Fourth & Above,Yes,Yes,No
Tata,Punch,2022,0-20k,1000-1500cc,Excellent (24+ km/l),Automatic,CNG,First Owner,Yes,No,Yes
Hyundai,i20,2015,50k-80k,1000-1500cc,Good (18-24 km/l),Manual,Petrol,First Owner,Yes,Yes,No
Toyota,Innova,2016,50k-80k,1500-2000cc,Good (18-24 km/l),Manual,Petrol,Fourth & Above,Yes,No,No
Tata,Harrier,2019,20k-50k,1000-1500cc,Good (18-24 km/l),Manual,Petrol,Second Owner,Yes,No,Yes
Maruti Suzuki,Dzire,2019,20k-50k,1500-2000cc,Good (18-24 km/l),Manual,Petrol,Second Owner,No,Yes,No
Honda,Amaze,2020,20k-50k,1500-2000cc,Excellent (24+ km/l),Manual,CNG,Second Owner,No,Yes,No
Renault,Kwid,2020,50k-80k,1500-2000cc,Good (18-24 km/l),Manual,Hybrid,First Owner,Yes,No,Yes
Tata,Harrier,2017,0-20k,2000cc+,Good (18-24 km/l),Manual,Petrol,Second Owner,Yes,No,Yes
Maruti Suzuki,Swift,2014,20k-50k,1000-1500cc,Good (18-24 km/l),Manual,Petrol,Second Owner,Yes,No,Yes
Hyundai,Creta,2022,20k-50k,1000-1500cc,Good (18-24 km/l),Automatic,Diesel,First Owner,Yes,No,Yes
Hyundai,Verna,2018,50k-80k,1000-1500cc,Excellent (24+ km/l),Manual,Petrol,First Owner,Yes,No,Yes
Hyundai,Creta,2019,0-20k,<1000cc,Good (18-24 km/l),Manual,Diesel,Fourth & Above,No,No,Yes
Toyota,Glanza,2021,0-20k,1000-1500cc,Good (18-24 km/l),Automatic,Diesel,First Owner,Yes,Yes,Yes
Honda,City,2023,0-20k,1000-1500cc,Excellent (24+ km/l),Manual,CNG,First Owner,Yes,Yes,Yes
Ford,Figo,2021,20k-50k,1500-2000cc,Good (18-24 km/l),Manual,Diesel,First Owner,No,No,Yes
Tata,Nexon,2008,120k+,2000cc+,Good (18-24 km/l),Manual,Petrol,Third Owner,No,No,No
Renault,Kwid,2022,20k-50k,1000-1500cc,Good (18-24 km/l),Manual,Petrol,First Owner,No,No,Yes
Hyundai,i10,2023,0-20k,1000-1500cc,Excellent (24+ km/l),Automatic,Electric,First Owner,Yes,No,Yes
Mahindra,Scorpio,2019,0-20k,1500-2000cc,Good (18-24 km/l),Manual,Petrol,First Owner,Yes,No,Yes
Renault,Triber,2023,0-20k,1000-1500cc,Average (12-18 km/l),Manual,Petrol,First Owner,Yes,No,Yes
Hyundai,Verna,2020,50k-80k,1500-2000cc,Good (18-24 km/l),Manual,Petrol,Third Owner,Yes,No,Yes
Maruti Suzuki,WagonR,2019,50k-80k,1500-2000cc,Average (12-18 km/l),Automatic,Petrol,Third Owner,Yes,Yes,No
Kia,Sonet,2017,20k-50k,1000-1500cc,Excellent (24+ km/l),Manual,Petrol,Third Owner,Yes,Yes,Yes
Tata,Nexon,2021,0-20k,2000cc+,Average (12-18 km/l),Manual,Petrol,First Owner,Yes,No,Yes
Ford,Figo,2015,20k-50k,1000-1500cc,Excellent (24+ km/l),Manual,CNG,First Owner,Yes,No,Yes
Maruti Suzuki,Ertiga,2011,120k+,1000-1500cc,Good (18-24 km/l),Manual,Petrol,Third Owner,No,Yes,No
Ford,Figo,2007,80k-120k,1000-1500cc,Good (18-24 km/l),Manual,Diesel,Fourth & Above,Yes,Yes,No
Hyundai,Creta,2016,0-20k,1000-1500cc,Excellent (24+ km/l),Manual,Electric,First Owner,No,Yes,No
Maruti Suzuki,Dzire,2018,20k-50k,<1000cc,Excellent (24+ km/l),Manual,Electric,First Owner,Yes,No,Yes
Honda,Jazz,2020,50k-80k,1000-1500cc,Good (18-24 km/l),Automatic,Diesel,First Owner,Yes,No,Yes
Hyundai,Venue,2016,120k+,<1000cc,Good (18-24 km/l),Automatic,Petrol,Second Owner,Yes,No,No
Tata,Harrier,2023,0-20k,2000cc+,Average (12-18 km/l),Manual,Petrol,First Owner,Yes,No,Yes
Maruti Suzuki,Alto,2016,50k-80k,1000-1500cc,Excellent (24+ km/l),Manual,Diesel,Second Owner,Yes,Yes,Yes
Maruti Suzuki,Swift,2019,20k-50k,1000-1500cc,Average (12-18 km/l),Automatic,Hybrid,Second Owner,Yes,Yes,Yes
Hyundai,i20,2011,80k-120k,<1000cc,Excellent (24+ km/l),Manual,Petrol,Third Owner,No,No,No
Maruti Suzuki,Ertiga,2016,50k-80k,<1000cc,Excellent (24+ km/l),Manual,Diesel,Second Owner,Yes,No,Yes
BMW,3 Series,2009,120k+,2000cc+,Average (12-18 km/l),Manual,Petrol,Third Owner,No,Yes,No
Maruti Suzuki,Baleno,2020,50k-80k,1000-1500cc,Good (18-24 km/l),Manual,Petrol,First Owner,Yes,No,Yes
Mahindra,Bolero,2022,0-20k,1500-2000cc,Good (18-24 km/l),Manual,Diesel,Second Owner,Yes,No,Yes
Maruti Suzuki,Baleno,2014,20k-50k,1000-1500cc,Good (18-24 km/l),Manual,Petrol,Second Owner,No,Yes,No
Hyundai,Venue,2018,50k-80k,1000-1500cc,Good (18-24 km/l),Manual,Diesel,First Owner,Yes,No,Yes
BMW,5 Series,2006,120k+,2000cc+,Average (12-18 km/l),Automatic,Petrol,Third Owner,No,Yes,No
Maruti Suzuki,Dzire,2022,0-20k,<1000cc,Good (18-24 km/l),Automatic,Petrol,First Owner,Yes,No,Yes
Audi,A4,2022,20k-50k,2000cc+,Good (18-24 km/l),Automatic,Diesel,First Owner,Yes,No,Yes
Hyundai,i10,2009,20k-50k,1000-1500cc,Good (18-24 km/l),Manual,Petrol,First Owner,No,No,Yes
Volkswagen,Vento,2018,0-20k,1000-1500cc,Good (18-24 km/l),Manual,Diesel,Second Owner,Yes,No,Yes
Honda,Amaze,2023,0-20k,1000-1500cc,Good (18-24 km/l),Automatic,Diesel,Second Owner,Yes,No,Yes
Kia,Seltos,2018,50k-80k,1000-1500cc,Excellent (24+ km/l),Manual,Electric,Second Owner,No,Yes,No
Honda,WR-V,2020,50k-80k,1000-1500cc,Average (12-18 km/l),Manual,Petrol,Second Owner,Yes,No,Yes
Honda,City,2017,50k-80k,1000-1500cc,Good (18-24 km/l),Manual,Diesel,Second Owner,Yes,No,Yes
Hyundai,Creta,2020,0-20k,1000-1500cc,Good (18-24 km/l),Manual,Petrol,Third Owner,Yes,No,Yes
Maruti Suzuki,Dzire,2023,0-20k,1000-1500cc,Average (12-18 km/l),Manual,Petrol,First Owner,Yes,No,Yes
BMW,X1,2023,0-20k,2000cc+,Good (18-24 km/l),Automatic,Petrol,First Owner,No,No,Yes
Tata,Harrier,2022,0-20k,1500-2000cc,Good (18-24 km/l),Manual,Petrol,First Owner,Yes,No,Yes
Tata,Punch,2018,80k-120k,1000-1500cc,Good (18-24 km/l),Automatic,Petrol,First Owner,Yes,No,Yes
Volkswagen,Vento,2019,0-20k,1000-1500cc,Good (18-24 km/l),Manual,Petrol,First Owner,Yes,No,Yes
Tata,Nexon,2017,120k+,2000cc+,Average (12-18 km/l),Automatic,Diesel,First Owner,Yes,Yes,No
Audi,Q3,2023,0-20k,2000cc+,Good (18-24 km/l),Automatic,Diesel,First Owner,Yes,No,Yes
Volkswagen,Polo,2021,0-20k,<1000cc,Average (12-18 km/l),Automatic,Petrol,First Owner,Yes,No,Yes
Honda,WR-V,2019,20k-50k,1500-2000cc,Good (18-24 km/l),Manual,Diesel,First Owner,Yes,No,Yes
Kia,Sonet,2006,50k-80k,1000-1500cc,Good (18-24 km/l),Manual,Petrol,Second Owner,No,No,No
Maruti Suzuki,Swift,2020,20k-50k,1000-1500cc,Average (12-18 km/l),Manual,Diesel,Second Owner,Yes,No,Yes
Hyundai,i20,2023,0-20k,1000-1500cc,Good (18-24 km/l),Manual,Diesel,First Owner,Yes,No,Yes
Mahindra,Scorpio,2020,80k-120k,1000-1500cc,Good (18-24 km/l),Automatic,Petrol,Second Owner,Yes,No,Yes
Hyundai,Verna,2014,50k-80k,1000-1500cc,Good (18-24 km/l),Automatic,Diesel,First Owner,No,Yes,No
Volkswagen,Taigun,2007,120k+,1000-1500cc,Good (18-24 km/l),Manual,Petrol,Fourth & Above,No,Yes,No
BMW,3 Series,2017,50k-80k,2000cc+,Average (12-18 km/l),Manual,Diesel,Third Owner,No,No,No
Tata,Nexon,2023,0-20k,2000cc+,Good (18-24 km/l),Manual,Petrol,First Owner,Yes,Yes,Yes
Tata,Punch,2023,0-20k,1000-1500cc,Good (18-24 km/l),Automatic,Diesel,First Owner,Yes,No,Yes
Audi,Q3,2023,0-20k,2000cc+,Average (12-18 km/l),Automatic,Petrol,First Owner,Yes,No,Yes
Mahindra,Scorpio,2022,0-20k,1500-2000cc,Average (12-18 km/l),Manual,Petrol,First Owner,Yes,No,Yes
Mahindra,Scorpio,2020,50k-80k,2000cc+,Average (12-18 km/l),Automatic,Diesel,First Owner,No,No,Yes
Tata,Altroz,2020,50k-80k,1500-2000cc,Good (18-24 km/l),Manual,Diesel,Second Owner,No,No,Yes
Kia,Seltos,2020,50k-80k,1000-1500cc,Good (18-24 km/l),Manual,Petrol,First Owner,Yes,Yes,No
Honda,Jazz,2021,0-20k,1000-1500cc,Good (18-24 km/l),Automatic,Petrol,Second Owner,Yes,No,Yes
Volkswagen,Polo,2018,50k-80k,1000-1500cc,Good (18-24 km/l),Manual,Petrol,First Owner,Yes,No,Yes
Renault,Duster,2021,20k-50k,1000-1500cc,Good (18-24 km/l),Automatic,Petrol,First Owner,Yes,No,Yes
Tata,Altroz,2012,50k-80k,2000cc+,Average (12-18 km/l),Automatic,Petrol,Second Owner,Yes,Yes,No
Mahindra,XUV300,2016,50k-80k,1500-2000cc,Good (18-24 km/l),Manual,Diesel,Third Owner,No,No,No
Skoda,Octavia,2022,50k-80k,1000-1500cc,Average (12-18 km/l),Manual,Petrol,First Owner,Yes,No,Yes
Tata,Punch,2023,0-20k,1000-1500cc,Average (12-18 km/l),Automatic,Petrol,First Owner,Yes,No,Yes
Renault,Triber,2020,0-20k,1000-1500cc,Excellent (24+ km/l),Manual,Diesel,Fourth & Above,Yes,No,Yes
BMW,X1,2007,120k+,2000cc+,Good (18-24 km/l),Automatic,Diesel,Third Owner,No,No,No
Toyota,Glanza,2023,0-20k,2000cc+,Average (12-18 km/l),Automatic,Diesel,Second Owner,Yes,No,Yes
Volkswagen,Vento,2021,0-20k,<1000cc,Good (18-24 km/l),Automatic,Petrol,First Owner,Yes,No,Yes
Renault,Kwid,2018,80k-120k,1000-1500cc,Good (18-24 km/l),Manual,Diesel,Second Owner,Yes,No,Yes
Skoda,Rapid,2020,0-20k,1000-1500cc,Good (18-24 km/l),Manual,Petrol,Second Owner,Yes,Yes,Yes
Tata,Tiago,2019,50k-80k,1500-2000cc,Good (18-24 km/l),Manual,Petrol,Fourth & Above,Yes,No,No
Maruti Suzuki,WagonR,2019,50k-80k,1000-1500cc,Good (18-24 km/l),Automatic,Petrol,First Owner,Yes,Yes,No
Tata,Nexon,2023,0-20k,1000-1500cc,Average (12-18 km/l),Manual,Petrol,First Owner,Yes,No,Yes
Toyota,Fortuner,2013,20k-50k,1000-1500cc,Good (18-24 km/l),Manual,Petrol,Second Owner,Yes,No,Yes
Mahindra,XUV500,2011,120k+,1000-1500cc,Good (18-24 km/l),Manual,Petrol,First Owner,Yes,Yes,No
Volkswagen,Vento,2005,120k+,1500-2000cc,Good (18-24 km/l),Manual,Diesel,Third Owner,No,No,No
Tata,Nexon,2017,20k-50k,1000-1500cc,Good (18-24 km/l),Manual,Petrol,Fourth & Above,No,No,No
Toyota,Fortuner,2013,50k-80k,2000cc+,Average (12-18 km/l),Manual,Petrol,Third Owner,No,No,No
Hyundai,i10,2015,80k-120k,<1000cc,Excellent (24+ km/l),Manual,Diesel,First Owner,No,Yes,No
Volkswagen,Taigun,2006,120k+,1000-1500cc,Good (18-24 km/l),Automatic,Petrol,Fourth & Above,Yes,Yes,No
Honda,Jazz,2015,50k-80k,1500-2000cc,Good (18-24 km/l),Manual,Diesel,Second Owner,Yes,No,Yes
Hyundai,i10,2017,20k-50k,1000-1500cc,Good (18-24 km/l),Manual,Petrol,First Owner,Yes,No,Yes
Hyundai,i10,2007,120k+,1000-1500cc,Good (18-24 km/l),Manual,Petrol,Third Owner,No,Yes,No
Volkswagen,Taigun,2021,0-20k,1000-1500cc,Good (18-24 km/l),Manual,Diesel,Second Owner,No,Yes,Yes
Mahindra,XUV500,2020,20k-50k,2000cc+,Excellent (24+ km/l),Manual,CNG,First Owner,No,No,Yes
Hyundai,Creta,2011,120k+,<1000cc,Excellent (24+ km/l),Manual,Diesel,Third Owner,No,No,No
Audi,Q3,2020,20k-50k,2000cc+,Low (<12 km/l),Automatic,Petrol,First Owner,Yes,No,Yes
Ford,EcoSport,2023,0-20k,1000-1500cc,Good (18-24 km/l),Manual,Diesel,First Owner,Yes,No,Yes
Audi,Q3,2023,0-20k,1500-2000cc,Average (12-18 km/l),Automatic,Diesel,First Owner,Yes,No,Yes
Tata,Nexon,2005,120k+,1500-2000cc,Good (18-24 km/l),Manual,Diesel,Third Owner,Yes,Yes,No
Mahindra,Thar,2022,0-20k,2000cc+,Average (12-18 km/l),Automatic,Diesel,First Owner,Yes,No,Yes
Kia,Carens,2017,20k-50k,1000-1500cc,Good (18-24 km/l),Manual,Hybrid,First Owner,No,No,Yes
Mahindra,XUV500,2009,120k+,1000-1500cc,Good (18-24 km/l),Manual,Petrol,Second Owner,No,No,No
Ford,EcoSport,2016,0-20k,1000-1500cc,Good (18-24 km/l),Manual,Petrol,Second Owner,No,Yes,No
Hyundai,Creta,2017,120k+,1000-1500cc,Average (12-18 km/l),Manual,Petrol,Second Owner,Yes,No,Yes
Mahindra,Thar,2020,20k-50k,2000cc+,Average (12-18 km/l),Manual,Diesel,First Owner,No,Yes,No
Maruti Suzuki,Dzire,2021,0-20k,1000-1500cc,Excellent (24+ km/l),Automatic,Diesel,First Owner,Yes,Yes,Yes
Hyundai,i20,2022,0-20k,1000-1500cc,Good (18-24 km/l),Manual,Petrol,First Owner,Yes,No,Yes
Maruti Suzuki,Swift,2015,80k-120k,1000-1500cc,Good (18-24 km/l),Manual,Petrol,Second Owner,Yes,No,Yes
Maruti Suzuki,Dzire,2017,20k-50k,1000-1500cc,Good (18-24 km/l),Manual,Diesel,Second Owner,No,No,Yes
Mercedes-Benz,GLA,2017,20k-50k,2000cc+,Average (12-18 km/l),Automatic,Diesel,First Owner,Yes,No,Yes
Hyundai,Verna,2018,80k-120k,1000-1500cc,Good (18-24 km/l),Manual,Petrol,First Owner,Yes,Yes,No
Toyota,Fortuner,2023,0-20k,1000-1500cc,Excellent (24+ km/l),Manual,CNG,First Owner,Yes,No,Yes
Skoda,Rapid,2022,0-20k,1500-2000cc,Good (18-24 km/l),Manual,Petrol,First Owner,Yes,No,Yes
Honda,City,2023,0-20k,<1000cc,Good (18-24 km/l),Automatic,Hybrid,First Owner,Yes,No,Yes
Maruti Suzuki,WagonR,2021,0-20k,1500-2000cc,Good (18-24 km/l),Manual,Petrol,First Owner,Yes,Yes,Yes
Ford,Endeavour,2018,120k+,1500-2000cc,Average (12-18 km/l),Automatic,Petrol,First Owner,Yes,No,Yes
Honda,City,2018,20k-50k,1000-1500cc,Good (18-24 km/l),Manual,Petrol,First Owner,No,No,Yes
Volkswagen,Vento,2019,20k-50k,1000-1500cc,Good (18-24 km/l),Manual,Diesel,First Owner,Yes,No,Yes
Volkswagen,Polo,2018,20k-50k,1000-1500cc,Average (12-18 km/l),Manual,Petrol,First Owner,No,No,Yes
Mercedes-Benz,C-Class,2022,0-20k,2000cc+,Average (12-18 km/l),Manual,Petrol,First Owner,Yes,No,Yes
Honda,City,2019,80k-120k,<1000cc,Excellent (24+ km/l),Manual,Electric,Second Owner,Yes,No,Yes
Tata,Harrier,2016,20k-50k,1500-2000cc,Good (18-24 km/l),Manual,CNG,Third Owner,Yes,No,Yes
Toyota,Yaris,2022,0-20k,2000cc+,Average (12-18 km/l),Manual,Petrol,First Owner,No,No,Yes
Maruti Suzuki,Dzire,2023,0-20k,1000-1500cc,Good (18-24 km/l),Manual,Diesel,First Owner,Yes,No,Yes
Kia,Sonet,2018,20k-50k,1000-1500cc,Good (18-24 km/l),Manual,Petrol,First Owner,Yes,No,Yes
Maruti Suzuki,WagonR,2021,0-20k,1000-1500cc,Excellent (24+ km/l),Manual,Diesel,First Owner,Yes,No,Yes
Tata,Tiago,2009,80k-120k,2000cc+,Average (12-18 km/l),Manual,Petrol,Third Owner,No,Yes,No
Renault,Triber,2020,0-20k,1000-1500cc,Good (18-24 km/l),Manual,Petrol,First Owner,Yes,Yes,Yes
Honda,Jazz,2008,80k-120k,1000-1500cc,Good (18-24 km/l),Manual,Diesel,Second Owner,Yes,Yes,No
Tata,Punch,2007,120k+,1500-2000cc,Good (18-24 km/l),Manual,Petrol,Fourth & Above,No,No,No
Mahindra,XUV300,2021,20k-50k,2000cc+,Average (12-18 km/l),Manual,Petrol,Second Owner,Yes,No,Yes
Skoda,Octavia,2017,0-20k,1000-1500cc,Excellent (24+ km/l),Manual,CNG,First Owner,Yes,Yes,Yes
Tata,Harrier,2022,0-20k,2000cc+,Good (18-24 km/l),Manual,Diesel,First Owner,Yes,Yes,Yes
Skoda,Octavia,2023,0-20k,1000-1500cc,Good (18-24 km/l),Manual,Petrol,First Owner,Yes,No,Yes
Maruti Suzuki,Baleno,2013,120k+,1000-1500cc,Good (18-24 km/l),Manual,Petrol,Third Owner,Yes,Yes,No
Volkswagen,Taigun,2022,0-20k,1000-1500cc,Good (18-24 km/l),Manual,Diesel,First Owner,Yes,Yes,Yes
Skoda,Octavia,2020,20k-50k,1000-1500cc,Excellent (24+ km/l),Automatic,Diesel,Second Owner,No,No,Yes
Hyundai,i20,2012,80k-120k,<1000cc,Good (18-24 km/l),Manual,CNG,Second Owner,No,Yes,No
Mahindra,Scorpio,2021,20k-50k,2000cc+,Average (12-18 km/l),Automatic,Diesel,Second Owner,Yes,No,Yes
Maruti Suzuki,Ertiga,2021,0-20k,1000-1500cc,Excellent (24+ km/l),Manual,Petrol,First Owner,Yes,No,Yes
Ford,EcoSport,2020,80k-120k,1500-2000cc,Good (18-24 km/l),Manual,Diesel,First Owner,Yes,No,No
Honda,Jazz,2023,0-20k,1500-2000cc,Good (18-24 km/l),Manual,Petrol,First Owner,Yes,No,Yes
Toyota,Innova,2020,0-20k,1000-1500cc,Excellent (24+ km/l),Manual,CNG,Second Owner,Yes,No,Yes
Hyundai,Verna,2023,0-20k,1000-1500cc,Good (18-24 km/l),Manual,Petrol,First Owner,No,No,Yes
Hyundai,Verna,2019,20k-50k,1000-1500cc,Good (18-24 km/l),Manual,Diesel,Second Owner,No,No,Yes
Maruti Suzuki,Ertiga,2012,120k+,1000-1500cc,Good (18-24 km/l),Manual,Diesel,First Owner,Yes,Yes,No
Tata,Nexon,2019,20k-50k,1500-2000cc,Good (18-24 km/l),Manual,Petrol,Second Owner,Yes,No,Yes
Honda,City,2014,120k+,1500-2000cc,Good (18-24 km/l),Manual,Petrol,Fourth & Above,No,Yes,No
Skoda,Kushaq,2020,0-20k,1000-1500cc,Good (18-24 km/l),Manual,Diesel,First Owner,Yes,No,Yes
Toyota,Yaris,2021,50k-80k,1500-2000cc,Good (18-24 km/l),Automatic,Petrol,First Owner,Yes,No,Yes
Mahindra,Scorpio,2019,20k-50k,1500-2000cc,Average (12-18 km/l),Automatic,Petrol,Second Owner,Yes,Yes,Yes
Audi,Q3,2011,120k+,1500-2000cc,Good (18-24 km/l),Automatic,Diesel,Fourth & Above,No,Yes,No
Ford,Figo,2019,0-20k,1000-1500cc,Good (18-24 km/l),Manual,CNG,Second Owner,Yes,Yes,No
BMW,5 Series,2010,120k+,1500-2000cc,Good (18-24 km/l),Automatic,Petrol,First Owner,No,No,No
Mahindra,XUV500,2021,20k-50k,2000cc+,Average (12-18 km/l),Manual,Diesel,First Owner,Yes,No,Yes
Hyundai,Verna,2022,0-20k,<1000cc,Good (18-24 km/l),Automatic,Petrol,First Owner,Yes,No,Yes
Maruti Suzuki,WagonR,2023,0-20k,1500-2000cc,Good (18-24 km/l),Automatic,Diesel,First Owner,Yes,No,Yes
Ford,Figo,2013,120k+,1000-1500cc,Excellent (24+ km/l),Manual,Electric,Second Owner,No,Yes,No
Maruti Suzuki,Baleno,2020,20k-50k,1000-1500cc,Good (18-24 km/l),Manual,Petrol,Third Owner,Yes,No,Yes
Hyundai,Verna,2020,50k-80k,<1000cc,Excellent (24+ km/l),Automatic,Electric,Second Owner,Yes,No,Yes
Honda,Jazz,2023,0-20k,1500-2000cc,Excellent (24+ km/l),Automatic,CNG,First Owner,Yes,No,Yes
Honda,City,2021,50k-80k,1000-1500cc,Good (18-24 km/l),Automatic,Diesel,First Owner,Yes,No,Yes
Honda,Amaze,2013,120k+,1000-1500cc,Good (18-24 km/l),Manual,Diesel,Second Owner,No,Yes,No
Maruti Suzuki,Ertiga,2019,20k-50k,<1000cc,Excellent (24+ km/l),Manual,CNG,First Owner,Yes,No,Yes
Tata,Harrier,2021,50k-80k,1500-2000cc,Good (18-24 km/l),Automatic,Diesel,First Owner,Yes,No,Yes
Toyota,Fortuner,2021,80k-120k,2000cc+,Average (12-18 km/l),Manual,Petrol,First Owner,No,No,No
Audi,Q3,2023,0-20k,1500-2000cc,Average (12-18 km/l),Automatic,Diesel,First Owner,Yes,No,Yes
Ford,Endeavour,2014,120k+,1000-1500cc,Good (18-24 km/l),Manual,Petrol,Second Owner,Yes,Yes,No
BMW,5 Series,2023,0-20k,2000cc+,Average (12-18 km/l),Automatic,Diesel,First Owner,Yes,No,Yes
Volkswagen,Vento,2009,20k-50k,1000-1500cc,Good (18-24 km/l),Manual,Petrol,Fourth & Above,No,Yes,No
Honda,City,2023,0-20k,1000-1500cc,Good (18-24 km/l),Manual,Diesel,First Owner,Yes,No,Yes
Hyundai,i10,2023,0-20k,1500-2000cc,Good (18-24 km/l),Automatic,Diesel,First Owner,No,No,Yes
Toyota,Yaris,2021,20k-50k,1500-2000cc,Good (18-24 km/l),Automatic,Petrol,Second Owner,No,No,Yes
Toyota,Glanza,2022,0-20k,2000cc+,Good (18-24 km/l),Automatic,Diesel,First Owner,Yes,No,Yes
Honda,WR-V,2010,20k-50k,1000-1500cc,Excellent (24+ km/l),Automatic,CNG,Fourth & Above,No,No,No
Mahindra,Thar,2008,50k-80k,1500-2000cc,Average (12-18 km/l),Manual,Petrol,Second Owner,No,No,No
Mahindra,Bolero,2011,120k+,2000cc+,Good (18-24 km/l),Manual,Petrol,First Owner,No,Yes,No
Tata,Harrier,2011,120k+,2000cc+,Good (18-24 km/l),Manual,Diesel,First Owner,No,No,No
Mahindra,Scorpio,2020,20k-50k,1500-2000cc,Good (18-24 km/l),Manual,Diesel,Fourth & Above,Yes,Yes,No
Hyundai,Venue,2015,120k+,1000-1500cc,Good (18-24 km/l),Manual,Petrol,First Owner,Yes,Yes,No
Renault,Kwid,2023,0-20k,1500-2000cc,Good (18-24 km/l),Manual,Diesel,First Owner,Yes,Yes,Yes
Hyundai,Venue,2019,120k+,1000-1500cc,Good (18-24 km/l),Manual,Diesel,First Owner,Yes,Yes,No
Maruti Suzuki,WagonR,2021,20k-50k,1500-2000cc,Good (18-24 km/l),Manual,Petrol,First Owner,Yes,Yes,Yes
Mahindra,XUV300,2021,0-20k,1500-2000cc,Good (18-24 km/l),Manual,Diesel,First Owner,Yes,No,Yes
Toyota,Fortuner,2017,80k-120k,1000-1500cc,Excellent (24+ km/l),Manual,Diesel,First Owner,Yes,No,No
Mahindra,Bolero,2015,50k-80k,1000-1500cc,Good (18-24 km/l),Manual,Petrol,Third Owner,Yes,Yes,No
Hyundai,Verna,2017,20k-50k,1000-1500cc,Excellent (24+ km/l),Automatic,Electric,Second Owner,Yes,No,Yes
Honda,Jazz,2022,0-20k,1000-1500cc,Good (18-24 km/l),Manual,Petrol,First Owner,Yes,No,Yes
Tata,Nexon,2020,20k-50k,1000-1500cc,Excellent (24+ km/l),Automatic,Diesel,First Owner,Yes,No,Yes
BMW,5 Series,2016,120k+,2000cc+,Average (12-18 km/l),Automatic,Petrol,Third Owner,Yes,Yes,No
BMW,5 Series,2022,0-20k,1500-2000cc,Average (12-18 km/l),Automatic,Petrol,First Owner,Yes,No,Yes
Mahindra,Thar,2009,120k+,2000cc+,Average (12-18 km/l),Manual,Petrol,First Owner,No,Yes,No
Tata,Tiago,2021,0-20k,1500-2000cc,Good (18-24 km/l),Manual,Petrol,First Owner,Yes,No,Yes
Volkswagen,Polo,2019,0-20k,1500-2000cc,Good (18-24 km/l),Manual,Diesel,First Owner,Yes,No,Yes
Maruti Suzuki,Baleno,2022,0-20k,1000-1500cc,Good (18-24 km/l),Automatic,Petrol,First Owner,Yes,No,Yes
Mahindra,Thar,2023,0-20k,1500-2000cc,Good (18-24 km/l),Automatic,Diesel,First Owner,Yes,No,Yes
Tata,Altroz,2022,0-20k,1000-1500cc,Excellent (24+ km/l),Manual,Electric,First Owner,Yes,No,Yes
BMW,3 Series,2019,50k-80k,1500-2000cc,Good (18-24 km/l),Automatic,Petrol,Second Owner,Yes,Yes,No
Maruti Suzuki,Alto,2013,120k+,1000-1500cc,Good (18-24 km/l),Manual,CNG,Second Owner,Yes,Yes,No
Honda,City,2022,20k-50k,1000-1500cc,Average (12-18 km/l),Automatic,Petrol,First Owner,No,No,Yes
Volkswagen,Taigun,2019,20k-50k,1000-1500cc,Good (18-24 km/l),Automatic,Petrol,First Owner,No,No,Yes
Mahindra,Scorpio,2010,80k-120k,1000-1500cc,Good (18-24 km/l),Automatic,Diesel,Third Owner,No,No,No
Maruti Suzuki,Swift,2022,0-20k,1000-1500cc,Excellent (24+ km/l),Manual,CNG,First Owner,Yes,No,Yes
Audi,A4,2016,50k-80k,2000cc+,Good (18-24 km/l),Manual,Petrol,Second Owner,No,No,No
Mahindra,XUV300,2009,20k-50k,2000cc+,Average (12-18 km/l),Manual,Diesel,Second Owner,No,No,Yes
Toyota,Innova,2023,20k-50k,1000-1500cc,Average (12-18 km/l),Automatic,Petrol,First Owner,Yes,Yes,Yes
Hyundai,i10,2019,50k-80k,<1000cc,Good (18-24 km/l),Manual,Diesel,First Owner,Yes,Yes,No
Mahindra,Thar,2016,50k-80k,2000cc+,Good (18-24 km/l),Manual,Diesel,First Owner,Yes,No,Yes
Tata,Punch,2021,20k-50k,1000-1500cc,Good (18-24 km/l),Automatic,Diesel,First Owner,Yes,No,Yes
Maruti Suzuki,Ertiga,2023,0-20k,1500-2000cc,Excellent (24+ km/l),Manual,CNG,First Owner,No,No,Yes
Maruti Suzuki,Baleno,2005,80k-120k,1500-2000cc,Excellent (24+ km/l),Manual,CNG,Fourth & Above,Yes,Yes,No
Skoda,Kushaq,2021,20k-50k,1500-2000cc,Average (12-18 km/l),Automatic,Petrol,First Owner,Yes,No,Yes
Hyundai,Venue,2022,0-20k,1000-1500cc,Good (18-24 km/l),Automatic,Petrol,First Owner,Yes,No,Yes
Hyundai,Creta,2015,20k-50k,1000-1500cc,Excellent (24+ km/l),Manual,Diesel,Second Owner,Yes,No,Yes
Mahindra,Bolero,2019,0-20k,1500-2000cc,Excellent (24+ km/l),Manual,Diesel,First Owner,Yes,No,Yes
Volkswagen,Polo,2011,120k+,1500-2000cc,Good (18-24 km/l),Manual,Petrol,Fourth & Above,Yes,Yes,No
Maruti Suzuki,Alto,2022,0-20k,1000-1500cc,Good (18-24 km/l),Manual,Petrol,Second Owner,Yes,No,Yes
Honda,Amaze,2022,0-20k,1000-1500cc,Good (18-24 km/l),Automatic,Diesel,First Owner,No,No,Yes
Maruti Suzuki,Ertiga,2011,20k-50k,1000-1500cc,Good (18-24 km/l),Manual,Petrol,Second Owner,No,No,No
Maruti Suzuki,WagonR,2022,0-20k,1000-1500cc,Good (18-24 km/l),Automatic,Petrol,First Owner,Yes,No,Yes
Maruti Suzuki,Ertiga,2022,20k-50k,1000-1500cc,Good (18-24 km/l),Manual,Petrol,First Owner,Yes,Yes,Yes
Skoda,Kushaq,2017,20k-50k,<1000cc,Good (18-24 km/l),Manual,Diesel,Second Owner,Yes,No,Yes
Maruti Suzuki,Swift,2021,20k-50k,1000-1500cc,Good (18-24 km/l),Manual,Petrol,First Owner,Yes,No,Yes
Maruti Suzuki,Ertiga,2005,120k+,1000-1500cc,Good (18-24 km/l),Manual,Diesel,Fourth & Above,No,Yes,No
Mahindra,XUV300,2023,0-20k,2000cc+,Good (18-24 km/l),Manual,Petrol,Second Owner,Yes,No,Yes
Skoda,Octavia,2020,20k-50k,1000-1500cc,Good (18-24 km/l),Automatic,Diesel,Second Owner,Yes,Yes,Yes
Hyundai,i20,2021,20k-50k,1000-1500cc,Good (18-24 km/l),Manual,Petrol,First Owner,Yes,No,Yes
Tata,Harrier,2021,80k-120k,1000-1500cc,Average (12-18 km/l),Automatic,Petrol,First Owner,Yes,No,Yes
Maruti Suzuki,Swift,2020,50k-80k,1000-1500cc,Excellent (24+ km/l),Manual,Diesel,Fourth & Above,Yes,No,Yes
Mahindra,Thar,2023,0-20k,2000cc+,Average (12-18 km/l),Manual,Petrol,First Owner,Yes,No,Yes
Honda,City,2021,20k-50k,1500-2000cc,Good (18-24 km/l),Manual,Diesel,First Owner,Yes,Yes,Yes
Honda,City,2023,0-20k,1000-1500cc,Excellent (24+ km/l),Manual,Electric,First Owner,Yes,No,Yes
Tata,Tiago,2020,20k-50k,1500-2000cc,Good (18-24 km/l),Manual,Petrol,First Owner,No,No,Yes
Hyundai,Creta,2014,0-20k,1000-1500cc,Good (18-24 km/l),Automatic,Petrol,Second Owner,No,No,Yes
Maruti Suzuki,Dzire,2023,0-20k,1000-1500cc,Good (18-24 km/l),Manual,Petrol,Second Owner,Yes,No,Yes
Tata,Altroz,2021,20k-50k,1500-2000cc,Good (18-24 km/l),Automatic,Petrol,First Owner,Yes,No,Yes
Maruti Suzuki,Baleno,2021,0-20k,1000-1500cc,Excellent (24+ km/l),Manual,Diesel,First Owner,Yes,No,Yes
Volkswagen,Taigun,2023,0-20k,<1000cc,Excellent (24+ km/l),Manual,Petrol,First Owner,Yes,Yes,Yes
Audi,A4,2010,80k-120k,1500-2000cc,Good (18-24 km/l),Manual,Petrol,First Owner,No,Yes,No
Audi,Q3,2018,20k-50k,2000cc+,Average (12-18 km/l),Manual,Petrol,First Owner,Yes,No,Yes
Skoda,Kushaq,2015,50k-80k,1000-1500cc,Good (18-24 km/l),Manual,Diesel,Third Owner,No,No,No
Honda,WR-V,2021,20k-50k,1000-1500cc,Good (18-24 km/l),Manual,Diesel,First Owner,Yes,No,Yes
Ford,Figo,2022,20k-50k,1000-1500cc,Good (18-24 km/l),Automatic,Petrol,First Owner,Yes,No,Yes
Hyundai,Verna,2023,0-20k,1000-1500cc,Good (18-24 km/l),Manual,Diesel,First Owner,Yes,No,Yes
Toyota,Fortuner,2019,0-20k,2000cc+,Excellent (24+ km/l),Manual,Diesel,Second Owner,No,No,Yes
Mahindra,Scorpio,2022,0-20k,1500-2000cc,Average (12-18 km/l),Automatic,Petrol,First Owner,Yes,Yes,Yes
Mahindra,Bolero,2023,0-20k,2000cc+,Average (12-18 km/l),Automatic,Diesel,First Owner,Yes,No,Yes
Volkswagen,Vento,2021,0-20k,1000-1500cc,Excellent (24+ km/l),Manual,Electric,First Owner,Yes,Yes,Yes
Hyundai,i10,2015,50k-80k,1000-1500cc,Average (12-18 km/l),Manual,Diesel,Second Owner,Yes,No,No
Hyundai,Creta,2021,50k-80k,1500-2000cc,Average (12-18 km/l),Manual,Petrol,First Owner,No,No,Yes
BMW,X1,2023,0-20k,1500-2000cc,Average (12-18 km/l),Automatic,Petrol,First Owner,Yes,No,Yes
Maruti Suzuki,WagonR,2023,0-20k,1500-2000cc,Good (18-24 km/l),Automatic,Petrol,First Owner,Yes,No,Yes
Mahindra,XUV300,2021,50k-80k,2000cc+,Average (12-18 km/l),Automatic,Petrol,First Owner,No,No,Yes
BMW,3 Series,2023,20k-50k,2000cc+,Average (12-18 km/l),Automatic,Diesel,First Owner,Yes,No,Yes
Toyota,Glanza,2014,20k-50k,1000-1500cc,Good (18-24 km/l),Automatic,Diesel,Third Owner,No,No,No
Honda,Amaze,2015,20k-50k,1000-1500cc,Excellent (24+ km/l),Manual,CNG,Second Owner,Yes,No,Yes
Hyundai,i20,2023,0-20k,<1000cc,Good (18-24 km/l),Automatic,Petrol,First Owner,Yes,No,Yes
Tata,Altroz,2012,20k-50k,1500-2000cc,Good (18-24 km/l),Manual,Diesel,Second Owner,No,Yes,No
Skoda,Octavia,2014,120k+,<1000cc,Good (18-24 km/l),Manual,Petrol,First Owner,No,Yes,No
Honda,WR-V,2018,20k-50k,<1000cc,Average (12-18 km/l),Automatic,Petrol,First Owner,Yes,No,Yes
Mahindra,Bolero,2020,0-20k,2000cc+,Average (12-18 km/l),Manual,Petrol,Second Owner,Yes,No,Yes
Maruti Suzuki,Swift,2020,50k-80k,1500-2000cc,Average (12-18 km/l),Automatic,Petrol,First Owner,Yes,No,Yes
Maruti Suzuki,Baleno,2016,0-20k,1000-1500cc,Good (18-24 km/l),Automatic,Petrol,Second Owner,No,No,No
Audi,Q3,2023,0-20k,2000cc+,Average (12-18 km/l),Automatic,Petrol,First Owner,No,No,Yes
Tata,Tiago,2023,0-20k,1500-2000cc,Good (18-24 km/l),Manual,Diesel,First Owner,No,No,Yes
Honda,Jazz,2018,0-20k,1500-2000cc,Good (18-24 km/l),Automatic,Petrol,First Owner,Yes,No,Yes
Maruti Suzuki,WagonR,2019,80k-120k,1000-1500cc,Average (12-18 km/l),Manual,Petrol,First Owner,No,Yes,No
Ford,Figo,2021,0-20k,<1000cc,Good (18-24 km/l),Automatic,Diesel,First Owner,No,No,Yes
BMW,5 Series,2021,0-20k,2000cc+,Good (18-24 km/l),Automatic,Diesel,Third Owner,Yes,No,Yes
Honda,WR-V,2018,80k-120k,1000-1500cc,Good (18-24 km/l),Manual,Petrol,Third Owner,No,Yes,No
Maruti Suzuki,Baleno,2018,50k-80k,1000-1500cc,Good (18-24 km/l),Manual,Diesel,Third Owner,No,No,No
Honda,City,2017,20k-50k,1000-1500cc,Good (18-24 km/l),Manual,Diesel,Second Owner,No,Yes,Yes
Volkswagen,Polo,2015,50k-80k,1000-1500cc,Good (18-24 km/l),Manual,Petrol,First Owner,No,Yes,No
Tata,Tiago,2019,80k-120k,2000cc+,Average (12-18 km/l),Manual,Petrol,First Owner,No,Yes,No
Kia,Carens,2021,0-20k,1500-2000cc,Good (18-24 km/l),Automatic,Diesel,First Owner,Yes,No,Yes
Toyota,Fortuner,2022,50k-80k,1500-2000cc,Good (18-24 km/l),Automatic,Diesel,First Owner,Yes,No,Yes
Kia,Carens,2022,0-20k,1000-1500cc,Good (18-24 km/l),Manual,Diesel,First Owner,Yes,No,Yes
Toyota,Yaris,2018,20k-50k,1500-2000cc,Good (18-24 km/l),Manual,Petrol,First Owner,No,Yes,No
Maruti Suzuki,Alto,2022,0-20k,1000-1500cc,Good (18-24 km/l),Manual,Diesel,First Owner,Yes,No,Yes
Hyundai,Venue,2005,120k+,1000-1500cc,Good (18-24 km/l),Manual,Diesel,Fourth & Above,No,Yes,No
Hyundai,i10,2019,120k+,1000-1500cc,Good (18-24 km/l),Manual,Diesel,Second Owner,No,Yes,No
Kia,Sonet,2022,0-20k,1000-1500cc,Good (18-24 km/l),Manual,Petrol,First Owner,No,No,Yes
Volkswagen,Polo,2021,20k-50k,1000-1500cc,Good (18-24 km/l),Manual,Petrol,First Owner,Yes,No,Yes
Toyota,Innova,2019,20k-50k,1500-2000cc,Average (12-18 km/l),Automatic,Petrol,First Owner,Yes,No,Yes
Hyundai,i10,2021,0-20k,<1000cc,Good (18-24 km/l),Manual,Hybrid,First Owner,No,No,Yes
Hyundai,i20,2023,0-20k,1000-1500cc,Good (18-24 km/l),Manual,Petrol,First Owner,Yes,No,Yes
Volkswagen,Taigun,2020,20k-50k,1000-1500cc,Good (18-24 km/l),Manual,Petrol,First Owner,Yes,No,Yes
Mahindra,Scorpio,2022,0-20k,1000-1500cc,Good (18-24 km/l),Manual,Petrol,First Owner,Yes,Yes,Yes
Hyundai,Verna,2023,0-20k,<1000cc,Excellent (24+ km/l),Automatic,CNG,First Owner,Yes,No,Yes
Toyota,Glanza,2021,0-20k,1000-1500cc,Good (18-24 km/l),Manual,Diesel,First Owner,Yes,No,Yes
Maruti Suzuki,Ertiga,2020,50k-80k,1000-1500cc,Good (18-24 km/l),Manual,Petrol,First Owner,Yes,No,Yes
Tata,Harrier,2008,80k-120k,1500-2000cc,Excellent (24+ km/l),Automatic,CNG,Fourth & Above,No,Yes,No
Mahindra,XUV500,2018,50k-80k,1000-1500cc,Excellent (24+ km/l),Manual,CNG,First Owner,No,No,Yes
Maruti Suzuki,Baleno,2020,50k-80k,1500-2000cc,Average (12-18 km/l),Manual,Petrol,Second Owner,Yes,No,No
Mercedes-Benz,C-Class,2022,20k-50k,2000cc+,Average (12-18 km/l),Automatic,Petrol,First Owner,Yes,No,Yes
Hyundai,Verna,2019,20k-50k,1000-1500cc,Excellent (24+ km/l),Manual,Electric,First Owner,Yes,No,Yes
Maruti Suzuki,Ertiga,2023,0-20k,<1000cc,Good (18-24 km/l),Automatic,Diesel,First Owner,Yes,No,Yes
Hyundai,Creta,2016,80k-120k,<1000cc,Excellent (24+ km/l),Manual,Petrol,Second Owner,Yes,No,No
Volkswagen,Vento,2022,20k-50k,1000-1500cc,Good (18-24 km/l),Manual,Petrol,First Owner,No,No,Yes
Tata,Nexon,2018,50k-80k,2000cc+,Average (12-18 km/l),Manual,Petrol,Second Owner,Yes,No,Yes
Honda,Amaze,2019,20k-50k,1000-1500cc,Excellent (24+ km/l),Manual,Diesel,First Owner,Yes,No,Yes
Maruti Suzuki,Baleno,2022,0-20k,1000-1500cc,Good (18-24 km/l),Automatic,Petrol,First Owner,Yes,No,Yes
Maruti Suzuki,Baleno,2016,80k-120k,1000-1500cc,Good (18-24 km/l),Manual,Petrol,Second Owner,No,Yes,No
Mahindra,Bolero,2011,80k-120k,2000cc+,Good (18-24 km/l),Manual,Petrol,Second Owner,No,Yes,No
Renault,Kwid,2020,80k-120k,1000-1500cc,Good (18-24 km/l),Manual,Petrol,Third Owner,Yes,Yes,No
Kia,Seltos,2020,50k-80k,1500-2000cc,Good (18-24 km/l),Automatic,Petrol,Second Owner,No,No,Yes
Maruti Suzuki,Ertiga,2022,0-20k,1500-2000cc,Excellent (24+ km/l),Manual,CNG,First Owner,Yes,No,Yes
Honda,Amaze,2023,0-20k,1000-1500cc,Good (18-24 km/l),Manual,Petrol,First Owner,Yes,No,Yes
BMW,X1,2009,80k-120k,2000cc+,Average (12-18 km/l),Automatic,Diesel,Fourth & Above,Yes,No,No
Tata,Tiago,2020,20k-50k,2000cc+,Average (12-18 km/l),Automatic,Petrol,Second Owner,Yes,No,Yes
Renault,Kwid,2021,80k-120k,1000-1500cc,Excellent (24+ km/l),Automatic,Diesel,First Owner,Yes,No,Yes
Maruti Suzuki,Swift,2023,0-20k,1000-1500cc,Average (12-18 km/l),Automatic,Petrol,First Owner,Yes,No,Yes
BMW,X1,2023,0-20k,2000cc+,Good (18-24 km/l),Automatic,Petrol,First Owner,Yes,No,Yes
Volkswagen,Vento,2021,20k-50k,<1000cc,Excellent (24+ km/l),Automatic,CNG,First Owner,Yes,No,Yes
BMW,X1,2020,20k-50k,2000cc+,Average (12-18 km/l),Manual,Petrol,Fourth & Above,Yes,Yes,No
Toyota,Fortuner,2013,120k+,1500-2000cc,Good (18-24 km/l),Automatic,Diesel,Second Owner,Yes,No,No
Tata,Harrier,2018,20k-50k,2000cc+,Average (12-18 km/l),Manual,Diesel,Second Owner,Yes,Yes,Yes
BMW,3 Series,2020,120k+,2000cc+,Good (18-24 km/l),Automatic,Diesel,First Owner,Yes,No,Yes
Hyundai,i10,2022,20k-50k,1000-1500cc,Good (18-24 km/l),Automatic,Hybrid,First Owner,Yes,Yes,Yes
Tata,Punch,2021,20k-50k,1000-1500cc,Good (18-24 km/l),Manual,Petrol,First Owner,Yes,Yes,Yes
Ford,EcoSport,2021,0-20k,1500-2000cc,Good (18-24 km/l),Automatic,CNG,First Owner,Yes,No,Yes
Volkswagen,Taigun,2018,50k-80k,1000-1500cc,Excellent (24+ km/l),Manual,Diesel,Second Owner,Yes,Yes,Yes
BMW,5 Series,2022,0-20k,1500-2000cc,Good (18-24 km/l),Automatic,Petrol,First Owner,Yes,No,Yes
Hyundai,i20,2013,120k+,<1000cc,Good (18-24 km/l),Automatic,Petrol,Third Owner,Yes,No,No
Renault,Triber,2013,120k+,1500-2000cc,Good (18-24 km/l),Manual,Diesel,Third Owner,Yes,Yes,No
Volkswagen,Taigun,2013,80k-120k,1000-1500cc,Good (18-24 km/l),Manual,Petrol,Second Owner,No,Yes,No
Maruti Suzuki,Dzire,2023,0-20k,1500-2000cc,Good (18-24 km/l),Manual,Diesel,First Owner,Yes,Yes,Yes
Tata,Tiago,2010,80k-120k,1500-2000cc,Good (18-24 km/l),Manual,Petrol,Fourth & Above,No,No,No
Hyundai,Verna,2022,0-20k,1000-1500cc,Good (18-24 km/l),Manual,Diesel,First Owner,Yes,No,Yes
Hyundai,Venue,2015,50k-80k,1000-1500cc,Good (18-24 km/l),Manual,Diesel,Third Owner,Yes,No,No
Mercedes-Benz,GLA,2019,0-20k,1500-2000cc,Good (18-24 km/l),Automatic,Petrol,Second Owner,Yes,No,Yes
Toyota,Yaris,2023,0-20k,2000cc+,Good (18-24 km/l),Manual,Petrol,First Owner,Yes,No,Yes
Ford,Figo,2020,20k-50k,1000-1500cc,Excellent (24+ km/l),Manual,CNG,First Owner,Yes,Yes,Yes
Mercedes-Benz,GLA,2015,50k-80k,2000cc+,Good (18-24 km/l),Automatic,Petrol,Second Owner,Yes,No,Yes
Tata,Nexon,2016,0-20k,1000-1500cc,Good (18-24 km/l),Automatic,Petrol,Second Owner,No,No,Yes
Renault,Kwid,2023,0-20k,1000-1500cc,Good (18-24 km/l),Manual,Diesel,First Owner,Yes,No,Yes
Mahindra,XUV300,2018,80k-120k,2000cc+,Average (12-18 km/l),Manual,Petrol,Second Owner,Yes,Yes,Yes
Skoda,Octavia,2020,20k-50k,<1000cc,Good (18-24 km/l),Manual,Petrol,First Owner,No,No,Yes
Hyundai,i10,2019,20k-50k,1000-1500cc,Average (12-18 km/l),Manual,Diesel,First Owner,Yes,No,Yes
Audi,A4,2018,20k-50k,2000cc+,Good (18-24 km/l),Automatic,Petrol,First Owner,No,No,Yes
Hyundai,i20,2015,50k-80k,1000-1500cc,Good (18-24 km/l),Manual,Petrol,Fourth & Above,No,No,No
Tata,Punch,2021,0-20k,1500-2000cc,Good (18-24 km/l),Automatic,Diesel,First Owner,Yes,No,Yes
Volkswagen,Taigun,2022,20k-50k,1000-1500cc,Excellent (24+ km/l),Manual,Electric,First Owner,No,No,Yes
Tata,Tiago,2016,50k-80k,2000cc+,Good (18-24 km/l),Manual,Diesel,Third Owner,Yes,No,Yes
Honda,Amaze,2022,20k-50k,1000-1500cc,Good (18-24 km/l),Automatic,Diesel,First Owner,Yes,No,Yes
Mahindra,Bolero,2023,0-20k,1500-2000cc,Average (12-18 km/l),Manual,Petrol,First Owner,Yes,No,Yes
Volkswagen,Vento,2023,0-20k,1000-1500cc,Excellent (24+ km/l),Manual,CNG,Second Owner,Yes,No,Yes
Hyundai,Venue,2013,0-20k,1000-1500cc,Good (18-24 km/l),Manual,Diesel,Third Owner,Yes,No,Yes
Maruti Suzuki,WagonR,2017,20k-50k,1000-1500cc,Good (18-24 km/l),Automatic,Diesel,Second Owner,Yes,No,Yes
Hyundai,Venue,2023,0-20k,1000-1500cc,Excellent (24+ km/l),Manual,CNG,First Owner,Yes,No,Yes
Mahindra,Bolero,2014,50k-80k,1000-1500cc,Good (18-24 km/l),Manual,Diesel,First Owner,No,Yes,No
Maruti Suzuki,Alto,2005,120k+,1000-1500cc,Good (18-24 km/l),Manual,Hybrid,First Owner,No,Yes,No
Tata,Altroz,2023,0-20k,2000cc+,Good (18-24 km/l),Manual,CNG,First Owner,No,No,Yes
Tata,Tiago,2017,50k-80k,1000-1500cc,Good (18-24 km/l),Manual,Diesel,Second Owner,Yes,Yes,Yes
Maruti Suzuki,WagonR,2018,50k-80k,1000-1500cc,Excellent (24+ km/l),Manual,CNG,Second Owner,Yes,No,Yes
Honda,WR-V,2019,120k+,1500-2000cc,Good (18-24 km/l),Manual,Petrol,First Owner,Yes,Yes,No
Kia,Carens,2023,0-20k,1000-1500cc,Excellent (24+ km/l),Manual,Diesel,First Owner,Yes,No,Yes
Maruti Suzuki,Baleno,2017,120k+,1000-1500cc,Good (18-24 km/l),Manual,Petrol,Second Owner,Yes,No,Yes
Honda,WR-V,2023,0-20k,1000-1500cc,Excellent (24+ km/l),Automatic,CNG,First Owner,Yes,Yes,Yes
Toyota,Fortuner,2021,0-20k,1500-2000cc,Average (12-18 km/l),Manual,Petrol,First Owner,Yes,No,Yes
Tata,Tiago,2020,0-20k,1500-2000cc,Excellent (24+ km/l),Automatic,Electric,First Owner,Yes,No,Yes
Ford,EcoSport,2017,0-20k,1000-1500cc,Good (18-24 km/l),Manual,Petrol,First Owner,Yes,No,Yes
Tata,Punch,2015,120k+,2000cc+,Good (18-24 km/l),Manual,Diesel,First Owner,No,Yes,No
Mahindra,Thar,2021,0-20k,1500-2000cc,Good (18-24 km/l),Manual,Petrol,First Owner,No,Yes,Yes
Maruti Suzuki,Baleno,2019,20k-50k,<1000cc,Good (18-24 km/l),Manual,Diesel,First Owner,Yes,No,Yes
Ford,Figo,2023,0-20k,<1000cc,Good (18-24 km/l),Automatic,Petrol,First Owner,Yes,No,Yes
Toyota,Fortuner,2019,20k-50k,1000-1500cc,Excellent (24+ km/l),Manual,CNG,Third Owner,Yes,Yes,Yes
Maruti Suzuki,Baleno,2020,0-20k,1000-1500cc,Good (18-24 km/l),Automatic,Diesel,First Owner,Yes,Yes,Yes
Tata,Nexon,2018,0-20k,2000cc+,Good (18-24 km/l),Manual,Diesel,First Owner,Yes,No,Yes
Mercedes-Benz,GLA,2022,20k-50k,1500-2000cc,Average (12-18 km/l),Automatic,Petrol,First Owner,No,No,Yes
Tata,Punch,2018,20k-50k,1500-2000cc,Good (18-24 km/l),Manual,Petrol,Second Owner,No,No,No
Mahindra,XUV500,2016,120k+,2000cc+,Good (18-24 km/l),Manual,CNG,Third Owner,No,Yes,No
Kia,Seltos,2023,0-20k,1500-2000cc,Average (12-18 km/l),Automatic,Petrol,Second Owner,Yes,No,Yes
Ford,Endeavour,2020,20k-50k,1000-1500cc,Excellent (24+ km/l),Manual,CNG,Second Owner,Yes,Yes,Yes
Honda,Jazz,2020,0-20k,1500-2000cc,Good (18-24 km/l),Manual,Petrol,First Owner,No,No,Yes
Renault,Triber,2021,0-20k,1000-1500cc,Good (18-24 km/l),Automatic,Petrol,First Owner,Yes,No,Yes
Skoda,Octavia,2022,0-20k,1500-2000cc,Good (18-24 km/l),Automatic,CNG,First Owner,Yes,No,Yes
Mahindra,Thar,2017,80k-120k,1000-1500cc,Good (18-24 km/l),Manual,Diesel,Third Owner,No,Yes,No
Mahindra,Bolero,2008,120k+,2000cc+,Good (18-24 km/l),Automatic,Petrol,Fourth & Above,No,No,No
Tata,Tiago,2022,0-20k,1000-1500cc,Average (12-18 km/l),Manual,Petrol,First Owner,Yes,No,Yes
Audi,Q3,2012,20k-50k,2000cc+,Average (12-18 km/l),Automatic,Hybrid,Third Owner,Yes,No,Yes
Ford,Endeavour,2022,0-20k,1500-2000cc,Average (12-18 km/l),Automatic,Petrol,First Owner,Yes,No,Yes
Maruti Suzuki,Swift,2010,20k-50k,1000-1500cc,Good (18-24 km/l),Automatic,Petrol,Third Owner,No,Yes,No
Skoda,Rapid,2018,20k-50k,1000-1500cc,Good (18-24 km/l),Manual,Diesel,First Owner,Yes,Yes,Yes
Mahindra,Thar,2009,20k-50k,1000-1500cc,Good (18-24 km/l),Manual,Petrol,Second Owner,No,Yes,No
Maruti Suzuki,Ertiga,2020,0-20k,1000-1500cc,Good (18-24 km/l),Automatic,Petrol,First Owner,No,No,Yes
Honda,Amaze,2021,0-20k,1000-1500cc,Average (12-18 km/l),Automatic,Petrol,First Owner,Yes,No,Yes
Tata,Altroz,2014,80k-120k,1500-2000cc,Good (18-24 km/l),Manual,CNG,Second Owner,Yes,No,Yes
Kia,Carens,2018,80k-120k,1000-1500cc,Excellent (24+ km/l),Automatic,Electric,First Owner,Yes,No,Yes
Hyundai,i10,2023,0-20k,1000-1500cc,Average (12-18 km/l),Manual,Petrol,First Owner,Yes,No,Yes
Renault,Kwid,2019,20k-50k,<1000cc,Good (18-24 km/l),Manual,Petrol,First Owner,Yes,No,Yes
Honda,Jazz,2022,0-20k,1000-1500cc,Good (18-24 km/l),Automatic,Diesel,First Owner,Yes,No,Yes
Maruti Suzuki,Baleno,2023,0-20k,1000-1500cc,Good (18-24 km/l),Automatic,Petrol,Second Owner,Yes,No,Yes
Audi,A4,2023,0-20k,2000cc+,Excellent (24+ km/l),Manual,Electric,Second Owner,Yes,No,Yes
Mahindra,XUV300,2023,0-20k,1500-2000cc,Good (18-24 km/l),Manual,Petrol,First Owner,Yes,No,Yes
Hyundai,i20,2017,120k+,1000-1500cc,Good (18-24 km/l),Manual,Petrol,First Owner,Yes,No,Yes
Mahindra,XUV500,2023,0-20k,1500-2000cc,Good (18-24 km/l),Manual,Diesel,First Owner,Yes,No,Yes
Skoda,Octavia,2022,0-20k,1000-1500cc,Average (12-18 km/l),Automatic,Petrol,First Owner,Yes,No,Yes
Hyundai,i20,2022,0-20k,1000-1500cc,Good (18-24 km/l),Manual,Petrol,First Owner,Yes,No,Yes
Hyundai,Venue,2006,120k+,1000-1500cc,Good (18-24 km/l),Manual,Petrol,Fourth & Above,No,Yes,No
Maruti Suzuki,Swift,2023,0-20k,1000-1500cc,Good (18-24 km/l),Manual,Petrol,First Owner,Yes,No,Yes
Hyundai,Verna,2022,0-20k,1000-1500cc,Good (18-24 km/l),Automatic,Diesel,First Owner,Yes,Yes,Yes
Renault,Triber,2022,20k-50k,1000-1500cc,Good (18-24 km/l),Automatic,Diesel,First Owner,Yes,No,Yes
Mahindra,XUV300,2010,80k-120k,1500-2000cc,Good (18-24 km/l),Manual,Petrol,Second Owner,Yes,No,No
Hyundai,Venue,2015,80k-120k,1000-1500cc,Good (18-24 km/l),Manual,Petrol,Second Owner,Yes,No,No
Maruti Suzuki,Ertiga,2023,0-20k,1000-1500cc,Good (18-24 km/l),Manual,Petrol,First Owner,Yes,No,Yes
Tata,Punch,2019,20k-50k,1500-2000cc,Average (12-18 km/l),Automatic,Diesel,First Owner,No,No,Yes
BMW,X1,2018,20k-50k,1500-2000cc,Good (18-24 km/l),Manual,Diesel,First Owner,Yes,No,Yes
Tata,Nexon,2022,0-20k,2000cc+,Excellent (24+ km/l),Automatic,CNG,First Owner,No,No,Yes
Mercedes-Benz,C-Class,2011,20k-50k,1500-2000cc,Good (18-24 km/l),Manual,Petrol,Third Owner,No,No,No
Mahindra,XUV300,2018,0-20k,1500-2000cc,Good (18-24 km/l),Manual,Diesel,First Owner,Yes,No,Yes
Maruti Suzuki,WagonR,2018,0-20k,1000-1500cc,Good (18-24 km/l),Automatic,Diesel,First Owner,Yes,Yes,Yes
Kia,Carens,2017,80k-120k,1000-1500cc,Good (18-24 km/l),Manual,CNG,Second Owner,Yes,Yes,No
Mahindra,Scorpio,2017,80k-120k,2000cc+,Good (18-24 km/l),Manual,Petrol,First Owner,No,Yes,No
Ford,EcoSport,2015,120k+,1000-1500cc,Good (18-24 km/l),Manual,Petrol,Second Owner,Yes,No,No
Mercedes-Benz,GLA,2014,120k+,2000cc+,Low (<12 km/l),Automatic,Petrol,Second Owner,No,Yes,No
Maruti Suzuki,Alto,2021,20k-50k,1000-1500cc,Good (18-24 km/l),Automatic,Diesel,First Owner,Yes,No,Yes
Maruti Suzuki,Dzire,2023,0-20k,1000-1500cc,Good (18-24 km/l),Automatic,Petrol,First Owner,Yes,No,Yes
Ford,EcoSport,2019,0-20k,1000-1500cc,Excellent (24+ km/l),Manual,CNG,First Owner,Yes,Yes,Yes
Hyundai,i10,2016,20k-50k,1500-2000cc,Excellent (24+ km/l),Automatic,Electric,Third Owner,No,No,No
Hyundai,i20,2013,80k-120k,1000-1500cc,Good (18-24 km/l),Manual,Petrol,First Owner,Yes,No,Yes
Maruti Suzuki,Dzire,2022,20k-50k,1500-2000cc,Good (18-24 km/l),Automatic,Diesel,Third Owner,Yes,Yes,Yes
Maruti Suzuki,Alto,2023,0-20k,1000-1500cc,Good (18-24 km/l),Manual,Petrol,First Owner,Yes,No,Yes
Volkswagen,Vento,2017,20k-50k,<1000cc,Excellent (24+ km/l),Manual,CNG,Second Owner,Yes,No,Yes
Maruti Suzuki,Swift,2016,80k-120k,1000-1500cc,Excellent (24+ km/l),Manual,Petrol,Second Owner,No,Yes,No
Mahindra,XUV500,2020,20k-50k,1500-2000cc,Average (12-18 km/l),Automatic,Hybrid,Second Owner,Yes,No,Yes
Honda,Jazz,2022,0-20k,1000-1500cc,Good (18-24 km/l),Manual,Petrol,First Owner,Yes,No,Yes
Tata,Punch,2019,20k-50k,1500-2000cc,Good (18-24 km/l),Manual,Petrol,Second Owner,Yes,No,Yes
Maruti Suzuki,Alto,2021,0-20k,1000-1500cc,Good (18-24 km/l),Manual,Diesel,First Owner,Yes,No,Yes
Renault,Duster,2021,20k-50k,1000-1500cc,Good (18-24 km/l),Manual,Petrol,Second Owner,Yes,No,Yes
Maruti Suzuki,Baleno,2023,0-20k,1000-1500cc,Good (18-24 km/l),Manual,Petrol,First Owner,No,No,Yes
Volkswagen,Taigun,2013,50k-80k,1000-1500cc,Excellent (24+ km/l),Manual,Diesel,First Owner,No,No,No
Kia,Carens,2023,0-20k,1000-1500cc,Excellent (24+ km/l),Automatic,Diesel,First Owner,Yes,Yes,Yes
Mahindra,Scorpio,2018,50k-80k,1500-2000cc,Excellent (24+ km/l),Automatic,Electric,First Owner,No,Yes,No
Honda,WR-V,2022,20k-50k,1000-1500cc,Good (18-24 km/l),Automatic,Petrol,First Owner,Yes,No,Yes
Mahindra,Thar,2020,20k-50k,1500-2000cc,Average (12-18 km/l),Manual,Diesel,First Owner,No,No,Yes
Tata,Nexon,2019,20k-50k,1500-2000cc,Good (18-24 km/l),Manual,Diesel,Second Owner,Yes,No,Yes
Kia,Carens,2021,50k-80k,<1000cc,Excellent (24+ km/l),Manual,Diesel,First Owner,Yes,Yes,Yes
Kia,Sonet,2018,0-20k,1000-1500cc,Good (18-24 km/l),Manual,Petrol,First Owner,Yes,No,Yes
Tata,Harrier,2012,120k+,1500-2000cc,Average (12-18 km/l),Manual,Petrol,Fourth & Above,Yes,Yes,No
Toyota,Glanza,2019,20k-50k,2000cc+,Good (18-24 km/l),Manual,Petrol,Second Owner,Yes,No,Yes
BMW,X1,2020,20k-50k,1500-2000cc,Good (18-24 km/l),Automatic,Diesel,Second Owner,Yes,No,Yes
Audi,Q3,2014,20k-50k,2000cc+,Average (12-18 km/l),Manual,Petrol,Third Owner,Yes,No,Yes
Mahindra,Thar,2023,0-20k,2000cc+,Average (12-18 km/l),Automatic,Diesel,First Owner,Yes,No,Yes
Mahindra,Thar,2015,120k+,2000cc+,Good (18-24 km/l),Manual,Diesel,Second Owner,Yes,Yes,No
Hyundai,Verna,2018,80k-120k,1000-1500cc,Good (18-24 km/l),Manual,Petrol,Second Owner,Yes,No,Yes
Audi,A4,2013,0-20k,1500-2000cc,Good (18-24 km/l),Automatic,Petrol,First Owner,No,Yes,No
Maruti Suzuki,Baleno,2020,50k-80k,1000-1500cc,Good (18-24 km/l),Automatic,Petrol,Second Owner,Yes,No,Yes
Honda,Jazz,2017,20k-50k,1500-2000cc,Excellent (24+ km/l),Manual,Diesel,Third Owner,Yes,No,Yes
Hyundai,Creta,2019,50k-80k,1500-2000cc,Good (18-24 km/l),Manual,Petrol,Second Owner,Yes,No,Yes
Hyundai,Verna,2015,50k-80k,1000-1500cc,Good (18-24 km/l),Manual,Petrol,Second Owner,Yes,No,Yes
Tata,Harrier,2009,50k-80k,1500-2000cc,Good (18-24 km/l),Manual,Petrol,Second Owner,Yes,No,Yes
Mercedes-Benz,C-Class,2022,0-20k,1500-2000cc,Average (12-18 km/l),Automatic,Petrol,First Owner,No,No,Yes
Maruti Suzuki,Dzire,2021,0-20k,1000-1500cc,Good (18-24 km/l),Automatic,Petrol,First Owner,No,No,Yes
Honda,City,2017,80k-120k,1000-1500cc,Excellent (24+ km/l),Manual,Electric,Second Owner,Yes,No,Yes
Maruti Suzuki,Ertiga,2009,50k-80k,1000-1500cc,Good (18-24 km/l),Manual,Petrol,Fourth & Above,No,Yes,No
Maruti Suzuki,WagonR,2023,0-20k,1500-2000cc,Good (18-24 km/l),Manual,Diesel,First Owner,Yes,No,Yes
Mahindra,Thar,2014,80k-120k,2000cc+,Average (12-18 km/l),Manual,Hybrid,Second Owner,No,Yes,No
Mahindra,Scorpio,2023,20k-50k,1000-1500cc,Good (18-24 km/l),Manual,Petrol,First Owner,Yes,No,Yes
Hyundai,i10,2019,50k-80k,1000-1500cc,Excellent (24+ km/l),Manual,Electric,First Owner,No,Yes,Yes
Hyundai,i10,2017,80k-120k,1000-1500cc,Good (18-24 km/l),Manual,Petrol,First Owner,Yes,No,Yes
Maruti Suzuki,Ertiga,2022,0-20k,1000-1500cc,Good (18-24 km/l),Manual,Hybrid,First Owner,Yes,No,Yes
Hyundai,Creta,2023,0-20k,1000-1500cc,Excellent (24+ km/l),Automatic,CNG,First Owner,No,No,Yes
Audi,Q3,2018,20k-50k,2000cc+,Good (18-24 km/l),Manual,Diesel,First Owner,Yes,No,Yes
BMW,X1,2018,80k-120k,2000cc+,Average (12-18 km/l),Automatic,Petrol,First Owner,Yes,Yes,Yes
Tata,Punch,2019,0-20k,1000-1500cc,Excellent (24+ km/l),Automatic,CNG,First Owner,Yes,No,Yes
Honda,City,2023,0-20k,1000-1500cc,Excellent (24+ km/l),Manual,Electric,First Owner,Yes,No,Yes
Kia,Sonet,2021,20k-50k,1000-1500cc,Good (18-24 km/l),Automatic,Diesel,Second Owner,No,Yes,Yes
Maruti Suzuki,Alto,2015,50k-80k,1000-1500cc,Good (18-24 km/l),Manual,Petrol,Second Owner,Yes,Yes,No
Renault,Kwid,2014,20k-50k,<1000cc,Good (18-24 km/l),Manual,Petrol,Second Owner,No,No,Yes
Audi,Q3,2015,50k-80k,2000cc+,Average (12-18 km/l),Automatic,Petrol,First Owner,No,Yes,No
Maruti Suzuki,Swift,2016,20k-50k,1000-1500cc,Good (18-24 km/l),Manual,Diesel,Second Owner,No,No,No
Maruti Suzuki,Dzire,2015,20k-50k,1500-2000cc,Good (18-24 km/l),Manual,Petrol,Second Owner,No,No,Yes
Audi,Q3,2021,20k-50k,2000cc+,Excellent (24+ km/l),Manual,Electric,First Owner,Yes,No,Yes
Honda,City,2012,120k+,1000-1500cc,Excellent (24+ km/l),Manual,Diesel,First Owner,No,No,Yes
Maruti Suzuki,Alto,2018,20k-50k,1000-1500cc,Good (18-24 km/l),Manual,Petrol,First Owner,Yes,No,Yes
Hyundai,Verna,2021,20k-50k,1500-2000cc,Good (18-24 km/l),Manual,Diesel,First Owner,Yes,No,Yes
Mahindra,Thar,2016,120k+,1000-1500cc,Excellent (24+ km/l),Manual,Diesel,First Owner,No,No,No
Ford,EcoSport,2010,120k+,1000-1500cc,Good (18-24 km/l),Automatic,Petrol,Second Owner,No,No,No
Volkswagen,Vento,2010,80k-120k,1000-1500cc,Good (18-24 km/l),Manual,Petrol,Third Owner,Yes,Yes,No
Mercedes-Benz,GLA,2012,80k-120k,2000cc+,Average (12-18 km/l),Automatic,Petrol,First Owner,No,Yes,No
Hyundai,Venue,2022,20k-50k,1000-1500cc,Excellent (24+ km/l),Manual,Diesel,First Owner,Yes,No,Yes
Honda,Jazz,2021,0-20k,1000-1500cc,Good (18-24 km/l),Automatic,Diesel,First Owner,Yes,No,Yes
Honda,Jazz,2009,120k+,1000-1500cc,Good (18-24 km/l),Manual,Petrol,Fourth & Above,Yes,No,No
Tata,Nexon,2018,20k-50k,1500-2000cc,Average (12-18 km/l),Manual,Petrol,First Owner,Yes,Yes,Yes
Maruti Suzuki,Ertiga,2016,0-20k,1500-2000cc,Average (12-18 km/l),Manual,Petrol,Second Owner,No,No,Yes
Mercedes-Benz,C-Class,2020,20k-50k,2000cc+,Average (12-18 km/l),Automatic,Diesel,First Owner,Yes,No,Yes
Skoda,Octavia,2020,0-20k,1000-1500cc,Good (18-24 km/l),Automatic,Diesel,Third Owner,Yes,No,Yes
Mahindra,Scorpio,2019,0-20k,1000-1500cc,Excellent (24+ km/l),Manual,Diesel,Third Owner,Yes,No,Yes
Honda,Amaze,2017,120k+,1000-1500cc,Good (18-24 km/l),Automatic,Petrol,First Owner,Yes,Yes,No
Hyundai,Creta,2013,20k-50k,1500-2000cc,Good (18-24 km/l),Manual,Petrol,First Owner,No,No,Yes
Honda,Jazz,2022,0-20k,<1000cc,Good (18-24 km/l),Manual,Petrol,First Owner,Yes,Yes,Yes
Ford,Figo,2023,0-20k,1000-1500cc,Good (18-24 km/l),Automatic,Diesel,First Owner,Yes,Yes,Yes
Mahindra,Scorpio,2023,0-20k,2000cc+,Good (18-24 km/l),Manual,Petrol,First Owner,Yes,No,Yes
Mercedes-Benz,C-Class,2009,120k+,2000cc+,Low (<12 km/l),Automatic,Petrol,Third Owner,No,Yes,No
Toyota,Innova,2022,50k-80k,1500-2000cc,Good (18-24 km/l),Manual,Petrol,Second Owner,Yes,Yes,No
Tata,Harrier,2022,0-20k,1500-2000cc,Good (18-24 km/l),Manual,Petrol,First Owner,Yes,No,Yes
Volkswagen,Polo,2023,0-20k,<1000cc,Excellent (24+ km/l),Manual,CNG,First Owner,Yes,No,Yes
Maruti Suzuki,Dzire,2016,20k-50k,1000-1500cc,Good (18-24 km/l),Manual,Petrol,Second Owner,Yes,No,Yes
Tata,Nexon,2022,0-20k,1500-2000cc,Good (18-24 km/l),Manual,Diesel,First Owner,Yes,No,Yes
Tata,Altroz,2009,20k-50k,2000cc+,Good (18-24 km/l),Manual,CNG,Third Owner,Yes,Yes,Yes
Mahindra,XUV500,2021,0-20k,1500-2000cc,Good (18-24 km/l),Manual,Petrol,Fourth & Above,Yes,No,Yes
Renault,Duster,2017,50k-80k,1000-1500cc,Good (18-24 km/l),Automatic,Petrol,Second Owner,No,No,Yes
Mahindra,Thar,2022,0-20k,2000cc+,Good (18-24 km/l),Automatic,Diesel,First Owner,No,No,Yes
Renault,Duster,2023,0-20k,1000-1500cc,Excellent (24+ km/l),Manual,Diesel,First Owner,No,No,Yes
Honda,Amaze,2018,20k-50k,1000-1500cc,Good (18-24 km/l),Manual,Hybrid,First Owner,Yes,No,Yes
Tata,Punch,2020,50k-80k,2000cc+,Good (18-24 km/l),Manual,Diesel,First Owner,No,Yes,No
Renault,Duster,2012,50k-80k,1000-1500cc,Good (18-24 km/l),Manual,Diesel,Third Owner,No,Yes,No
Hyundai,i10,2018,50k-80k,1500-2000cc,Excellent (24+ km/l),Manual,CNG,First Owner,Yes,Yes,No
Hyundai,Verna,2018,20k-50k,1000-1500cc,Good (18-24 km/l),Manual,Diesel,First Owner,Yes,No,Yes
Mahindra,XUV500,2014,50k-80k,1000-1500cc,Excellent (24+ km/l),Manual,CNG,First Owner,No,No,No
Hyundai,Venue,2023,0-20k,1500-2000cc,Good (18-24 km/l),Automatic,Petrol,First Owner,Yes,No,Yes
Maruti Suzuki,Baleno,2013,120k+,1000-1500cc,Good (18-24 km/l),Manual,Petrol,First Owner,No,No,No
Toyota,Fortuner,2021,0-20k,2000cc+,Average (12-18 km/l),Automatic,Diesel,First Owner,Yes,No,Yes
Mahindra,Bolero,2023,20k-50k,1500-2000cc,Average (12-18 km/l),Automatic,Petrol,First Owner,Yes,No,Yes
Mahindra,XUV500,2023,0-20k,2000cc+,Average (12-18 km/l),Manual,Diesel,First Owner,Yes,No,Yes
Audi,Q3,2022,20k-50k,1500-2000cc,Good (18-24 km/l),Manual,Petrol,First Owner,Yes,No,Yes
Honda,Amaze,2014,50k-80k,<1000cc,Excellent (24+ km/l),Manual,Diesel,Third Owner,Yes,No,No
Skoda,Kushaq,2022,0-20k,1500-2000cc,Good (18-24 km/l),Automatic,CNG,First Owner,Yes,No,Yes
Maruti Suzuki,Baleno,2016,20k-50k,1000-1500cc,Good (18-24 km/l),Manual,Petrol,First Owner,No,No,No
Honda,City,2023,0-20k,1000-1500cc,Good (18-24 km/l),Automatic,Diesel,Second Owner,Yes,No,Yes
Skoda,Rapid,2021,0-20k,1500-2000cc,Good (18-24 km/l),Manual,Diesel,Second Owner,Yes,No,Yes
Honda,Amaze,2022,20k-50k,1500-2000cc,Good (18-24 km/l),Automatic,Diesel,First Owner,Yes,No,Yes
Ford,Endeavour,2011,80k-120k,1000-1500cc,Average (12-18 km/l),Automatic,Petrol,Second Owner,Yes,Yes,No
Tata,Punch,2020,0-20k,1500-2000cc,Average (12-18 km/l),Automatic,Petrol,First Owner,Yes,No,Yes
Maruti Suzuki,Dzire,2022,0-20k,1500-2000cc,Average (12-18 km/l),Manual,Diesel,First Owner,Yes,No,Yes
Mahindra,Scorpio,2023,0-20k,1000-1500cc,Good (18-24 km/l),Automatic,Petrol,First Owner,Yes,No,Yes
Tata,Nexon,2007,120k+,2000cc+,Good (18-24 km/l),Manual,Diesel,Fourth & Above,No,Yes,No
Skoda,Rapid,2023,0-20k,1000-1500cc,Good (18-24 km/l),Manual,Petrol,First Owner,Yes,No,Yes
Hyundai,i10,2008,20k-50k,1000-1500cc,Good (18-24 km/l),Manual,Diesel,Second Owner,No,No,Yes
Audi,A4,2021,20k-50k,2000cc+,Excellent (24+ km/l),Automatic,Electric,First Owner,Yes,No,Yes
Audi,Q3,2021,0-20k,2000cc+,Average (12-18 km/l),Automatic,Petrol,First Owner,No,No,Yes
Hyundai,Creta,2011,120k+,1000-1500cc,Good (18-24 km/l),Manual,Petrol,Fourth & Above,No,Yes,No
Tata,Punch,2009,20k-50k,1500-2000cc,Excellent (24+ km/l),Manual,Diesel,Second Owner,No,No,No
Kia,Carens,2022,0-20k,<1000cc,Good (18-24 km/l),Manual,Petrol,First Owner,Yes,No,Yes
Audi,A4,2018,0-20k,1500-2000cc,Good (18-24 km/l),Automatic,Diesel,First Owner,Yes,No,Yes
Mahindra,XUV500,2011,120k+,2000cc+,Average (12-18 km/l),Manual,Petrol,Second Owner,No,Yes,No
Tata,Harrier,2022,20k-50k,2000cc+,Good (18-24 km/l),Automatic,Petrol,First Owner,Yes,No,Yes
Mahindra,XUV300,2023,0-20k,1000-1500cc,Good (18-24 km/l),Manual,Diesel,First Owner,Yes,No,Yes
Ford,Endeavour,2020,20k-50k,1000-1500cc,Good (18-24 km/l),Manual,Diesel,Second Owner,No,No,Yes
Hyundai,i10,2013,80k-120k,<1000cc,Good (18-24 km/l),Automatic,Diesel,First Owner,No,Yes,No
Volkswagen,Taigun,2006,120k+,1000-1500cc,Excellent (24+ km/l),Manual,Diesel,Fourth & Above,No,Yes,No
Maruti Suzuki,Dzire,2021,20k-50k,<1000cc,Excellent (24+ km/l),Manual,Diesel,First Owner,Yes,No,Yes
Maruti Suzuki,Alto,2020,50k-80k,1000-1500cc,Good (18-24 km/l),Manual,Diesel,First Owner,Yes,No,Yes
Tata,Nexon,2021,50k-80k,1500-2000cc,Good (18-24 km/l),Automatic,Hybrid,First Owner,Yes,No,Yes
Tata,Altroz,2022,0-20k,2000cc+,Average (12-18 km/l),Manual,Petrol,First Owner,Yes,No,Yes
Hyundai,Venue,2019,0-20k,1000-1500cc,Good (18-24 km/l),Manual,Petrol,First Owner,No,No,Yes
Mahindra,Scorpio,2012,120k+,2000cc+,Average (12-18 km/l),Manual,Petrol,Third Owner,Yes,No,No
Tata,Nexon,2023,0-20k,1000-1500cc,Good (18-24 km/l),Manual,Petrol,First Owner,Yes,Yes,Yes
Hyundai,Venue,2020,0-20k,1000-1500cc,Good (18-24 km/l),Manual,Petrol,First Owner,Yes,No,Yes
Hyundai,i10,2021,20k-50k,1500-2000cc,Good (18-24 km/l),Manual,Diesel,First Owner,No,No,Yes
Audi,Q3,2023,0-20k,1500-2000cc,Average (12-18 km/l),Automatic,Petrol,First Owner,Yes,No,Yes
Tata,Harrier,2023,20k-50k,2000cc+,Average (12-18 km/l),Manual,Petrol,First Owner,Yes,No,Yes
Mahindra,XUV500,2020,80k-120k,1500-2000cc,Good (18-24 km/l),Manual,Petrol,Third Owner,Yes,No,Yes
Honda,City,2016,0-20k,1500-2000cc,Good (18-24 km/l),Manual,Petrol,First Owner,Yes,No,Yes
Mercedes-Benz,C-Class,2023,0-20k,2000cc+,Low (<12 km/l),Automatic,Petrol,First Owner,No,No,Yes
Hyundai,Venue,2021,0-20k,1000-1500cc,Good (18-24 km/l),Manual,Petrol,First Owner,Yes,No,Yes
Ford,Endeavour,2018,20k-50k,1500-2000cc,Good (18-24 km/l),Manual,Petrol,First Owner,No,Yes,No
Ford,Figo,2020,20k-50k,1000-1500cc,Good (18-24 km/l),Manual,Petrol,Second Owner,Yes,Yes,Yes
Honda,Jazz,2018,20k-50k,1000-1500cc,Good (18-24 km/l),Manual,Diesel,First Owner,No,No,Yes
Maruti Suzuki,Baleno,2023,0-20k,1000-1500cc,Good (18-24 km/l),Automatic,Diesel,First Owner,Yes,No,Yes
Toyota,Yaris,2019,0-20k,1500-2000cc,Good (18-24 km/l),Manual,Petrol,Fourth & Above,Yes,No,Yes
Maruti Suzuki,Baleno,2022,20k-50k,1000-1500cc,Excellent (24+ km/l),Manual,Diesel,First Owner,Yes,No,Yes
Honda,City,2022,0-20k,1500-2000cc,Good (18-24 km/l),Automatic,Hybrid,First Owner,Yes,No,Yes
Volkswagen,Polo,2022,20k-50k,1000-1500cc,Good (18-24 km/l),Manual,Petrol,First Owner,Yes,No,Yes
Hyundai,Verna,2022,0-20k,1000-1500cc,Good (18-24 km/l),Automatic,Petrol,First Owner,Yes,No,Yes
Skoda,Octavia,2023,0-20k,1000-1500cc,Good (18-24 km/l),Automatic,Hybrid,First Owner,Yes,No,Yes
Maruti Suzuki,Alto,2018,80k-120k,<1000cc,Good (18-24 km/l),Automatic,Petrol,First Owner,No,Yes,No
Skoda,Rapid,2012,50k-80k,<1000cc,Good (18-24 km/l),Manual,Petrol,First Owner,Yes,No,Yes
Mahindra,XUV300,2022,20k-50k,2000cc+,Good (18-24 km/l),Manual,Diesel,First Owner,Yes,Yes,Yes
Hyundai,i20,2019,0-20k,1000-1500cc,Good (18-24 km/l),Manual,Petrol,First Owner,Yes,No,Yes
Maruti Suzuki,Swift,2012,120k+,1000-1500cc,Good (18-24 km/l),Manual,Petrol,First Owner,No,No,No
Audi,A4,2012,120k+,2000cc+,Average (12-18 km/l),Automatic,Petrol,First Owner,Yes,Yes,No
Maruti Suzuki,Ertiga,2013,120k+,1000-1500cc,Good (18-24 km/l),Manual,Petrol,Third Owner,No,No,No
Hyundai,Venue,2022,20k-50k,1000-1500cc,Good (18-24 km/l),Manual,Diesel,First Owner,Yes,No,Yes
Tata,Altroz,2021,0-20k,2000cc+,Good (18-24 km/l),Automatic,Diesel,First Owner,No,No,Yes
Toyota,Innova,2014,20k-50k,2000cc+,Good (18-24 km/l),Manual,CNG,Second Owner,Yes,Yes,No
Honda,Amaze,2022,0-20k,1000-1500cc,Good (18-24 km/l),Automatic,Petrol,Second Owner,Yes,No,Yes
Maruti Suzuki,Baleno,2016,0-20k,1500-2000cc,Good (18-24 km/l),Manual,Petrol,First Owner,Yes,No,Yes
Hyundai,Verna,2022,20k-50k,1000-1500cc,Good (18-24 km/l),Automatic,Petrol,Second Owner,Yes,No,Yes
Hyundai,i10,2019,20k-50k,1000-1500cc,Good (18-24 km/l),Manual,Petrol,Second Owner,Yes,Yes,Yes
Hyundai,Venue,2022,0-20k,1000-1500cc,Average (12-18 km/l),Manual,Petrol,First Owner,Yes,No,Yes
Tata,Punch,2018,20k-50k,2000cc+,Good (18-24 km/l),Manual,Petrol,Second Owner,Yes,No,Yes
Ford,Endeavour,2017,80k-120k,1500-2000cc,Good (18-24 km/l),Manual,Petrol,First Owner,No,No,No
Hyundai,Creta,2022,0-20k,1000-1500cc,Average (12-18 km/l),Manual,Petrol,First Owner,Yes,No,Yes
Tata,Harrier,2008,120k+,1000-1500cc,Excellent (24+ km/l),Manual,CNG,Fourth & Above,No,Yes,No
Tata,Harrier,2023,0-20k,2000cc+,Average (12-18 km/l),Automatic,Petrol,First Owner,Yes,No,Yes
Mercedes-Benz,C-Class,2021,20k-50k,2000cc+,Average (12-18 km/l),Automatic,Diesel,First Owner,Yes,No,Yes
Audi,A4,2019,50k-80k,2000cc+,Average (12-18 km/l),Manual,Petrol,Second Owner,Yes,Yes,Yes
Renault,Triber,2021,50k-80k,1000-1500cc,Good (18-24 km/l),Automatic,Petrol,First Owner,Yes,No,Yes
Hyundai,Creta,2012,120k+,1000-1500cc,Excellent (24+ km/l),Manual,CNG,Second Owner,Yes,Yes,No
Maruti Suzuki,Ertiga,2020,0-20k,<1000cc,Excellent (24+ km/l),Manual,Diesel,Second Owner,Yes,No,Yes
Hyundai,i10,2023,20k-50k,1500-2000cc,Good (18-24 km/l),Manual,Petrol,First Owner,Yes,No,Yes
Hyundai,i10,2015,80k-120k,1500-2000cc,Excellent (24+ km/l),Manual,CNG,First Owner,No,Yes,No
Mahindra,XUV300,2022,50k-80k,1000-1500cc,Good (18-24 km/l),Manual,Diesel,First Owner,Yes,No,Yes
Volkswagen,Taigun,2019,20k-50k,1000-1500cc,Good (18-24 km/l),Manual,Petrol,Second Owner,No,No,Yes
Skoda,Octavia,2021,20k-50k,1000-1500cc,Excellent (24+ km/l),Manual,Diesel,First Owner,Yes,Yes,Yes
Skoda,Octavia,2014,20k-50k,1000-1500cc,Good (18-24 km/l),Manual,Diesel,First Owner,Yes,Yes,Yes
Tata,Punch,2019,0-20k,1500-2000cc,Good (18-24 km/l),Manual,Diesel,First Owner,Yes,No,Yes
Ford,Endeavour,2023,0-20k,1000-1500cc,Excellent (24+ km/l),Manual,Diesel,First Owner,Yes,No,Yes
Hyundai,i20,2014,80k-120k,1000-1500cc,Good (18-24 km/l),Automatic,Petrol,First Owner,Yes,Yes,Yes
Maruti Suzuki,WagonR,2021,20k-50k,1000-1500cc,Good (18-24 km/l),Manual,Diesel,First Owner,Yes,No,Yes
Ford,Figo,2020,20k-50k,1000-1500cc,Good (18-24 km/l),Manual,Diesel,First Owner,Yes,No,Yes
Maruti Suzuki,Baleno,2020,0-20k,1500-2000cc,Good (18-24 km/l),Manual,Diesel,First Owner,Yes,No,Yes
Tata,Punch,2021,0-20k,1500-2000cc,Good (18-24 km/l),Automatic,Diesel,First Owner,Yes,No,Yes
Tata,Tiago,2019,0-20k,1500-2000cc,Good (18-24 km/l),Manual,Diesel,Second Owner,No,No,Yes
Ford,EcoSport,2006,120k+,<1000cc,Good (18-24 km/l),Manual,Hybrid,Third Owner,Yes,Yes,No
Volkswagen,Taigun,2023,0-20k,1000-1500cc,Good (18-24 km/l),Manual,Diesel,First Owner,Yes,No,Yes
Hyundai,Creta,2022,20k-50k,1500-2000cc,Excellent (24+ km/l),Manual,CNG,First Owner,Yes,No,Yes
Renault,Triber,2014,50k-80k,1000-1500cc,Good (18-24 km/l),Manual,Petrol,First Owner,No,Yes,No
Hyundai,Verna,2018,80k-120k,1000-1500cc,Good (18-24 km/l),Manual,Petrol,Second Owner,Yes,No,Yes
Mahindra,XUV500,2022,0-20k,1000-1500cc,Good (18-24 km/l),Manual,Petrol,First Owner,Yes,Yes,Yes
Ford,Endeavour,2023,0-20k,1000-1500cc,Good (18-24 km/l),Manual,Petrol,First Owner,Yes,Yes,Yes
Ford,EcoSport,2023,0-20k,1000-1500cc,Excellent (24+ km/l),Automatic,Electric,First Owner,Yes,No,Yes
Mercedes-Benz,C-Class,2023,0-20k,2000cc+,Average (12-18 km/l),Automatic,Petrol,First Owner,Yes,No,Yes
Hyundai,Creta,2013,50k-80k,1500-2000cc,Average (12-18 km/l),Automatic,Petrol,First Owner,Yes,No,Yes
Toyota,Innova,2023,0-20k,1000-1500cc,Good (18-24 km/l),Manual,Petrol,First Owner,Yes,No,Yes
Honda,City,2023,0-20k,<1000cc,Excellent (24+ km/l),Automatic,Diesel,First Owner,Yes,No,Yes
BMW,5 Series,2018,20k-50k,2000cc+,Average (12-18 km/l),Automatic,Petrol,Second Owner,Yes,No,No
Maruti Suzuki,Ertiga,2018,120k+,1000-1500cc,Good (18-24 km/l),Manual,Petrol,First Owner,No,No,No
Volkswagen,Taigun,2019,50k-80k,1000-1500cc,Good (18-24 km/l),Manual,Petrol,First Owner,Yes,No,Yes
Honda,City,2021,0-20k,1000-1500cc,Good (18-24 km/l),Automatic,Petrol,First Owner,Yes,No,Yes
Hyundai,Verna,2016,80k-120k,1000-1500cc,Good (18-24 km/l),Manual,Petrol,Second Owner,No,No,No
Mahindra,Thar,2007,120k+,1500-2000cc,Good (18-24 km/l),Manual,Diesel,Second Owner,No,Yes,No
Tata,Harrier,2013,80k-120k,2000cc+,Good (18-24 km/l),Manual,Petrol,First Owner,Yes,No,Yes
Honda,City,2019,50k-80k,1000-1500cc,Good (18-24 km/l),Manual,Hybrid,First Owner,Yes,No,Yes
Kia,Seltos,2016,50k-80k,1000-1500cc,Good (18-24 km/l),Manual,Petrol,First Owner,No,Yes,No
Honda,WR-V,2022,20k-50k,1500-2000cc,Average (12-18 km/l),Automatic,Petrol,Third Owner,Yes,No,Yes
Toyota,Fortuner,2011,0-20k,1500-2000cc,Good (18-24 km/l),Manual,Diesel,Fourth & Above,No,Yes,No
Mahindra,Scorpio,2023,0-20k,1500-2000cc,Average (12-18 km/l),Automatic,Petrol,First Owner,Yes,No,Yes
Maruti Suzuki,WagonR,2023,0-20k,1000-1500cc,Good (18-24 km/l),Automatic,Petrol,First Owner,Yes,No,Yes
Hyundai,i10,2023,20k-50k,<1000cc,Average (12-18 km/l),Manual,Petrol,First Owner,Yes,No,Yes
Mahindra,XUV500,2022,0-20k,2000cc+,Good (18-24 km/l),Manual,Diesel,First Owner,Yes,No,Yes
Hyundai,Venue,2011,50k-80k,1000-1500cc,Good (18-24 km/l),Manual,Petrol,Third Owner,No,Yes,No
Hyundai,Venue,2019,20k-50k,1000-1500cc,Good (18-24 km/l),Manual,Diesel,First Owner,Yes,No,Yes
Mahindra,Scorpio,2012,0-20k,2000cc+,Excellent (24+ km/l),Manual,Diesel,Third Owner,Yes,No,Yes
Tata,Harrier,2023,0-20k,1000-1500cc,Good (18-24 km/l),Automatic,Diesel,Second Owner,Yes,No,Yes
Hyundai,i20,2017,0-20k,<1000cc,Excellent (24+ km/l),Manual,CNG,Third Owner,Yes,No,Yes
Mahindra,Thar,2020,0-20k,1000-1500cc,Good (18-24 km/l),Manual,Diesel,Second Owner,Yes,No,Yes
Maruti Suzuki,WagonR,2022,20k-50k,1000-1500cc,Good (18-24 km/l),Manual,Diesel,Second Owner,No,No,Yes
BMW,3 Series,2023,0-20k,1500-2000cc,Good (18-24 km/l),Manual,Petrol,First Owner,Yes,No,Yes
Skoda,Octavia,2022,0-20k,1000-1500cc,Good (18-24 km/l),Automatic,Petrol,First Owner,Yes,No,Yes
Ford,Endeavour,2021,20k-50k,1000-1500cc,Good (18-24 km/l),Automatic,Diesel,First Owner,Yes,No,Yes
Maruti Suzuki,WagonR,2019,80k-120k,1500-2000cc,Good (18-24 km/l),Manual,Petrol,First Owner,Yes,Yes,Yes
Volkswagen,Vento,2020,0-20k,1000-1500cc,Good (18-24 km/l),Manual,Petrol,Second Owner,Yes,No,Yes
Renault,Duster,2011,120k+,<1000cc,Good (18-24 km/l),Manual,Petrol,Fourth & Above,No,Yes,No
Volkswagen,Vento,2023,0-20k,1000-1500cc,Excellent (24+ km/l),Automatic,CNG,First Owner,Yes,No,Yes
Maruti Suzuki,Baleno,2020,0-20k,1000-1500cc,Good (18-24 km/l),Manual,Diesel,Second Owner,Yes,Yes,Yes
Toyota,Fortuner,2008,120k+,1500-2000cc,Good (18-24 km/l),Manual,Petrol,Second Owner,Yes,Yes,No
Skoda,Octavia,2023,0-20k,1500-2000cc,Good (18-24 km/l),Automatic,Petrol,Second Owner,Yes,No,Yes
Honda,WR-V,2019,20k-50k,1000-1500cc,Good (18-24 km/l),Manual,Petrol,Second Owner,No,No,Yes
Toyota,Glanza,2023,0-20k,1500-2000cc,Good (18-24 km/l),Manual,Petrol,First Owner,Yes,No,Yes
Mahindra,XUV500,2023,0-20k,1000-1500cc,Good (18-24 km/l),Manual,Diesel,First Owner,Yes,No,Yes
Mahindra,XUV500,2022,0-20k,2000cc+,Average (12-18 km/l),Manual,Petrol,Second Owner,No,No,Yes
Maruti Suzuki,Swift,2009,50k-80k,1000-1500cc,Excellent (24+ km/l),Manual,Diesel,Second Owner,No,Yes,No
Toyota,Innova,2015,80k-120k,1000-1500cc,Excellent (24+ km/l),Manual,CNG,Second Owner,Yes,Yes,No
Maruti Suzuki,WagonR,2023,0-20k,1000-1500cc,Average (12-18 km/l),Automatic,Petrol,First Owner,Yes,No,Yes
Mahindra,XUV500,2023,0-20k,2000cc+,Excellent (24+ km/l),Manual,CNG,Second Owner,Yes,No,Yes
Hyundai,Verna,2019,80k-120k,1500-2000cc,Good (18-24 km/l),Manual,Petrol,First Owner,Yes,No,Yes
Honda,Jazz,2019,20k-50k,1000-1500cc,Good (18-24 km/l),Automatic,Petrol,Third Owner,Yes,No,Yes
Maruti Suzuki,Swift,2014,120k+,1000-1500cc,Good (18-24 km/l),Manual,Petrol,First Owner,Yes,No,No
Ford,Figo,2023,0-20k,1000-1500cc,Good (18-24 km/l),Manual,Petrol,Second Owner,Yes,No,Yes
Renault,Triber,2015,0-20k,1000-1500cc,Good (18-24 km/l),Manual,Hybrid,Second Owner,Yes,No,Yes
Maruti Suzuki,Alto,2014,80k-120k,<1000cc,Good (18-24 km/l),Manual,Petrol,Second Owner,No,Yes,No
Maruti Suzuki,Swift,2021,20k-50k,1500-2000cc,Good (18-24 km/l),Automatic,Diesel,First Owner,Yes,No,Yes
Maruti Suzuki,Alto,2015,20k-50k,1500-2000cc,Good (18-24 km/l),Manual,Diesel,Second Owner,Yes,Yes,Yes
Kia,Seltos,2023,0-20k,1000-1500cc,Good (18-24 km/l),Automatic,Petrol,First Owner,Yes,No,Yes
Mahindra,Scorpio,2006,20k-50k,2000cc+,Good (18-24 km/l),Manual,Petrol,First Owner,No,Yes,No
Mahindra,Thar,2005,120k+,2000cc+,Average (12-18 km/l),Automatic,Petrol,Third Owner,No,No,No
Maruti Suzuki,Dzire,2019,0-20k,<1000cc,Good (18-24 km/l),Automatic,Petrol,Second Owner,Yes,No,Yes
Toyota,Fortuner,2019,0-20k,1500-2000cc,Excellent (24+ km/l),Automatic,Electric,First Owner,Yes,No,Yes
Skoda,Octavia,2013,50k-80k,1000-1500cc,Excellent (24+ km/l),Automatic,Diesel,Second Owner,No,No,No
Renault,Duster,2019,20k-50k,1000-1500cc,Excellent (24+ km/l),Manual,Electric,First Owner,Yes,Yes,Yes
Toyota,Fortuner,2018,0-20k,2000cc+,Good (18-24 km/l),Manual,Diesel,Third Owner,Yes,No,Yes
Maruti Suzuki,Baleno,2023,20k-50k,1000-1500cc,Good (18-24 km/l),Manual,Petrol,First Owner,Yes,No,Yes
Maruti Suzuki,Baleno,2006,50k-80k,1000-1500cc,Good (18-24 km/l),Manual,Petrol,First Owner,No,No,No
Maruti Suzuki,WagonR,2023,0-20k,1000-1500cc,Excellent (24+ km/l),Manual,Diesel,First Owner,Yes,No,Yes
Hyundai,Verna,2021,0-20k,1000-1500cc,Average (12-18 km/l),Automatic,Petrol,First Owner,Yes,No,Yes
Maruti Suzuki,Swift,2013,20k-50k,<1000cc,Good (18-24 km/l),Manual,Petrol,First Owner,Yes,Yes,No
Hyundai,i10,2008,80k-120k,1000-1500cc,Good (18-24 km/l),Manual,Petrol,Third Owner,No,No,No
Tata,Nexon,2020,20k-50k,1000-1500cc,Average (12-18 km/l),Manual,Petrol,Second Owner,Yes,Yes,Yes
BMW,5 Series,2015,80k-120k,2000cc+,Average (12-18 km/l),Automatic,Diesel,Second Owner,Yes,No,Yes
Toyota,Glanza,2017,50k-80k,1500-2000cc,Good (18-24 km/l),Manual,Diesel,First Owner,Yes,No,Yes
Skoda,Octavia,2015,50k-80k,1000-1500cc,Good (18-24 km/l),Automatic,Diesel,Second Owner,No,Yes,No
Ford,EcoSport,2021,0-20k,1500-2000cc,Good (18-24 km/l),Manual,Diesel,Second Owner,Yes,No,Yes
Maruti Suzuki,Dzire,2020,20k-50k,<1000cc,Good (18-24 km/l),Manual,Diesel,First Owner,Yes,No,Yes
Volkswagen,Taigun,2010,120k+,1000-1500cc,Excellent (24+ km/l),Manual,Diesel,Second Owner,No,Yes,No
Hyundai,Creta,2020,0-20k,1000-1500cc,Good (18-24 km/l),Manual,Petrol,Second Owner,Yes,No,Yes
Toyota,Yaris,2022,0-20k,2000cc+,Good (18-24 km/l),Manual,CNG,First Owner,No,No,Yes
Tata,Altroz,2010,80k-120k,1500-2000cc,Average (12-18 km/l),Manual,Petrol,Second Owner,No,No,No
Mercedes-Benz,GLA,2023,0-20k,1500-2000cc,Good (18-24 km/l),Automatic,Petrol,First Owner,Yes,No,Yes
Hyundai,Venue,2020,20k-50k,1500-2000cc,Average (12-18 km/l),Automatic,Petrol,Second Owner,No,No,No
Hyundai,i20,2023,20k-50k,1500-2000cc,Good (18-24 km/l),Automatic,Petrol,First Owner,Yes,No,Yes
BMW,X1,2013,120k+,1500-2000cc,Good (18-24 km/l),Manual,Petrol,Third Owner,Yes,No,No
Maruti Suzuki,Ertiga,2023,20k-50k,1500-2000cc,Average (12-18 km/l),Automatic,Petrol,First Owner,Yes,No,Yes
Ford,Figo,2021,20k-50k,1000-1500cc,Good (18-24 km/l),Manual,Diesel,First Owner,Yes,No,Yes
Ford,Figo,2020,50k-80k,1000-1500cc,Good (18-24 km/l),Automatic,Petrol,First Owner,Yes,No,Yes
Skoda,Kushaq,2020,20k-50k,1000-1500cc,Average (12-18 km/l),Automatic,Petrol,Third Owner,Yes,No,Yes
Audi,A4,2007,120k+,1500-2000cc,Average (12-18 km/l),Manual,Petrol,First Owner,No,Yes,No
Mercedes-Benz,GLA,2023,0-20k,1500-2000cc,Good (18-24 km/l),Automatic,Diesel,First Owner,Yes,No,Yes
Maruti Suzuki,Ertiga,2021,0-20k,1000-1500cc,Good (18-24 km/l),Automatic,Diesel,First Owner,No,Yes,Yes
Renault,Kwid,2011,120k+,<1000cc,Good (18-24 km/l),Manual,Petrol,Second Owner,No,Yes,No
Toyota,Yaris,2007,120k+,2000cc+,Excellent (24+ km/l),Manual,CNG,First Owner,No,No,No
Toyota,Innova,2009,120k+,1000-1500cc,Good (18-24 km/l),Manual,Petrol,Fourth & Above,No,No,No
Maruti Suzuki,Alto,2021,20k-50k,<1000cc,Excellent (24+ km/l),Manual,Diesel,First Owner,Yes,No,Yes
Toyota,Innova,2021,0-20k,1000-1500cc,Good (18-24 km/l),Automatic,Diesel,First Owner,Yes,No,Yes
Mercedes-Benz,GLA,2019,20k-50k,2000cc+,Average (12-18 km/l),Automatic,Petrol,First Owner,Yes,Yes,Yes
BMW,X1,2017,50k-80k,1500-2000cc,Good (18-24 km/l),Automatic,Diesel,First Owner,Yes,Yes,No
Mahindra,Scorpio,2020,20k-50k,1000-1500cc,Good (18-24 km/l),Manual,Petrol,Third Owner,Yes,No,Yes
Maruti Suzuki,Alto,2020,50k-80k,1500-2000cc,Average (12-18 km/l),Automatic,Diesel,First Owner,Yes,Yes,No
Tata,Altroz,2006,120k+,1500-2000cc,Good (18-24 km/l),Manual,Petrol,Third Owner,No,Yes,No
Renault,Duster,2016,20k-50k,1000-1500cc,Good (18-24 km/l),Manual,Diesel,Third Owner,Yes,No,Yes
Ford,Endeavour,2009,120k+,1500-2000cc,Average (12-18 km/l),Manual,Hybrid,Third Owner,No,No,No
Mahindra,Thar,2023,0-20k,1000-1500cc,Excellent (24+ km/l),Manual,Diesel,First Owner,No,No,Yes
Maruti Suzuki,Alto,2022,0-20k,1000-1500cc,Good (18-24 km/l),Manual,Petrol,First Owner,Yes,No,Yes
Tata,Nexon,2023,0-20k,1500-2000cc,Good (18-24 km/l),Automatic,Petrol,First Owner,Yes,No,Yes
Mahindra,Thar,2017,50k-80k,2000cc+,Good (18-24 km/l),Manual,Diesel,First Owner,Yes,No,Yes
BMW,3 Series,2023,0-20k,2000cc+,Average (12-18 km/l),Manual,Petrol,First Owner,Yes,No,Yes
Toyota,Innova,2020,50k-80k,1000-1500cc,Excellent (24+ km/l),Manual,CNG,Fourth & Above,Yes,No,Yes
Hyundai,i20,2019,50k-80k,1000-1500cc,Excellent (24+ km/l),Manual,CNG,First Owner,Yes,No,Yes
Mahindra,XUV500,2015,120k+,1500-2000cc,Average (12-18 km/l),Manual,Petrol,Second Owner,Yes,Yes,No
Maruti Suzuki,Baleno,2022,0-20k,1500-2000cc,Good (18-24 km/l),Manual,Diesel,First Owner,Yes,No,Yes
Audi,A4,2023,0-20k,2000cc+,Excellent (24+ km/l),Automatic,Electric,First Owner,Yes,No,Yes
Tata,Altroz,2015,20k-50k,2000cc+,Good (18-24 km/l),Manual,Petrol,Second Owner,Yes,No,Yes
Mahindra,XUV500,2014,50k-80k,1000-1500cc,Good (18-24 km/l),Manual,Petrol,First Owner,No,No,No
Tata,Altroz,2021,20k-50k,1000-1500cc,Good (18-24 km/l),Manual,Petrol,Second Owner,Yes,No,Yes
Ford,EcoSport,2023,0-20k,1500-2000cc,Average (12-18 km/l),Automatic,Petrol,First Owner,Yes,No,Yes
Toyota,Glanza,2022,20k-50k,1500-2000cc,Excellent (24+ km/l),Manual,Electric,First Owner,Yes,No,Yes
Ford,Endeavour,2016,80k-120k,1000-1500cc,Good (18-24 km/l),Manual,Petrol,Second Owner,No,No,No
Hyundai,i20,2018,50k-80k,1000-1500cc,Good (18-24 km/l),Manual,Petrol,First Owner,No,Yes,No
Hyundai,Creta,2018,20k-50k,1000-1500cc,Good (18-24 km/l),Manual,Petrol,Second Owner,Yes,No,Yes
Maruti Suzuki,WagonR,2023,0-20k,1500-2000cc,Good (18-24 km/l),Manual,Petrol,Second Owner,Yes,No,Yes
Toyota,Glanza,2022,0-20k,2000cc+,Average (12-18 km/l),Automatic,Petrol,Second Owner,Yes,No,Yes
Maruti Suzuki,Dzire,2020,50k-80k,1000-1500cc,Excellent (24+ km/l),Automatic,Diesel,First Owner,No,Yes,No
Honda,Amaze,2016,50k-80k,1500-2000cc,Excellent (24+ km/l),Manual,Diesel,Third Owner,No,Yes,No
Skoda,Rapid,2023,0-20k,<1000cc,Good (18-24 km/l),Manual,Petrol,First Owner,No,No,Yes
Kia,Carens,2021,20k-50k,1000-1500cc,Good (18-24 km/l),Automatic,Diesel,First Owner,Yes,No,Yes
Mahindra,XUV500,2023,0-20k,1500-2000cc,Good (18-24 km/l),Automatic,CNG,First Owner,Yes,No,Yes
Mahindra,XUV300,2020,50k-80k,1000-1500cc,Good (18-24 km/l),Manual,Petrol,Second Owner,Yes,Yes,No
Maruti Suzuki,WagonR,2022,0-20k,<1000cc,Good (18-24 km/l),Manual,Petrol,Second Owner,No,No,Yes
Toyota,Fortuner,2022,20k-50k,2000cc+,Average (12-18 km/l),Automatic,Petrol,Second Owner,Yes,No,Yes
Renault,Kwid,2017,0-20k,1000-1500cc,Good (18-24 km/l),Manual,Petrol,First Owner,Yes,Yes,Yes
Hyundai,Verna,2023,0-20k,1500-2000cc,Good (18-24 km/l),Manual,Diesel,First Owner,Yes,No,Yes
Tata,Altroz,2007,120k+,1500-2000cc,Good (18-24 km/l),Manual,Diesel,Second Owner,No,Yes,No
Skoda,Rapid,2022,20k-50k,1000-1500cc,Good (18-24 km/l),Manual,Petrol,First Owner,Yes,No,Yes
Kia,Seltos,2023,0-20k,1000-1500cc,Good (18-24 km/l),Manual,Petrol,First Owner,Yes,No,Yes
Hyundai,i10,2017,20k-50k,1000-1500cc,Good (18-24 km/l),Manual,Petrol,First Owner,No,No,Yes
Honda,City,2021,0-20k,1000-1500cc,Good (18-24 km/l),Manual,Petrol,First Owner,No,Yes,Yes
Hyundai,Venue,2020,0-20k,1000-1500cc,Excellent (24+ km/l),Automatic,CNG,First Owner,Yes,No,Yes
Maruti Suzuki,Baleno,2022,20k-50k,1000-1500cc,Good (18-24 km/l),Automatic,Diesel,First Owner,No,Yes,No
BMW,5 Series,2023,0-20k,2000cc+,Average (12-18 km/l),Automatic,Petrol,First Owner,Yes,No,Yes
Renault,Triber,2020,50k-80k,1000-1500cc,Good (18-24 km/l),Automatic,Petrol,First Owner,No,No,Yes
Volkswagen,Taigun,2022,0-20k,1000-1500cc,Good (18-24 km/l),Automatic,Diesel,First Owner,Yes,No,Yes
Maruti Suzuki,WagonR,2017,20k-50k,1000-1500cc,Good (18-24 km/l),Manual,Petrol,Third Owner,Yes,Yes,No
Skoda,Rapid,2015,120k+,<1000cc,Good (18-24 km/l),Automatic,Diesel,Second Owner,No,Yes,No
Mahindra,XUV300,2019,20k-50k,1500-2000cc,Good (18-24 km/l),Manual,Petrol,Second Owner,No,No,Yes
Tata,Punch,2021,20k-50k,2000cc+,Good (18-24 km/l),Manual,Petrol,First Owner,Yes,No,Yes
Honda,WR-V,2014,50k-80k,<1000cc,Excellent (24+ km/l),Manual,Diesel,Third Owner,No,Yes,No
Maruti Suzuki,WagonR,2021,0-20k,<1000cc,Good (18-24 km/l),Manual,Petrol,First Owner,Yes,No,Yes
Volkswagen,Taigun,2018,50k-80k,1000-1500cc,Good (18-24 km/l),Manual,Petrol,First Owner,No,Yes,No
Honda,WR-V,2022,0-20k,<1000cc,Good (18-24 km/l),Manual,Petrol,Second Owner,Yes,No,Yes
Hyundai,Verna,2008,20k-50k,1500-2000cc,Good (18-24 km/l),Manual,Petrol,Second Owner,Yes,No,Yes
Hyundai,Verna,2021,20k-50k,1500-2000cc,Excellent (24+ km/l),Manual,Diesel,First Owner,Yes,No,Yes
Hyundai,Verna,2021,50k-80k,1000-1500cc,Good (18-24 km/l),Automatic,Petrol,Second Owner,No,Yes,No
Maruti Suzuki,Baleno,2023,0-20k,1000-1500cc,Good (18-24 km/l),Manual,Diesel,First Owner,Yes,Yes,Yes
Honda,Amaze,2021,0-20k,1000-1500cc,Average (12-18 km/l),Automatic,Petrol,First Owner,Yes,No,Yes
Skoda,Kushaq,2022,20k-50k,1000-1500cc,Good (18-24 km/l),Manual,Diesel,First Owner,Yes,No,Yes
Maruti Suzuki,Alto,2023,0-20k,1000-1500cc,Good (18-24 km/l),Manual,Petrol,First Owner,Yes,No,Yes
Maruti Suzuki,WagonR,2021,0-20k,1000-1500cc,Good (18-24 km/l),Manual,Petrol,First Owner,Yes,No,Yes
Honda,City,2016,80k-120k,1000-1500cc,Good (18-24 km/l),Manual,Petrol,First Owner,Yes,Yes,No
Renault,Duster,2023,0-20k,1000-1500cc,Good (18-24 km/l),Automatic,Petrol,Second Owner,Yes,No,Yes
Tata,Harrier,2022,20k-50k,2000cc+,Average (12-18 km/l),Manual,Petrol,First Owner,No,No,Yes
Tata,Nexon,2018,20k-50k,1500-2000cc,Excellent (24+ km/l),Manual,Petrol,Second Owner,No,Yes,No
Honda,Amaze,2021,20k-50k,1500-2000cc,Average (12-18 km/l),Manual,Hybrid,First Owner,Yes,No,Yes
Hyundai,Venue,2023,0-20k,1000-1500cc,Good (18-24 km/l),Automatic,Diesel,First Owner,No,Yes,Yes
Maruti Suzuki,Dzire,2023,0-20k,1000-1500cc,Good (18-24 km/l),Manual,Petrol,First Owner,No,No,Yes
Volkswagen,Polo,2023,0-20k,<1000cc,Good (18-24 km/l),Automatic,Petrol,First Owner,No,No,Yes
Toyota,Yaris,2017,120k+,2000cc+,Good (18-24 km/l),Manual,CNG,Fourth & Above,No,No,No
Honda,City,2018,80k-120k,1000-1500cc,Excellent (24+ km/l),Manual,CNG,First Owner,Yes,Yes,Yes
Volkswagen,Taigun,2012,120k+,1000-1500cc,Excellent (24+ km/l),Manual,Electric,Fourth & Above,No,Yes,No
Toyota,Fortuner,2015,20k-50k,1000-1500cc,Excellent (24+ km/l),Manual,CNG,Fourth & Above,Yes,Yes,No
Hyundai,Venue,2023,0-20k,1000-1500cc,Good (18-24 km/l),Manual,Petrol,First Owner,Yes,No,Yes
Tata,Altroz,2018,20k-50k,2000cc+,Good (18-24 km/l),Manual,Petrol,Second Owner,No,No,Yes
Maruti Suzuki,Alto,2021,50k-80k,1000-1500cc,Good (18-24 km/l),Manual,Diesel,First Owner,Yes,No,Yes
Maruti Suzuki,WagonR,2021,0-20k,1000-1500cc,Excellent (24+ km/l),Manual,Diesel,First Owner,Yes,No,Yes
Toyota,Yaris,2022,0-20k,2000cc+,Good (18-24 km/l),Manual,Petrol,First Owner,Yes,No,Yes
Skoda,Octavia,2014,80k-120k,1500-2000cc,Average (12-18 km/l),Manual,Petrol,Third Owner,Yes,No,No
Audi,Q3,2017,50k-80k,1500-2000cc,Excellent (24+ km/l),Automatic,Electric,First Owner,Yes,No,Yes
Toyota,Glanza,2019,50k-80k,1000-1500cc,Excellent (24+ km/l),Manual,Electric,First Owner,Yes,Yes,Yes
Hyundai,Verna,2018,80k-120k,1000-1500cc,Good (18-24 km/l),Manual,Petrol,Second Owner,No,Yes,No
Maruti Suzuki,Baleno,2023,20k-50k,1000-1500cc,Good (18-24 km/l),Manual,Petrol,First Owner,Yes,No,Yes
Renault,Duster,2022,0-20k,1000-1500cc,Excellent (24+ km/l),Manual,CNG,First Owner,Yes,No,Yes
Honda,WR-V,2019,20k-50k,1000-1500cc,Good (18-24 km/l),Automatic,Petrol,Second Owner,Yes,No,Yes
Toyota,Yaris,2023,0-20k,2000cc+,Average (12-18 km/l),Manual,Diesel,First Owner,Yes,No,Yes
Renault,Kwid,2017,20k-50k,1000-1500cc,Good (18-24 km/l),Manual,Petrol,First Owner,Yes,No,Yes
Ford,Figo,2022,0-20k,1000-1500cc,Good (18-24 km/l),Manual,Diesel,First Owner,Yes,No,Yes
Skoda,Rapid,2015,120k+,<1000cc,Average (12-18 km/l),Automatic,Petrol,First Owner,No,No,No
Maruti Suzuki,Baleno,2022,0-20k,1000-1500cc,Excellent (24+ km/l),Automatic,CNG,First Owner,No,No,Yes
Volkswagen,Vento,2019,50k-80k,<1000cc,Good (18-24 km/l),Manual,Petrol,First Owner,Yes,Yes,No
Skoda,Octavia,2011,50k-80k,1000-1500cc,Good (18-24 km/l),Manual,Diesel,First Owner,No,No,No
Hyundai,Creta,2016,20k-50k,<1000cc,Good (18-24 km/l),Manual,Diesel,First Owner,Yes,No,Yes
Toyota,Innova,2018,20k-50k,1500-2000cc,Good (18-24 km/l),Manual,Diesel,First Owner,Yes,Yes,Yes
Hyundai,i20,2022,0-20k,1000-1500cc,Average (12-18 km/l),Automatic,Petrol,Second Owner,Yes,No,Yes
Audi,Q3,2010,50k-80k,1500-2000cc,Good (18-24 km/l),Automatic,Diesel,Fourth & Above,Yes,No,No
Maruti Suzuki,WagonR,2021,0-20k,1000-1500cc,Good (18-24 km/l),Manual,Petrol,First Owner,Yes,Yes,Yes
Honda,City,2021,0-20k,<1000cc,Excellent (24+ km/l),Manual,CNG,First Owner,Yes,No,Yes
Maruti Suzuki,Alto,2021,20k-50k,1000-1500cc,Good (18-24 km/l),Manual,Petrol,First Owner,Yes,No,Yes
Ford,Figo,2022,0-20k,1500-2000cc,Good (18-24 km/l),Manual,Diesel,First Owner,Yes,No,Yes
Maruti Suzuki,Swift,2014,20k-50k,1000-1500cc,Excellent (24+ km/l),Automatic,Diesel,Second Owner,No,No,Yes
Hyundai,Venue,2020,0-20k,1000-1500cc,Average (12-18 km/l),Manual,Petrol,Third Owner,Yes,No,Yes
Mahindra,Bolero,2023,0-20k,1000-1500cc,Good (18-24 km/l),Manual,Petrol,First Owner,Yes,No,Yes
BMW,5 Series,2021,0-20k,2000cc+,Excellent (24+ km/l),Automatic,Electric,First Owner,Yes,No,Yes
Hyundai,Creta,2021,0-20k,1000-1500cc,Good (18-24 km/l),Manual,Petrol,First Owner,Yes,No,Yes
Maruti Suzuki,Swift,2022,20k-50k,1000-1500cc,Good (18-24 km/l),Manual,Diesel,First Owner,Yes,Yes,Yes
Volkswagen,Polo,2017,20k-50k,1500-2000cc,Good (18-24 km/l),Manual,Petrol,First Owner,Yes,No,Yes
Mahindra,Bolero,2021,20k-50k,1000-1500cc,Excellent (24+ km/l),Automatic,CNG,First Owner,Yes,No,Yes
BMW,5 Series,2023,0-20k,2000cc+,Good (18-24 km/l),Automatic,Diesel,First Owner,Yes,No,Yes
Maruti Suzuki,Dzire,2006,50k-80k,1000-1500cc,Excellent (24+ km/l),Manual,CNG,Second Owner,Yes,No,Yes
Toyota,Yaris,2023,0-20k,2000cc+,Good (18-24 km/l),Automatic,CNG,Second Owner,Yes,No,Yes
Hyundai,Verna,2015,50k-80k,1000-1500cc,Excellent (24+ km/l),Manual,Diesel,Third Owner,No,No,No
Maruti Suzuki,Dzire,2019,20k-50k,1500-2000cc,Good (18-24 km/l),Manual,Petrol,Second Owner,Yes,No,Yes
Ford,Figo,2023,0-20k,1000-1500cc,Average (12-18 km/l),Automatic,Petrol,First Owner,Yes,Yes,Yes
Honda,WR-V,2022,0-20k,1000-1500cc,Good (18-24 km/l),Automatic,Petrol,First Owner,Yes,No,Yes
Volkswagen,Taigun,2023,0-20k,1500-2000cc,Good (18-24 km/l),Automatic,Petrol,First Owner,Yes,No,Yes
Hyundai,Creta,2023,0-20k,1000-1500cc,Good (18-24 km/l),Manual,Petrol,First Owner,Yes,Yes,Yes
Mahindra,XUV500,2019,20k-50k,2000cc+,Good (18-24 km/l),Manual,CNG,First Owner,Yes,No,Yes
Tata,Altroz,2021,0-20k,2000cc+,Average (12-18 km/l),Manual,Petrol,First Owner,Yes,No,Yes
Mercedes-Benz,GLA,2018,20k-50k,2000cc+,Good (18-24 km/l),Automatic,Petrol,Second Owner,Yes,No,Yes
Hyundai,Creta,2017,20k-50k,1000-1500cc,Good (18-24 km/l),Automatic,Diesel,First Owner,Yes,No,Yes
Hyundai,Venue,2019,20k-50k,1000-1500cc,Excellent (24+ km/l),Automatic,CNG,First Owner,No,Yes,Yes
Tata,Nexon,2022,0-20k,1500-2000cc,Average (12-18 km/l),Manual,Petrol,First Owner,Yes,No,Yes
Honda,Amaze,2019,20k-50k,1000-1500cc,Good (18-24 km/l),Manual,Petrol,Second Owner,No,No,Yes
Hyundai,Venue,2022,20k-50k,1000-1500cc,Good (18-24 km/l),Automatic,Petrol,Second Owner,Yes,No,Yes
BMW,5 Series,2022,0-20k,2000cc+,Average (12-18 km/l),Automatic,Petrol,First Owner,Yes,No,Yes
Hyundai,Verna,2007,20k-50k,1000-1500cc,Good (18-24 km/l),Manual,Diesel,Third Owner,No,No,No
Kia,Carens,2021,20k-50k,1000-1500cc,Good (18-24 km/l),Automatic,Diesel,First Owner,Yes,No,Yes
Maruti Suzuki,Alto,2019,80k-120k,1500-2000cc,Good (18-24 km/l),Manual,Diesel,First Owner,Yes,Yes,No
Toyota,Innova,2019,0-20k,2000cc+,Excellent (24+ km/l),Manual,CNG,First Owner,Yes,No,Yes
Kia,Carens,2022,0-20k,1500-2000cc,Good (18-24 km/l),Automatic,CNG,First Owner,Yes,No,Yes
Maruti Suzuki,Swift,2020,50k-80k,1500-2000cc,Good (18-24 km/l),Manual,Diesel,First Owner,Yes,No,Yes
Audi,A4,2023,0-20k,2000cc+,Average (12-18 km/l),Automatic,Petrol,Second Owner,Yes,No,Yes
Mahindra,Thar,2021,0-20k,2000cc+,Good (18-24 km/l),Manual,Petrol,Second Owner,Yes,No,Yes
Audi,A4,2020,80k-120k,1500-2000cc,Good (18-24 km/l),Automatic,Diesel,First Owner,Yes,Yes,No
Toyota,Fortuner,2022,0-20k,1000-1500cc,Excellent (24+ km/l),Manual,CNG,First Owner,Yes,Yes,Yes
Hyundai,Verna,2008,0-20k,1000-1500cc,Good (18-24 km/l),Manual,Diesel,Second Owner,No,Yes,No
Hyundai,Verna,2007,20k-50k,1000-1500cc,Excellent (24+ km/l),Manual,CNG,First Owner,No,Yes,No
Hyundai,Verna,2010,120k+,1000-1500cc,Average (12-18 km/l),Manual,Petrol,Fourth & Above,No,Yes,No
Maruti Suzuki,Ertiga,2019,50k-80k,1500-2000cc,Average (12-18 km/l),Manual,Petrol,First Owner,Yes,No,Yes
Maruti Suzuki,WagonR,2015,20k-50k,1000-1500cc,Good (18-24 km/l),Manual,Diesel,Third Owner,No,Yes,No
Maruti Suzuki,Baleno,2023,0-20k,1000-1500cc,Excellent (24+ km/l),Manual,CNG,First Owner,No,No,Yes
Tata,Nexon,2020,20k-50k,2000cc+,Average (12-18 km/l),Automatic,Petrol,First Owner,Yes,No,Yes
Renault,Triber,2021,50k-80k,1000-1500cc,Average (12-18 km/l),Manual,Petrol,First Owner,No,No,Yes
Maruti Suzuki,Baleno,2016,0-20k,<1000cc,Excellent (24+ km/l),Manual,Petrol,Second Owner,No,No,Yes
Maruti Suzuki,Dzire,2017,0-20k,1000-1500cc,Good (18-24 km/l),Manual,Petrol,Second Owner,Yes,Yes,Yes
Toyota,Fortuner,2017,20k-50k,1500-2000cc,Good (18-24 km/l),Manual,Petrol,First Owner,Yes,No,Yes
Hyundai,Verna,2021,0-20k,1000-1500cc,Good (18-24 km/l),Automatic,Petrol,Third Owner,Yes,No,Yes
Maruti Suzuki,Dzire,2019,50k-80k,1000-1500cc,Good (18-24 km/l),Automatic,Petrol,First Owner,Yes,No,Yes
Maruti Suzuki,Alto,2020,20k-50k,1000-1500cc,Good (18-24 km/l),Manual,Petrol,Second Owner,No,No,Yes
BMW,X1,2020,50k-80k,2000cc+,Good (18-24 km/l),Automatic,Petrol,First Owner,No,No,No
Renault,Duster,2022,0-20k,1000-1500cc,Excellent (24+ km/l),Manual,Diesel,First Owner,Yes,No,Yes
Tata,Punch,2011,120k+,1000-1500cc,Good (18-24 km/l),Manual,Diesel,Third Owner,Yes,Yes,No
Toyota,Glanza,2022,0-20k,1000-1500cc,Good (18-24 km/l),Automatic,Petrol,First Owner,Yes,No,Yes
Honda,WR-V,2020,0-20k,1000-1500cc,Good (18-24 km/l),Automatic,Petrol,First Owner,Yes,No,Yes
Toyota,Innova,2021,20k-50k,1000-1500cc,Good (18-24 km/l),Manual,Petrol,First Owner,No,No,Yes
Ford,Endeavour,2017,80k-120k,1000-1500cc,Good (18-24 km/l),Manual,Petrol,Third Owner,Yes,Yes,No
Toyota,Fortuner,2018,120k+,1500-2000cc,Average (12-18 km/l),Manual,Petrol,First Owner,Yes,No,Yes
Hyundai,i20,2015,50k-80k,<1000cc,Good (18-24 km/l),Automatic,Petrol,First Owner,No,No,Yes
Maruti Suzuki,Baleno,2023,0-20k,1000-1500cc,Average (12-18 km/l),Automatic,Petrol,First Owner,Yes,No,Yes
Mahindra,Bolero,2019,0-20k,2000cc+,Good (18-24 km/l),Manual,Diesel,First Owner,Yes,No,Yes
Kia,Carens,2023,0-20k,1000-1500cc,Average (12-18 km/l),Manual,Hybrid,First Owner,Yes,No,Yes
Honda,WR-V,2019,20k-50k,1000-1500cc,Excellent (24+ km/l),Manual,CNG,Second Owner,Yes,No,Yes
Skoda,Rapid,2015,120k+,1000-1500cc,Excellent (24+ km/l),Manual,Diesel,Second Owner,Yes,Yes,No
Mercedes-Benz,GLA,2019,50k-80k,2000cc+,Average (12-18 km/l),Automatic,Diesel,Second Owner,Yes,No,Yes
Maruti Suzuki,Swift,2008,120k+,1000-1500cc,Excellent (24+ km/l),Manual,Electric,Fourth & Above,No,No,No
Ford,Figo,2023,0-20k,<1000cc,Good (18-24 km/l),Automatic,Diesel,First Owner,No,No,Yes
Toyota,Innova,2022,0-20k,1500-2000cc,Good (18-24 km/l),Manual,Petrol,First Owner,Yes,No,Yes
Mercedes-Benz,C-Class,2022,0-20k,2000cc+,Average (12-18 km/l),Automatic,Diesel,Second Owner,Yes,No,Yes
Mercedes-Benz,C-Class,2021,20k-50k,2000cc+,Average (12-18 km/l),Automatic,Petrol,First Owner,No,Yes,Yes
Ford,Endeavour,2020,0-20k,1000-1500cc,Good (18-24 km/l),Manual,Petrol,First Owner,Yes,No,Yes
Hyundai,Creta,2023,0-20k,<1000cc,Good (18-24 km/l),Manual,Petrol,First Owner,Yes,No,Yes
Renault,Triber,2016,50k-80k,1000-1500cc,Good (18-24 km/l),Manual,Petrol,Third Owner,No,No,No
Maruti Suzuki,Swift,2022,0-20k,1000-1500cc,Average (12-18 km/l),Automatic,Diesel,First Owner,Yes,No,Yes
Renault,Kwid,2020,0-20k,1000-1500cc,Excellent (24+ km/l),Manual,CNG,Second Owner,Yes,No,Yes
BMW,5 Series,2023,0-20k,2000cc+,Excellent (24+ km/l),Automatic,Electric,Second Owner,Yes,No,Yes
Tata,Harrier,2022,0-20k,2000cc+,Good (18-24 km/l),Automatic,Petrol,First Owner,Yes,No,Yes
Toyota,Fortuner,2023,0-20k,1000-1500cc,Excellent (24+ km/l),Automatic,Electric,Second Owner,Yes,No,Yes
Mahindra,XUV300,2020,0-20k,1500-2000cc,Good (18-24 km/l),Automatic,Diesel,Second Owner,Yes,No,Yes
Mahindra,Scorpio,2014,80k-120k,2000cc+,Average (12-18 km/l),Automatic,Petrol,Third Owner,No,Yes,No
Hyundai,i10,2019,20k-50k,1000-1500cc,Excellent (24+ km/l),Manual,Diesel,Second Owner,Yes,No,Yes
Volkswagen,Polo,2021,0-20k,<1000cc,Average (12-18 km/l),Automatic,Petrol,First Owner,Yes,No,Yes
BMW,X1,2022,0-20k,1500-2000cc,Average (12-18 km/l),Automatic,Petrol,First Owner,Yes,No,Yes
BMW,X1,2005,120k+,2000cc+,Good (18-24 km/l),Automatic,Diesel,Third Owner,No,Yes,No
Maruti Suzuki,WagonR,2019,50k-80k,1000-1500cc,Excellent (24+ km/l),Manual,Diesel,Third Owner,No,No,Yes
Kia,Carens,2015,80k-120k,<1000cc,Good (18-24 km/l),Manual,Petrol,Second Owner,No,No,No
Volkswagen,Polo,2023,0-20k,1000-1500cc,Excellent (24+ km/l),Manual,CNG,First Owner,Yes,No,Yes
Hyundai,Verna,2013,50k-80k,1000-1500cc,Good (18-24 km/l),Manual,Diesel,Third Owner,Yes,No,Yes
Maruti Suzuki,Dzire,2021,20k-50k,1000-1500cc,Average (12-18 km/l),Manual,Petrol,First Owner,Yes,No,Yes
Hyundai,i20,2016,80k-120k,1000-1500cc,Good (18-24 km/l),Manual,Diesel,Fourth & Above,No,Yes,No
BMW,5 Series,2017,50k-80k,2000cc+,Average (12-18 km/l),Automatic,Petrol,First Owner,No,No,Yes
Toyota,Innova,2023,0-20k,1500-2000cc,Good (18-24 km/l),Manual,Petrol,Second Owner,Yes,No,Yes
Ford,Endeavour,2015,80k-120k,1000-1500cc,Excellent (24+ km/l),Manual,Diesel,First Owner,No,No,Yes
Hyundai,Verna,2011,80k-120k,1000-1500cc,Good (18-24 km/l),Manual,Petrol,Third Owner,No,Yes,No
Ford,EcoSport,2010,20k-50k,1000-1500cc,Good (18-24 km/l),Manual,Petrol,Second Owner,Yes,Yes,No
Maruti Suzuki,Dzire,2019,20k-50k,1000-1500cc,Excellent (24+ km/l),Manual,Diesel,Second Owner,No,Yes,No
Tata,Nexon,2021,0-20k,2000cc+,Good (18-24 km/l),Manual,Diesel,First Owner,Yes,No,Yes
Toyota,Fortuner,2017,80k-120k,2000cc+,Average (12-18 km/l),Manual,Petrol,Second Owner,Yes,No,Yes
Maruti Suzuki,WagonR,2021,0-20k,1000-1500cc,Good (18-24 km/l),Manual,Diesel,First Owner,Yes,No,Yes
Renault,Kwid,2009,120k+,1000-1500cc,Excellent (24+ km/l),Manual,Electric,First Owner,No,Yes,No
Hyundai,i10,2023,0-20k,1000-1500cc,Good (18-24 km/l),Manual,Diesel,First Owner,Yes,No,Yes
Toyota,Innova,2022,0-20k,2000cc+,Good (18-24 km/l),Manual,CNG,First Owner,Yes,No,Yes
Tata,Punch,2023,0-20k,1500-2000cc,Good (18-24 km/l),Manual,Petrol,First Owner,Yes,No,Yes
Honda,WR-V,2023,0-20k,1000-1500cc,Good (18-24 km/l),Manual,Petrol,First Owner,Yes,No,Yes
Maruti Suzuki,Alto,2017,20k-50k,1000-1500cc,Good (18-24 km/l),Manual,Petrol,First Owner,Yes,No,Yes
Maruti Suzuki,Alto,2018,20k-50k,1000-1500cc,Good (18-24 km/l),Manual,Diesel,First Owner,Yes,No,Yes
Kia,Seltos,2022,20k-50k,1000-1500cc,Excellent (24+ km/l),Automatic,Electric,First Owner,Yes,No,Yes
Hyundai,Creta,2012,20k-50k,<1000cc,Excellent (24+ km/l),Manual,CNG,Second Owner,Yes,Yes,Yes
Renault,Triber,2017,20k-50k,1500-2000cc,Good (18-24 km/l),Manual,Petrol,First Owner,No,Yes,Yes
Mercedes-Benz,C-Class,2012,80k-120k,2000cc+,Average (12-18 km/l),Manual,Diesel,First Owner,No,Yes,No
Hyundai,Venue,2019,20k-50k,1000-1500cc,Good (18-24 km/l),Manual,Hybrid,First Owner,Yes,No,Yes
Hyundai,Verna,2020,0-20k,1000-1500cc,Good (18-24 km/l),Automatic,Petrol,First Owner,No,No,Yes
Toyota,Innova,2015,120k+,1000-1500cc,Good (18-24 km/l),Manual,Diesel,Third Owner,Yes,Yes,No
Audi,Q3,2007,120k+,2000cc+,Average (12-18 km/l),Manual,Petrol,Fourth & Above,No,No,No
BMW,X1,2022,0-20k,2000cc+,Average (12-18 km/l),Manual,Petrol,First Owner,Yes,No,Yes
Mahindra,Bolero,2006,120k+,1500-2000cc,Average (12-18 km/l),Manual,Petrol,First Owner,No,No,No
Renault,Duster,2023,0-20k,<1000cc,Good (18-24 km/l),Manual,Petrol,First Owner,Yes,No,Yes
Maruti Suzuki,Baleno,2015,20k-50k,1000-1500cc,Excellent (24+ km/l),Manual,Diesel,First Owner,Yes,No,Yes
Mercedes-Benz,C-Class,2021,0-20k,2000cc+,Excellent (24+ km/l),Automatic,Electric,First Owner,No,No,Yes
Audi,Q3,2019,0-20k,2000cc+,Average (12-18 km/l),Automatic,Petrol,First Owner,Yes,No,Yes
Maruti Suzuki,Baleno,2009,80k-120k,<1000cc,Good (18-24 km/l),Automatic,Petrol,Second Owner,Yes,Yes,No
Hyundai,i20,2019,20k-50k,1000-1500cc,Excellent (24+ km/l),Automatic,CNG,First Owner,Yes,Yes,Yes
Maruti Suzuki,WagonR,2020,20k-50k,1000-1500cc,Good (18-24 km/l),Automatic,Petrol,First Owner,No,No,Yes
Hyundai,Creta,2023,0-20k,1500-2000cc,Good (18-24 km/l),Manual,Diesel,First Owner,Yes,Yes,Yes
Renault,Duster,2022,0-20k,1000-1500cc,Good (18-24 km/l),Manual,Petrol,First Owner,Yes,No,Yes
Tata,Nexon,2010,80k-120k,2000cc+,Average (12-18 km/l),Manual,Petrol,First Owner,Yes,Yes,No
Maruti Suzuki,Dzire,2015,120k+,1500-2000cc,Average (12-18 km/l),Manual,Petrol,Third Owner,No,Yes,No
Tata,Altroz,2017,80k-120k,1500-2000cc,Good (18-24 km/l),Manual,Petrol,First Owner,No,No,No
Mercedes-Benz,GLA,2012,120k+,2000cc+,Average (12-18 km/l),Automatic,Petrol,First Owner,No,Yes,No
Toyota,Glanza,2019,50k-80k,1500-2000cc,Good (18-24 km/l),Manual,Petrol,First Owner,Yes,No,Yes
Tata,Punch,2023,0-20k,1500-2000cc,Average (12-18 km/l),Automatic,Petrol,First Owner,Yes,No,Yes
Maruti Suzuki,WagonR,2020,20k-50k,1500-2000cc,Good (18-24 km/l),Manual,Diesel,First Owner,Yes,Yes,Yes
Mercedes-Benz,GLA,2022,0-20k,2000cc+,Average (12-18 km/l),Manual,Diesel,First Owner,Yes,No,Yes
Renault,Kwid,2021,20k-50k,1000-1500cc,Good (18-24 km/l),Manual,Diesel,First Owner,Yes,No,Yes
Hyundai,Creta,2023,0-20k,<1000cc,Good (18-24 km/l),Automatic,Petrol,First Owner,No,No,Yes
Maruti Suzuki,Swift,2015,20k-50k,1000-1500cc,Average (12-18 km/l),Manual,Petrol,Second Owner,Yes,No,Yes
Maruti Suzuki,WagonR,2022,0-20k,1000-1500cc,Average (12-18 km/l),Manual,Petrol,First Owner,Yes,No,Yes
Maruti Suzuki,Ertiga,2023,0-20k,1000-1500cc,Good (18-24 km/l),Automatic,Petrol,First Owner,Yes,No,Yes
Honda,City,2014,20k-50k,<1000cc,Excellent (24+ km/l),Manual,Electric,Second Owner,Yes,No,Yes
BMW,3 Series,2017,50k-80k,2000cc+,Average (12-18 km/l),Automatic,Diesel,Second Owner,No,No,Yes
Mahindra,XUV300,2023,0-20k,2000cc+,Good (18-24 km/l),Manual,Petrol,First Owner,Yes,No,Yes
Skoda,Kushaq,2022,20k-50k,1500-2000cc,Good (18-24 km/l),Manual,Petrol,First Owner,Yes,Yes,Yes
Mahindra,XUV300,2016,80k-120k,2000cc+,Good (18-24 km/l),Manual,Diesel,Second Owner,Yes,No,Yes
Ford,Figo,2020,20k-50k,1000-1500cc,Good (18-24 km/l),Manual,Petrol,Second Owner,Yes,Yes,Yes
Volkswagen,Taigun,2018,0-20k,1500-2000cc,Good (18-24 km/l),Manual,Diesel,Third Owner,No,No,No
Maruti Suzuki,Alto,2019,0-20k,1000-1500cc,Good (18-24 km/l),Manual,Petrol,First Owner,Yes,No,Yes
Tata,Harrier,2017,50k-80k,2000cc+,Average (12-18 km/l),Manual,Petrol,First Owner,Yes,No,Yes
Toyota,Glanza,2016,80k-120k,2000cc+,Good (18-24 km/l),Manual,CNG,Fourth & Above,Yes,No,No
Maruti Suzuki,WagonR,2021,20k-50k,1000-1500cc,Good (18-24 km/l),Automatic,Petrol,First Owner,Yes,No,Yes
Tata,Tiago,2022,50k-80k,1500-2000cc,Excellent (24+ km/l),Manual,Diesel,First Owner,Yes,No,Yes
Honda,City,2023,0-20k,1000-1500cc,Good (18-24 km/l),Manual,Petrol,Second Owner,Yes,No,Yes
Mercedes-Benz,GLA,2013,120k+,2000cc+,Good (18-24 km/l),Manual,Petrol,First Owner,No,Yes,No
Mahindra,Scorpio,2022,0-20k,2000cc+,Average (12-18 km/l),Manual,Petrol,First Owner,Yes,No,Yes
Renault,Kwid,2016,80k-120k,1000-1500cc,Good (18-24 km/l),Automatic,Petrol,First Owner,No,Yes,No
Mahindra,Scorpio,2018,0-20k,1000-1500cc,Good (18-24 km/l),Manual,Petrol,Second Owner,No,No,Yes
Renault,Duster,2023,0-20k,1500-2000cc,Good (18-24 km/l),Automatic,Diesel,Second Owner,Yes,No,Yes
Honda,Amaze,2019,20k-50k,1500-2000cc,Excellent (24+ km/l),Manual,Electric,Fourth & Above,Yes,Yes,No
Kia,Carens,2014,80k-120k,1500-2000cc,Good (18-24 km/l),Manual,Petrol,First Owner,Yes,No,No
Tata,Altroz,2013,80k-120k,2000cc+,Average (12-18 km/l),Automatic,Petrol,Third Owner,No,Yes,No
Honda,Jazz,2019,50k-80k,1000-1500cc,Excellent (24+ km/l),Manual,Diesel,Second Owner,Yes,No,Yes
Toyota,Fortuner,2022,0-20k,2000cc+,Average (12-18 km/l),Automatic,Petrol,First Owner,Yes,Yes,Yes
Tata,Punch,2023,0-20k,2000cc+,Good (18-24 km/l),Automatic,Diesel,First Owner,Yes,No,Yes
Maruti Suzuki,Swift,2022,20k-50k,<1000cc,Good (18-24 km/l),Manual,Diesel,First Owner,Yes,No,Yes
Maruti Suzuki,Ertiga,2023,0-20k,1000-1500cc,Good (18-24 km/l),Manual,Diesel,First Owner,Yes,No,Yes
Maruti Suzuki,Ertiga,2022,0-20k,1000-1500cc,Good (18-24 km/l),Manual,Petrol,First Owner,Yes,No,Yes
Kia,Carens,2023,0-20k,1000-1500cc,Good (18-24 km/l),Manual,Petrol,First Owner,Yes,No,Yes
Hyundai,Verna,2010,80k-120k,1000-1500cc,Excellent (24+ km/l),Manual,CNG,Second Owner,No,No,No
Hyundai,i20,2023,0-20k,1000-1500cc,Good (18-24 km/l),Manual,Petrol,First Owner,Yes,No,Yes
Volkswagen,Taigun,2018,20k-50k,1000-1500cc,Good (18-24 km/l),Automatic,Hybrid,First Owner,Yes,Yes,Yes
Tata,Punch,2023,0-20k,2000cc+,Average (12-18 km/l),Manual,Diesel,First Owner,Yes,No,Yes
Mahindra,XUV300,2010,120k+,1500-2000cc,Average (12-18 km/l),Manual,Petrol,Third Owner,No,Yes,No
Maruti Suzuki,Dzire,2021,20k-50k,1000-1500cc,Excellent (24+ km/l),Manual,Diesel,First Owner,Yes,No,Yes
Audi,A4,2022,20k-50k,2000cc+,Average (12-18 km/l),Manual,Petrol,Second Owner,Yes,Yes,Yes
Skoda,Octavia,2023,0-20k,1000-1500cc,Good (18-24 km/l),Automatic,Petrol,First Owner,Yes,Yes,Yes
Skoda,Rapid,2022,0-20k,<1000cc,Excellent (24+ km/l),Manual,CNG,First Owner,Yes,No,Yes
Tata,Harrier,2018,50k-80k,1000-1500cc,Average (12-18 km/l),Manual,Petrol,First Owner,Yes,Yes,Yes
Volkswagen,Vento,2020,20k-50k,1000-1500cc,Good (18-24 km/l),Manual,Petrol,Third Owner,Yes,Yes,Yes
Maruti Suzuki,Swift,2018,20k-50k,1000-1500cc,Average (12-18 km/l),Manual,Petrol,Second Owner,No,Yes,No
Maruti Suzuki,Baleno,2014,50k-80k,1000-1500cc,Good (18-24 km/l),Manual,Diesel,Second Owner,Yes,No,Yes
Maruti Suzuki,Swift,2015,120k+,1500-2000cc,Good (18-24 km/l),Manual,Petrol,Second Owner,No,Yes,No
Honda,Jazz,2015,50k-80k,1000-1500cc,Good (18-24 km/l),Manual,Petrol,First Owner,Yes,No,No
Mahindra,Bolero,2020,120k+,2000cc+,Average (12-18 km/l),Automatic,Petrol,First Owner,Yes,Yes,No
Mahindra,Scorpio,2023,0-20k,2000cc+,Good (18-24 km/l),Automatic,CNG,Second Owner,Yes,No,Yes
Maruti Suzuki,Ertiga,2023,0-20k,1000-1500cc,Good (18-24 km/l),Manual,Diesel,First Owner,Yes,No,Yes
Tata,Punch,2009,20k-50k,2000cc+,Excellent (24+ km/l),Manual,CNG,Second Owner,No,No,Yes
Ford,Figo,2010,0-20k,1000-1500cc,Good (18-24 km/l),Manual,Diesel,First Owner,No,No,Yes
Mahindra,XUV300,2015,20k-50k,1000-1500cc,Good (18-24 km/l),Manual,Diesel,Third Owner,Yes,No,No
Volkswagen,Polo,2016,80k-120k,1000-1500cc,Excellent (24+ km/l),Manual,CNG,First Owner,No,No,Yes
Hyundai,Verna,2011,50k-80k,<1000cc,Good (18-24 km/l),Manual,Petrol,First Owner,No,Yes,No
Renault,Triber,2018,0-20k,1000-1500cc,Good (18-24 km/l),Manual,Petrol,Third Owner,Yes,No,Yes
Honda,Jazz,2020,20k-50k,1000-1500cc,Good (18-24 km/l),Automatic,Diesel,Third Owner,Yes,Yes,Yes
Hyundai,i10,2020,50k-80k,1500-2000cc,Good (18-24 km/l),Automatic,CNG,First Owner,Yes,No,Yes
Hyundai,Creta,2020,0-20k,1000-1500cc,Good (18-24 km/l),Automatic,Diesel,First Owner,Yes,No,Yes
Toyota,Innova,2017,80k-120k,1500-2000cc,Good (18-24 km/l),Manual,Petrol,Second Owner,Yes,Yes,No
Renault,Duster,2021,0-20k,1500-2000cc,Excellent (24+ km/l),Manual,Electric,Second Owner,Yes,No,Yes
Tata,Nexon,2022,20k-50k,2000cc+,Good (18-24 km/l),Automatic,Diesel,Second Owner,Yes,No,Yes
Hyundai,Venue,2017,20k-50k,1000-1500cc,Good (18-24 km/l),Manual,Diesel,First Owner,Yes,No,Yes
Skoda,Rapid,2011,120k+,1000-1500cc,Excellent (24+ km/l),Manual,Diesel,Third Owner,Yes,Yes,No
Toyota,Fortuner,2016,120k+,1500-2000cc,Good (18-24 km/l),Manual,Diesel,Second Owner,No,No,No
Mahindra,Bolero,2013,80k-120k,1000-1500cc,Good (18-24 km/l),Manual,Petrol,First Owner,No,Yes,No
Mahindra,XUV300,2019,0-20k,2000cc+,Good (18-24 km/l),Manual,Petrol,Second Owner,No,No,Yes
Hyundai,i20,2013,120k+,1500-2000cc,Excellent (24+ km/l),Manual,Electric,Third Owner,No,No,No
Toyota,Glanza,2019,0-20k,1500-2000cc,Average (12-18 km/l),Manual,Petrol,Third Owner,No,No,Yes
Tata,Punch,2015,120k+,1000-1500cc,Good (18-24 km/l),Manual,Diesel,First Owner,Yes,No,Yes
Mercedes-Benz,GLA,2022,20k-50k,2000cc+,Low (<12 km/l),Automatic,Petrol,First Owner,Yes,No,Yes
Mahindra,Scorpio,2007,120k+,2000cc+,Excellent (24+ km/l),Manual,CNG,Fourth & Above,No,No,No
Mahindra,XUV500,2020,0-20k,2000cc+,Average (12-18 km/l),Automatic,Diesel,First Owner,Yes,No,Yes
Honda,WR-V,2014,80k-120k,1000-1500cc,Good (18-24 km/l),Manual,Diesel,Second Owner,Yes,Yes,No
BMW,3 Series,2005,120k+,1500-2000cc,Good (18-24 km/l),Automatic,Petrol,Third Owner,No,No,No
Renault,Duster,2023,0-20k,1000-1500cc,Good (18-24 km/l),Manual,Petrol,First Owner,Yes,No,Yes
Mahindra,XUV500,2021,20k-50k,1000-1500cc,Good (18-24 km/l),Automatic,Diesel,First Owner,Yes,No,Yes
Ford,EcoSport,2011,0-20k,1000-1500cc,Good (18-24 km/l),Manual,Petrol,Third Owner,No,Yes,No
Honda,Jazz,2021,0-20k,1000-1500cc,Good (18-24 km/l),Automatic,Diesel,First Owner,Yes,No,Yes
Mahindra,Scorpio,2021,20k-50k,2000cc+,Good (18-24 km/l),Manual,Diesel,Second Owner,Yes,No,Yes
Hyundai,Creta,2019,0-20k,1000-1500cc,Good (18-24 km/l),Manual,Diesel,Second Owner,Yes,No,Yes
Mahindra,XUV300,2018,120k+,2000cc+,Average (12-18 km/l),Manual,Petrol,Second Owner,Yes,Yes,No
Hyundai,i20,2023,0-20k,1000-1500cc,Good (18-24 km/l),Manual,Diesel,Second Owner,Yes,No,Yes
BMW,3 Series,2015,20k-50k,1500-2000cc,Good (18-24 km/l),Automatic,Diesel,First Owner,No,No,No
Tata,Punch,2018,80k-120k,2000cc+,Average (12-18 km/l),Automatic,Petrol,First Owner,Yes,Yes,Yes
Audi,A4,2017,20k-50k,1500-2000cc,Good (18-24 km/l),Manual,Diesel,Second Owner,No,Yes,Yes
Honda,Amaze,2022,20k-50k,<1000cc,Good (18-24 km/l),Manual,Petrol,Second Owner,Yes,No,Yes
Toyota,Innova,2023,0-20k,1500-2000cc,Good (18-24 km/l),Automatic,Petrol,First Owner,Yes,No,Yes
Honda,Amaze,2023,0-20k,1500-2000cc,Average (12-18 km/l),Automatic,Petrol,Second Owner,Yes,No,Yes
Maruti Suzuki,WagonR,2022,20k-50k,<1000cc,Good (18-24 km/l),Automatic,Petrol,First Owner,Yes,No,Yes
Tata,Nexon,2023,20k-50k,1500-2000cc,Good (18-24 km/l),Automatic,CNG,First Owner,Yes,No,Yes
Maruti Suzuki,Ertiga,2021,20k-50k,1000-1500cc,Good (18-24 km/l),Manual,Petrol,First Owner,No,No,Yes
Toyota,Glanza,2022,20k-50k,1500-2000cc,Good (18-24 km/l),Manual,Petrol,First Owner,Yes,No,Yes
Mahindra,Thar,2023,0-20k,2000cc+,Average (12-18 km/l),Manual,Petrol,First Owner,Yes,No,Yes
Volkswagen,Polo,2005,120k+,1000-1500cc,Good (18-24 km/l),Manual,Diesel,Second Owner,No,No,No
Hyundai,i10,2021,0-20k,1000-1500cc,Good (18-24 km/l),Manual,Diesel,First Owner,Yes,No,Yes
Maruti Suzuki,Swift,2022,20k-50k,1000-1500cc,Good (18-24 km/l),Automatic,Petrol,First Owner,Yes,No,Yes
Tata,Harrier,2023,0-20k,1000-1500cc,Average (12-18 km/l),Manual,Petrol,First Owner,Yes,No,Yes
BMW,5 Series,2023,0-20k,2000cc+,Average (12-18 km/l),Automatic,Petrol,First Owner,Yes,No,Yes
Ford,Endeavour,2022,0-20k,1000-1500cc,Average (12-18 km/l),Automatic,Petrol,First Owner,No,No,Yes
Tata,Nexon,2023,0-20k,1500-2000cc,Average (12-18 km/l),Automatic,Petrol,First Owner,Yes,No,Yes
Mahindra,XUV300,2020,80k-120k,1500-2000cc,Good (18-24 km/l),Automatic,Petrol,First Owner,Yes,Yes,Yes
Maruti Suzuki,Dzire,2005,80k-120k,1000-1500cc,Good (18-24 km/l),Manual,Petrol,First Owner,No,No,No
Mercedes-Benz,C-Class,2006,80k-120k,2000cc+,Good (18-24 km/l),Automatic,Diesel,First Owner,No,Yes,No
Toyota,Innova,2020,0-20k,2000cc+,Good (18-24 km/l),Manual,Diesel,First Owner,Yes,No,Yes
Hyundai,Verna,2019,20k-50k,<1000cc,Good (18-24 km/l),Manual,Petrol,First Owner,Yes,No,Yes
Honda,Amaze,2019,80k-120k,<1000cc,Good (18-24 km/l),Manual,Petrol,First Owner,Yes,No,Yes
Maruti Suzuki,Dzire,2018,120k+,1000-1500cc,Average (12-18 km/l),Manual,Petrol,First Owner,Yes,Yes,Yes
Audi,Q3,2023,0-20k,2000cc+,Good (18-24 km/l),Automatic,Diesel,First Owner,Yes,No,Yes
Maruti Suzuki,Swift,2017,50k-80k,1000-1500cc,Good (18-24 km/l),Manual,Diesel,First Owner,No,No,Yes
Toyota,Innova,2023,0-20k,2000cc+,Excellent (24+ km/l),Manual,Electric,First Owner,Yes,No,Yes
Hyundai,Creta,2023,0-20k,1500-2000cc,Good (18-24 km/l),Manual,Diesel,First Owner,No,Yes,Yes
Ford,Endeavour,2019,80k-120k,1000-1500cc,Good (18-24 km/l),Manual,Diesel,First Owner,Yes,No,Yes
Volkswagen,Vento,2019,0-20k,1000-1500cc,Good (18-24 km/l),Manual,Diesel,First Owner,Yes,No,Yes
Toyota,Fortuner,2022,0-20k,1500-2000cc,Good (18-24 km/l),Manual,Petrol,First Owner,Yes,No,Yes
Toyota,Fortuner,2021,0-20k,1500-2000cc,Good (18-24 km/l),Automatic,Diesel,First Owner,Yes,No,Yes
Kia,Seltos,2017,50k-80k,1000-1500cc,Good (18-24 km/l),Manual,Petrol,First Owner,Yes,Yes,Yes
Maruti Suzuki,WagonR,2011,20k-50k,1000-1500cc,Excellent (24+ km/l),Manual,Diesel,Second Owner,No,Yes,No
Tata,Tiago,2016,20k-50k,1500-2000cc,Good (18-24 km/l),Manual,Petrol,Fourth & Above,Yes,No,Yes
Hyundai,Verna,2012,120k+,1000-1500cc,Good (18-24 km/l),Manual,Petrol,First Owner,Yes,Yes,No
Mercedes-Benz,C-Class,2016,20k-50k,1500-2000cc,Good (18-24 km/l),Automatic,Diesel,Fourth & Above,No,No,No
Tata,Punch,2016,50k-80k,1500-2000cc,Good (18-24 km/l),Automatic,Diesel,First Owner,No,No,No
Volkswagen,Taigun,2021,0-20k,1000-1500cc,Good (18-24 km/l),Automatic,Diesel,First Owner,Yes,No,Yes
Ford,EcoSport,2023,0-20k,<1000cc,Good (18-24 km/l),Manual,Diesel,First Owner,Yes,No,Yes
Hyundai,i20,2021,20k-50k,1000-1500cc,Good (18-24 km/l),Manual,Petrol,First Owner,No,No,Yes
Hyundai,Verna,2023,0-20k,1000-1500cc,Good (18-24 km/l),Manual,CNG,First Owner,Yes,No,Yes
Hyundai,i10,2022,20k-50k,1500-2000cc,Average (12-18 km/l),Manual,Petrol,Second Owner,Yes,No,Yes
Tata,Punch,2022,50k-80k,1000-1500cc,Good (18-24 km/l),Manual,Petrol,First Owner,No,Yes,Yes
Hyundai,Verna,2018,0-20k,1000-1500cc,Average (12-18 km/l),Manual,Petrol,Second Owner,Yes,Yes,Yes
Maruti Suzuki,Baleno,2017,0-20k,1500-2000cc,Good (18-24 km/l),Manual,Diesel,Second Owner,No,No,Yes
Kia,Seltos,2022,20k-50k,1000-1500cc,Good (18-24 km/l),Automatic,Petrol,First Owner,Yes,Yes,Yes
Audi,A4,2023,0-20k,2000cc+,Average (12-18 km/l),Automatic,Petrol,First Owner,Yes,No,Yes
Tata,Tiago,2019,20k-50k,1000-1500cc,Good (18-24 km/l),Manual,Petrol,First Owner,Yes,Yes,Yes
Tata,Tiago,2005,20k-50k,1000-1500cc,Good (18-24 km/l),Manual,Diesel,Second Owner,No,No,No
Maruti Suzuki,Swift,2022,50k-80k,<1000cc,Excellent (24+ km/l),Manual,Diesel,First Owner,Yes,No,Yes
Ford,Endeavour,2016,20k-50k,1000-1500cc,Good (18-24 km/l),Manual,Diesel,First Owner,No,No,Yes
Renault,Triber,2006,120k+,1000-1500cc,Good (18-24 km/l),Manual,Hybrid,Fourth & Above,No,Yes,No
Maruti Suzuki,Baleno,2022,20k-50k,1000-1500cc,Excellent (24+ km/l),Automatic,CNG,First Owner,Yes,Yes,Yes
Maruti Suzuki,Alto,2020,0-20k,1500-2000cc,Average (12-18 km/l),Automatic,Petrol,Second Owner,Yes,No,Yes
Renault,Duster,2021,0-20k,1000-1500cc,Good (18-24 km/l),Manual,Diesel,First Owner,Yes,No,Yes
Toyota,Yaris,2023,0-20k,2000cc+,Good (18-24 km/l),Manual,Diesel,First Owner,Yes,No,Yes
Maruti Suzuki,Swift,2020,0-20k,1000-1500cc,Good (18-24 km/l),Automatic,Petrol,First Owner,No,No,Yes
Toyota,Yaris,2019,20k-50k,1000-1500cc,Average (12-18 km/l),Manual,Petrol,First Owner,Yes,No,Yes
Hyundai,Venue,2016,20k-50k,1500-2000cc,Average (12-18 km/l),Manual,Diesel,Fourth & Above,No,No,No
Tata,Punch,2017,20k-50k,1000-1500cc,Good (18-24 km/l),Manual,Diesel,Second Owner,No,Yes,No
Volkswagen,Vento,2022,0-20k,1500-2000cc,Good (18-24 km/l),Manual,Diesel,First Owner,Yes,No,Yes
Renault,Duster,2019,20k-50k,1500-2000cc,Average (12-18 km/l),Manual,Petrol,First Owner,Yes,No,Yes
Tata,Harrier,2013,120k+,2000cc+,Excellent (24+ km/l),Manual,CNG,Third Owner,No,Yes,No
Audi,A4,2011,120k+,2000cc+,Average (12-18 km/l),Automatic,Diesel,Third Owner,No,No,No
Tata,Tiago,2019,20k-50k,1500-2000cc,Excellent (24+ km/l),Manual,CNG,First Owner,Yes,No,Yes
Volkswagen,Polo,2019,20k-50k,1000-1500cc,Good (18-24 km/l),Manual,Petrol,First Owner,Yes,Yes,Yes
Mahindra,XUV500,2021,20k-50k,1500-2000cc,Good (18-24 km/l),Manual,Diesel,First Owner,Yes,No,Yes
Kia,Sonet,2019,20k-50k,1000-1500cc,Good (18-24 km/l),Manual,Diesel,First Owner,Yes,No,Yes
Kia,Seltos,2013,50k-80k,1000-1500cc,Good (18-24 km/l),Manual,Petrol,Second Owner,No,No,Yes
Maruti Suzuki,Dzire,2019,20k-50k,1500-2000cc,Good (18-24 km/l),Manual,Petrol,First Owner,No,No,Yes
BMW,3 Series,2023,0-20k,1500-2000cc,Average (12-18 km/l),Automatic,Petrol,First Owner,Yes,Yes,Yes
Renault,Duster,2013,20k-50k,1000-1500cc,Good (18-24 km/l),Manual,Hybrid,First Owner,Yes,No,Yes
Renault,Triber,2021,20k-50k,1000-1500cc,Good (18-24 km/l),Manual,Diesel,First Owner,Yes,Yes,Yes
Hyundai,i10,2020,20k-50k,1500-2000cc,Average (12-18 km/l),Automatic,Petrol,First Owner,Yes,No,Yes
Renault,Duster,2022,20k-50k,<1000cc,Excellent (24+ km/l),Manual,Diesel,First Owner,Yes,No,Yes
Skoda,Kushaq,2013,20k-50k,1000-1500cc,Excellent (24+ km/l),Manual,Diesel,First Owner,Yes,No,Yes
Hyundai,Venue,2023,0-20k,<1000cc,Good (18-24 km/l),Automatic,Petrol,First Owner,Yes,No,Yes
Audi,Q3,2021,20k-50k,2000cc+,Average (12-18 km/l),Automatic,Hybrid,First Owner,No,No,Yes
Maruti Suzuki,Dzire,2022,0-20k,1000-1500cc,Good (18-24 km/l),Manual,Diesel,First Owner,Yes,No,Yes
Maruti Suzuki,Swift,2015,120k+,1000-1500cc,Good (18-24 km/l),Manual,Petrol,First Owner,Yes,Yes,No
Honda,City,2022,0-20k,1000-1500cc,Good (18-24 km/l),Automatic,Diesel,First Owner,Yes,No,Yes
Honda,WR-V,2022,0-20k,1000-1500cc,Good (18-24 km/l),Manual,Diesel,First Owner,Yes,No,Yes
Toyota,Fortuner,2018,50k-80k,2000cc+,Average (12-18 km/l),Manual,Petrol,Third Owner,Yes,No,No
Maruti Suzuki,Ertiga,2018,0-20k,1000-1500cc,Excellent (24+ km/l),Manual,CNG,First Owner,Yes,No,Yes
Audi,A4,2021,50k-80k,2000cc+,Average (12-18 km/l),Automatic,Diesel,First Owner,No,No,Yes
Maruti Suzuki,Baleno,2011,120k+,1500-2000cc,Good (18-24 km/l),Manual,Diesel,Second Owner,No,No,No
Maruti Suzuki,Alto,2022,0-20k,1000-1500cc,Good (18-24 km/l),Automatic,Petrol,First Owner,Yes,No,Yes
Maruti Suzuki,Alto,2008,50k-80k,1000-1500cc,Good (18-24 km/l),Manual,Petrol,Fourth & Above,No,Yes,No
Honda,WR-V,2014,50k-80k,1000-1500cc,Good (18-24 km/l),Manual,Petrol,First Owner,Yes,Yes,Yes
BMW,5 Series,2021,0-20k,2000cc+,Average (12-18 km/l),Automatic,Petrol,First Owner,Yes,Yes,Yes
Toyota,Glanza,2011,50k-80k,2000cc+,Excellent (24+ km/l),Manual,Electric,Second Owner,Yes,No,No
Renault,Duster,2023,20k-50k,1000-1500cc,Excellent (24+ km/l),Manual,CNG,First Owner,Yes,No,Yes
Maruti Suzuki,Dzire,2023,0-20k,1500-2000cc,Good (18-24 km/l),Manual,Petrol,First Owner,Yes,No,Yes
Honda,Amaze,2021,0-20k,1000-1500cc,Good (18-24 km/l),Automatic,Diesel,Second Owner,Yes,Yes,Yes
Mahindra,Bolero,2022,0-20k,1500-2000cc,Average (12-18 km/l),Manual,Petrol,First Owner,No,No,Yes
Mahindra,Scorpio,2023,20k-50k,1000-1500cc,Average (12-18 km/l),Automatic,Petrol,Second Owner,Yes,No,Yes
Maruti Suzuki,WagonR,2016,80k-120k,1000-1500cc,Good (18-24 km/l),Automatic,Petrol,First Owner,No,Yes,No
Ford,Endeavour,2023,0-20k,1000-1500cc,Good (18-24 km/l),Manual,Petrol,Second Owner,Yes,Yes,Yes
Mahindra,XUV300,2014,80k-120k,1500-2000cc,Average (12-18 km/l),Manual,Petrol,Third Owner,Yes,Yes,No
Volkswagen,Taigun,2018,20k-50k,<1000cc,Good (18-24 km/l),Manual,Petrol,Third Owner,Yes,Yes,Yes
Mahindra,Thar,2020,20k-50k,1500-2000cc,Good (18-24 km/l),Automatic,Diesel,First Owner,Yes,No,Yes
Maruti Suzuki,Dzire,2021,0-20k,1500-2000cc,Average (12-18 km/l),Automatic,Petrol,Second Owner,Yes,No,Yes
Toyota,Yaris,2007,120k+,2000cc+,Good (18-24 km/l),Manual,Petrol,Fourth & Above,No,No,No
Maruti Suzuki,Ertiga,2016,20k-50k,1000-1500cc,Excellent (24+ km/l),Manual,CNG,Second Owner,Yes,No,No
Kia,Sonet,2021,20k-50k,<1000cc,Good (18-24 km/l),Manual,Petrol,First Owner,Yes,No,Yes
Toyota,Innova,2017,120k+,2000cc+,Good (18-24 km/l),Manual,Diesel,First Owner,Yes,Yes,No
Maruti Suzuki,Ertiga,2022,0-20k,1000-1500cc,Good (18-24 km/l),Manual,Petrol,First Owner,Yes,No,Yes
Audi,A4,2021,0-20k,2000cc+,Average (12-18 km/l),Automatic,Diesel,First Owner,Yes,No,Yes
Mahindra,XUV300,2015,120k+,1000-1500cc,Good (18-24 km/l),Manual,Petrol,Second Owner,No,No,No
Maruti Suzuki,Ertiga,2013,120k+,1000-1500cc,Good (18-24 km/l),Manual,Diesel,First Owner,No,Yes,No
Toyota,Fortuner,2021,20k-50k,1500-2000cc,Good (18-24 km/l),Manual,Diesel,First Owner,Yes,No,Yes
Hyundai,Verna,2019,0-20k,<1000cc,Good (18-24 km/l),Manual,Petrol,Second Owner,Yes,No,Yes
Renault,Triber,2014,0-20k,1000-1500cc,Good (18-24 km/l),Manual,Petrol,Second Owner,Yes,No,Yes
Renault,Kwid,2017,20k-50k,1000-1500cc,Good (18-24 km/l),Manual,Diesel,First Owner,No,No,Yes
Mercedes-Benz,GLA,2017,50k-80k,1500-2000cc,Good (18-24 km/l),Manual,Petrol,First Owner,Yes,No,Yes
Mahindra,Scorpio,2011,120k+,2000cc+,Average (12-18 km/l),Manual,Petrol,Second Owner,No,Yes,No
Mahindra,XUV500,2020,20k-50k,2000cc+,Average (12-18 km/l),Automatic,Petrol,First Owner,No,No,Yes
Volkswagen,Taigun,2022,0-20k,1000-1500cc,Average (12-18 km/l),Manual,Petrol,First Owner,Yes,No,Yes
Maruti Suzuki,WagonR,2020,50k-80k,1500-2000cc,Good (18-24 km/l),Manual,Petrol,Second Owner,Yes,Yes,Yes
Honda,City,2022,20k-50k,<1000cc,Good (18-24 km/l),Manual,Diesel,First Owner,Yes,Yes,Yes
Honda,Jazz,2012,50k-80k,1000-1500cc,Good (18-24 km/l),Manual,Petrol,First Owner,Yes,Yes,No
Maruti Suzuki,Alto,2019,20k-50k,1000-1500cc,Good (18-24 km/l),Manual,Diesel,Second Owner,No,No,No
Tata,Tiago,2021,20k-50k,1000-1500cc,Excellent (24+ km/l),Automatic,Diesel,First Owner,Yes,Yes,Yes
Skoda,Kushaq,2021,20k-50k,1000-1500cc,Excellent (24+ km/l),Manual,Electric,First Owner,Yes,No,Yes
Skoda,Octavia,2021,50k-80k,1000-1500cc,Good (18-24 km/l),Automatic,Petrol,First Owner,Yes,Yes,No
Maruti Suzuki,Swift,2022,0-20k,1000-1500cc,Good (18-24 km/l),Manual,Diesel,First Owner,Yes,No,Yes
Maruti Suzuki,Swift,2021,0-20k,1500-2000cc,Good (18-24 km/l),Manual,Diesel,First Owner,Yes,No,Yes
Hyundai,Verna,2011,120k+,1000-1500cc,Excellent (24+ km/l),Manual,CNG,Third Owner,Yes,Yes,No
Kia,Seltos,2021,0-20k,1500-2000cc,Excellent (24+ km/l),Manual,CNG,First Owner,Yes,No,Yes
Maruti Suzuki,Alto,2022,0-20k,<1000cc,Good (18-24 km/l),Automatic,Diesel,First Owner,Yes,No,Yes
Ford,Figo,2023,0-20k,1000-1500cc,Excellent (24+ km/l),Manual,Diesel,Second Owner,Yes,No,Yes
Maruti Suzuki,Swift,2021,50k-80k,1000-1500cc,Good (18-24 km/l),Automatic,Petrol,Third Owner,Yes,No,Yes
Toyota,Fortuner,2021,20k-50k,2000cc+,Good (18-24 km/l),Manual,Petrol,First Owner,Yes,No,Yes
Tata,Nexon,2020,20k-50k,1000-1500cc,Good (18-24 km/l),Automatic,Diesel,Fourth & Above,No,No,No
Renault,Duster,2023,0-20k,1500-2000cc,Good (18-24 km/l),Automatic,Petrol,First Owner,Yes,No,Yes
Hyundai,i20,2023,0-20k,1000-1500cc,Good (18-24 km/l),Manual,Petrol,First Owner,Yes,No,Yes
Toyota,Yaris,2022,20k-50k,2000cc+,Excellent (24+ km/l),Automatic,CNG,First Owner,Yes,Yes,Yes
Hyundai,Creta,2021,20k-50k,1000-1500cc,Excellent (24+ km/l),Automatic,Electric,Second Owner,Yes,No,Yes
Ford,Figo,2010,80k-120k,1000-1500cc,Good (18-24 km/l),Manual,Petrol,Fourth & Above,No,Yes,No
Kia,Seltos,2022,20k-50k,1000-1500cc,Good (18-24 km/l),Automatic,CNG,First Owner,Yes,No,Yes
Maruti Suzuki,Ertiga,2021,0-20k,1500-2000cc,Good (18-24 km/l),Automatic,CNG,First Owner,Yes,Yes,Yes
Skoda,Octavia,2022,0-20k,1000-1500cc,Good (18-24 km/l),Automatic,Diesel,First Owner,No,No,Yes
Honda,WR-V,2012,80k-120k,<1000cc,Good (18-24 km/l),Manual,Petrol,Second Owner,Yes,No,Yes
Maruti Suzuki,Ertiga,2021,0-20k,1000-1500cc,Excellent (24+ km/l),Manual,CNG,First Owner,Yes,No,Yes
Tata,Tiago,2016,20k-50k,1000-1500cc,Average (12-18 km/l),Manual,Petrol,First Owner,Yes,No,Yes
Maruti Suzuki,WagonR,2022,20k-50k,1000-1500cc,Good (18-24 km/l),Automatic,Diesel,First Owner,Yes,No,Yes
Ford,Figo,2015,0-20k,1000-1500cc,Good (18-24 km/l),Automatic,Petrol,Second Owner,Yes,Yes,Yes
Volkswagen,Vento,2021,0-20k,1000-1500cc,Good (18-24 km/l),Automatic,Diesel,First Owner,Yes,No,Yes
Maruti Suzuki,Ertiga,2016,80k-120k,1000-1500cc,Average (12-18 km/l),Automatic,Petrol,Second Owner,Yes,No,No
Mahindra,Scorpio,2005,80k-120k,2000cc+,Good (18-24 km/l),Automatic,Diesel,Second Owner,Yes,No,No
Renault,Kwid,2021,80k-120k,1000-1500cc,Good (18-24 km/l),Automatic,Diesel,Second Owner,Yes,No,Yes
BMW,X1,2012,120k+,2000cc+,Average (12-18 km/l),Automatic,Petrol,Second Owner,Yes,Yes,No
Mahindra,XUV500,2021,0-20k,2000cc+,Good (18-24 km/l),Manual,Diesel,First Owner,Yes,Yes,Yes
Audi,A4,2023,0-20k,2000cc+,Good (18-24 km/l),Manual,Diesel,First Owner,No,No,Yes
Honda,Amaze,2023,0-20k,1000-1500cc,Excellent (24+ km/l),Manual,CNG,First Owner,No,No,Yes
Tata,Altroz,2015,120k+,1500-2000cc,Excellent (24+ km/l),Manual,CNG,Third Owner,Yes,Yes,No
Skoda,Kushaq,2022,0-20k,1000-1500cc,Good (18-24 km/l),Automatic,Petrol,Third Owner,Yes,No,Yes
Mahindra,XUV300,2017,20k-50k,1000-1500cc,Excellent (24+ km/l),Automatic,Diesel,First Owner,No,No,Yes
Mahindra,Scorpio,2023,0-20k,2000cc+,Average (12-18 km/l),Automatic,Petrol,First Owner,Yes,No,Yes
Mahindra,XUV500,2022,0-20k,2000cc+,Average (12-18 km/l),Manual,Petrol,First Owner,Yes,Yes,Yes
Skoda,Kushaq,2010,120k+,<1000cc,Good (18-24 km/l),Manual,Petrol,Fourth & Above,No,Yes,No
Skoda,Kushaq,2018,80k-120k,1500-2000cc,Good (18-24 km/l),Manual,Petrol,First Owner,Yes,No,Yes
Tata,Nexon,2017,0-20k,2000cc+,Good (18-24 km/l),Manual,Petrol,First Owner,Yes,Yes,Yes
Tata,Altroz,2022,0-20k,1000-1500cc,Good (18-24 km/l),Manual,Diesel,First Owner,Yes,No,Yes
Mahindra,Scorpio,2018,80k-120k,1500-2000cc,Good (18-24 km/l),Automatic,Petrol,Second Owner,Yes,No,No
Honda,City,2021,20k-50k,1000-1500cc,Good (18-24 km/l),Manual,Petrol,First Owner,Yes,No,Yes
Hyundai,i10,2020,20k-50k,1000-1500cc,Good (18-24 km/l),Manual,Petrol,First Owner,No,Yes,No
Renault,Duster,2023,0-20k,<1000cc,Excellent (24+ km/l),Manual,Petrol,First Owner,Yes,Yes,Yes
Mahindra,XUV500,2023,0-20k,2000cc+,Good (18-24 km/l),Manual,CNG,First Owner,Yes,No,Yes
Tata,Altroz,2018,50k-80k,1500-2000cc,Good (18-24 km/l),Manual,Petrol,Second Owner,Yes,Yes,No
Maruti Suzuki,WagonR,2022,0-20k,<1000cc,Good (18-24 km/l),Manual,Diesel,First Owner,No,No,Yes
Hyundai,Creta,2022,0-20k,1000-1500cc,Good (18-24 km/l),Manual,Petrol,First Owner,Yes,Yes,Yes
Audi,Q3,2023,20k-50k,2000cc+,Average (12-18 km/l),Automatic,Petrol,First Owner,Yes,No,Yes
Hyundai,Venue,2010,80k-120k,1000-1500cc,Good (18-24 km/l),Manual,Diesel,Third Owner,Yes,No,No
Maruti Suzuki,Swift,2017,20k-50k,<1000cc,Average (12-18 km/l),Automatic,Petrol,First Owner,No,Yes,Yes
Mahindra,Thar,2017,20k-50k,1000-1500cc,Good (18-24 km/l),Manual,Hybrid,First Owner,No,Yes,Yes
Hyundai,Verna,2019,20k-50k,1000-1500cc,Good (18-24 km/l),Manual,CNG,Second Owner,Yes,No,Yes
Maruti Suzuki,Baleno,2014,120k+,1000-1500cc,Good (18-24 km/l),Manual,Hybrid,Second Owner,Yes,No,No
Tata,Altroz,2019,0-20k,1500-2000cc,Good (18-24 km/l),Manual,Petrol,Third Owner,Yes,No,Yes
Honda,City,2021,20k-50k,1000-1500cc,Excellent (24+ km/l),Manual,Diesel,First Owner,Yes,No,Yes
Honda,Amaze,2019,20k-50k,<1000cc,Good (18-24 km/l),Manual,Petrol,First Owner,No,No,Yes
Tata,Nexon,2021,20k-50k,1000-1500cc,Good (18-24 km/l),Manual,Diesel,First Owner,Yes,No,Yes
Mahindra,Scorpio,2010,120k+,1500-2000cc,Excellent (24+ km/l),Manual,Electric,Second Owner,Yes,Yes,No
Audi,A4,2023,0-20k,1500-2000cc,Average (12-18 km/l),Automatic,Petrol,Second Owner,Yes,Yes,Yes
Tata,Nexon,2023,0-20k,2000cc+,Average (12-18 km/l),Automatic,Petrol,First Owner,No,Yes,No
Hyundai,Venue,2021,20k-50k,1000-1500cc,Good (18-24 km/l),Manual,Petrol,First Owner,Yes,No,Yes
Hyundai,i20,2023,0-20k,1000-1500cc,Good (18-24 km/l),Manual,Diesel,First Owner,Yes,No,Yes
Mahindra,Scorpio,2012,80k-120k,1000-1500cc,Good (18-24 km/l),Automatic,Diesel,Second Owner,No,No,No
Volkswagen,Polo,2022,20k-50k,1500-2000cc,Good (18-24 km/l),Manual,Diesel,First Owner,Yes,No,Yes
Hyundai,Verna,2012,20k-50k,1500-2000cc,Good (18-24 km/l),Manual,Diesel,Second Owner,Yes,No,No
Ford,Endeavour,2018,0-20k,1500-2000cc,Good (18-24 km/l),Manual,Diesel,Second Owner,Yes,No,Yes
Maruti Suzuki,Alto,2017,20k-50k,1000-1500cc,Excellent (24+ km/l),Manual,Electric,First Owner,Yes,Yes,Yes
Tata,Tiago,2020,20k-50k,2000cc+,Good (18-24 km/l),Automatic,Petrol,First Owner,Yes,No,Yes
Volkswagen,Taigun,2017,20k-50k,1000-1500cc,Average (12-18 km/l),Automatic,Petrol,Second Owner,No,No,Yes
Tata,Altroz,2021,0-20k,1000-1500cc,Excellent (24+ km/l),Automatic,CNG,First Owner,Yes,No,Yes
Honda,City,2018,50k-80k,<1000cc,Good (18-24 km/l),Manual,Petrol,Second Owner,Yes,No,Yes
Hyundai,i10,2023,0-20k,1000-1500cc,Good (18-24 km/l),Manual,Petrol,First Owner,Yes,No,Yes
Volkswagen,Vento,2021,80k-120k,1500-2000cc,Excellent (24+ km/l),Automatic,Electric,First Owner,No,No,Yes
Maruti Suzuki,Dzire,2015,120k+,1000-1500cc,Good (18-24 km/l),Manual,Diesel,First Owner,Yes,Yes,No
Skoda,Rapid,2017,120k+,1000-1500cc,Excellent (24+ km/l),Manual,Diesel,First Owner,Yes,Yes,No
Hyundai,Verna,2022,0-20k,1500-2000cc,Good (18-24 km/l),Automatic,Petrol,First Owner,Yes,No,Yes
Kia,Carens,2018,0-20k,1000-1500cc,Excellent (24+ km/l),Manual,CNG,First Owner,Yes,No,Yes
Tata,Nexon,2020,50k-80k,1000-1500cc,Good (18-24 km/l),Manual,Petrol,Second Owner,Yes,No,Yes
Ford,Endeavour,2021,0-20k,1000-1500cc,Good (18-24 km/l),Manual,Petrol,First Owner,No,No,Yes
Hyundai,i10,2017,0-20k,1000-1500cc,Excellent (24+ km/l),Manual,Electric,First Owner,No,No,Yes
Kia,Carens,2016,50k-80k,1000-1500cc,Good (18-24 km/l),Manual,Petrol,Fourth & Above,No,No,No
Maruti Suzuki,Ertiga,2019,0-20k,1000-1500cc,Good (18-24 km/l),Automatic,Diesel,First Owner,Yes,No,Yes
Maruti Suzuki,Swift,2015,50k-80k,1000-1500cc,Good (18-24 km/l),Manual,Diesel,Second Owner,Yes,No,Yes
Mahindra,Scorpio,2016,50k-80k,1500-2000cc,Good (18-24 km/l),Manual,Petrol,Second Owner,No,No,No
Maruti Suzuki,Ertiga,2009,120k+,1500-2000cc,Good (18-24 km/l),Manual,Diesel,Fourth & Above,No,Yes,No
Hyundai,i10,2017,0-20k,<1000cc,Good (18-24 km/l),Automatic,Diesel,Second Owner,Yes,No,Yes
BMW,X1,2017,0-20k,2000cc+,Good (18-24 km/l),Automatic,Petrol,Third Owner,Yes,Yes,No
Mercedes-Benz,GLA,2023,0-20k,2000cc+,Average (12-18 km/l),Automatic,Diesel,First Owner,No,No,Yes
Tata,Tiago,2020,0-20k,2000cc+,Average (12-18 km/l),Automatic,Petrol,First Owner,Yes,No,Yes
BMW,3 Series,2022,0-20k,2000cc+,Good (18-24 km/l),Automatic,Diesel,First Owner,Yes,Yes,Yes
Honda,WR-V,2008,120k+,<1000cc,Good (18-24 km/l),Manual,Diesel,First Owner,No,No,No
Hyundai,i20,2011,80k-120k,<1000cc,Good (18-24 km/l),Manual,Diesel,First Owner,Yes,Yes,No
Ford,Endeavour,2022,0-20k,1000-1500cc,Excellent (24+ km/l),Manual,CNG,First Owner,Yes,No,Yes
Toyota,Glanza,2021,50k-80k,2000cc+,Average (12-18 km/l),Manual,Petrol,First Owner,Yes,No,Yes
Mercedes-Benz,C-Class,2014,80k-120k,2000cc+,Good (18-24 km/l),Manual,Petrol,First Owner,No,No,Yes
Hyundai,Creta,2018,50k-80k,1000-1500cc,Good (18-24 km/l),Manual,Petrol,First Owner,Yes,Yes,Yes
Toyota,Fortuner,2020,20k-50k,1000-1500cc,Good (18-24 km/l),Automatic,Diesel,First Owner,Yes,Yes,Yes
Maruti Suzuki,Alto,2022,0-20k,1000-1500cc,Good (18-24 km/l),Automatic,Petrol,First Owner,Yes,No,Yes
Maruti Suzuki,WagonR,2009,50k-80k,1000-1500cc,Good (18-24 km/l),Automatic,Diesel,First Owner,No,No,No
Maruti Suzuki,Ertiga,2020,20k-50k,1000-1500cc,Good (18-24 km/l),Manual,Petrol,Third Owner,Yes,No,Yes
Mercedes-Benz,C-Class,2021,0-20k,1500-2000cc,Good (18-24 km/l),Automatic,Hybrid,First Owner,Yes,No,Yes
Renault,Triber,2023,0-20k,1000-1500cc,Excellent (24+ km/l),Manual,Diesel,First Owner,No,No,Yes
Renault,Triber,2022,0-20k,1000-1500cc,Good (18-24 km/l),Manual,Petrol,First Owner,No,Yes,No
Mahindra,Thar,2016,0-20k,2000cc+,Good (18-24 km/l),Manual,Diesel,Second Owner,No,No,Yes
Hyundai,i20,2021,0-20k,1000-1500cc,Excellent (24+ km/l),Manual,Diesel,First Owner,Yes,No,Yes
Maruti Suzuki,Alto,2022,20k-50k,1000-1500cc,Excellent (24+ km/l),Manual,Electric,First Owner,Yes,No,Yes
Hyundai,i20,2022,20k-50k,1500-2000cc,Average (12-18 km/l),Automatic,Diesel,First Owner,Yes,Yes,Yes
Tata,Harrier,2022,20k-50k,1000-1500cc,Good (18-24 km/l),Automatic,Petrol,First Owner,Yes,No,Yes
Volkswagen,Polo,2023,0-20k,1000-1500cc,Good (18-24 km/l),Automatic,Hybrid,Second Owner,Yes,No,Yes
Honda,WR-V,2011,120k+,1000-1500cc,Good (18-24 km/l),Manual,Petrol,First Owner,Yes,No,Yes
Maruti Suzuki,Swift,2011,80k-120k,<1000cc,Good (18-24 km/l),Manual,Diesel,Fourth & Above,Yes,Yes,No
Maruti Suzuki,Alto,2022,20k-50k,<1000cc,Excellent (24+ km/l),Manual,Diesel,First Owner,Yes,Yes,Yes
Maruti Suzuki,Ertiga,2016,50k-80k,<1000cc,Good (18-24 km/l),Manual,Petrol,Second Owner,Yes,Yes,No
Tata,Punch,2009,80k-120k,2000cc+,Excellent (24+ km/l),Manual,Electric,Third Owner,No,Yes,No
BMW,5 Series,2018,50k-80k,2000cc+,Average (12-18 km/l),Automatic,Petrol,First Owner,Yes,No,Yes
Toyota,Yaris,2022,0-20k,2000cc+,Average (12-18 km/l),Manual,Petrol,First Owner,Yes,No,Yes
Renault,Duster,2012,20k-50k,1000-1500cc,Good (18-24 km/l),Manual,Petrol,Second Owner,No,No,Yes
Mahindra,Thar,2021,0-20k,2000cc+,Excellent (24+ km/l),Manual,CNG,First Owner,Yes,No,Yes
Tata,Altroz,2005,120k+,1500-2000cc,Good (18-24 km/l),Manual,Petrol,Second Owner,No,Yes,No
Maruti Suzuki,Ertiga,2012,80k-120k,1000-1500cc,Average (12-18 km/l),Automatic,Petrol,Second Owner,No,Yes,No
Kia,Carens,2017,120k+,1000-1500cc,Good (18-24 km/l),Manual,Petrol,Fourth & Above,No,Yes,No
Renault,Kwid,2010,120k+,1000-1500cc,Good (18-24 km/l),Manual,Petrol,Second Owner,No,No,No
Maruti Suzuki,Dzire,2022,20k-50k,1000-1500cc,Excellent (24+ km/l),Manual,Diesel,First Owner,No,No,Yes
Mahindra,XUV500,2023,0-20k,1500-2000cc,Good (18-24 km/l),Automatic,Petrol,Second Owner,Yes,No,Yes
Mahindra,Scorpio,2022,0-20k,1500-2000cc,Good (18-24 km/l),Manual,Petrol,First Owner,Yes,No,Yes
Toyota,Glanza,2015,20k-50k,1500-2000cc,Average (12-18 km/l),Manual,Petrol,First Owner,No,Yes,No
Audi,Q3,2020,0-20k,2000cc+,Good (18-24 km/l),Automatic,Diesel,First Owner,No,No,Yes
Honda,Amaze,2014,20k-50k,1000-1500cc,Excellent (24+ km/l),Manual,Petrol,First Owner,No,No,No
Honda,City,2016,20k-50k,1000-1500cc,Excellent (24+ km/l),Manual,Diesel,Second Owner,No,No,No
Maruti Suzuki,Alto,2020,0-20k,1000-1500cc,Good (18-24 km/l),Automatic,Petrol,First Owner,No,Yes,Yes
Maruti Suzuki,WagonR,2022,0-20k,1000-1500cc,Excellent (24+ km/l),Automatic,CNG,First Owner,Yes,No,Yes
Hyundai,Venue,2011,120k+,<1000cc,Good (18-24 km/l),Manual,Petrol,First Owner,No,No,No
Maruti Suzuki,Ertiga,2016,20k-50k,1000-1500cc,Good (18-24 km/l),Manual,Diesel,Third Owner,No,No,No
Volkswagen,Vento,2023,0-20k,1000-1500cc,Good (18-24 km/l),Manual,Diesel,First Owner,Yes,No,Yes
Ford,Endeavour,2018,20k-50k,1000-1500cc,Good (18-24 km/l),Manual,Hybrid,Third Owner,No,No,Yes
Maruti Suzuki,WagonR,2023,0-20k,1000-1500cc,Excellent (24+ km/l),Manual,Diesel,First Owner,Yes,Yes,Yes
Skoda,Rapid,2023,0-20k,1000-1500cc,Good (18-24 km/l),Manual,Petrol,First Owner,Yes,No,Yes
Maruti Suzuki,WagonR,2020,0-20k,1000-1500cc,Good (18-24 km/l),Manual,Petrol,Second Owner,No,No,Yes
Hyundai,Verna,2016,120k+,1000-1500cc,Average (12-18 km/l),Manual,Petrol,Fourth & Above,No,Yes,No
Hyundai,i20,2022,0-20k,1000-1500cc,Excellent (24+ km/l),Automatic,CNG,First Owner,Yes,No,Yes
Tata,Harrier,2013,20k-50k,1500-2000cc,Good (18-24 km/l),Manual,Petrol,Fourth & Above,Yes,No,No
Hyundai,i10,2016,50k-80k,1000-1500cc,Good (18-24 km/l),Manual,Diesel,First Owner,Yes,No,Yes
Mahindra,Bolero,2022,20k-50k,1000-1500cc,Good (18-24 km/l),Manual,Petrol,First Owner,Yes,No,Yes
Tata,Nexon,2019,0-20k,2000cc+,Excellent (24+ km/l),Manual,CNG,First Owner,Yes,No,Yes
Mercedes-Benz,C-Class,2014,80k-120k,2000cc+,Average (12-18 km/l),Manual,Diesel,First Owner,No,No,Yes
Maruti Suzuki,WagonR,2021,50k-80k,1000-1500cc,Good (18-24 km/l),Automatic,Petrol,First Owner,Yes,No,Yes
Maruti Suzuki,Ertiga,2022,20k-50k,1000-1500cc,Good (18-24 km/l),Manual,Diesel,First Owner,Yes,No,Yes
Maruti Suzuki,WagonR,2012,120k+,<1000cc,Good (18-24 km/l),Manual,Petrol,Second Owner,Yes,No,Yes
Toyota,Glanza,2016,20k-50k,2000cc+,Average (12-18 km/l),Manual,Diesel,First Owner,Yes,Yes,No
Maruti Suzuki,Swift,2015,0-20k,1000-1500cc,Excellent (24+ km/l),Automatic,Electric,First Owner,Yes,No,Yes
Skoda,Kushaq,2018,0-20k,1000-1500cc,Excellent (24+ km/l),Manual,CNG,Third Owner,Yes,No,Yes
Mahindra,Bolero,2022,20k-50k,1000-1500cc,Excellent (24+ km/l),Manual,Petrol,First Owner,Yes,No,Yes
Mahindra,Scorpio,2021,20k-50k,1000-1500cc,Good (18-24 km/l),Manual,Petrol,First Owner,Yes,No,Yes
Honda,Amaze,2021,20k-50k,1000-1500cc,Good (18-24 km/l),Manual,Diesel,First Owner,Yes,No,Yes
Maruti Suzuki,Swift,2005,120k+,1000-1500cc,Good (18-24 km/l),Manual,Diesel,Second Owner,No,Yes,No
Hyundai,i20,2013,0-20k,1000-1500cc,Good (18-24 km/l),Manual,Petrol,First Owner,No,Yes,No
Hyundai,Venue,2015,80k-120k,1000-1500cc,Good (18-24 km/l),Manual,Diesel,First Owner,No,No,No
Honda,City,2016,20k-50k,1500-2000cc,Average (12-18 km/l),Manual,Petrol,First Owner,Yes,No,Yes
Hyundai,i20,2013,120k+,<1000cc,Excellent (24+ km/l),Manual,Diesel,Second Owner,No,Yes,No
Maruti Suzuki,WagonR,2018,20k-50k,1000-1500cc,Good (18-24 km/l),Manual,Diesel,Second Owner,No,No,Yes
Audi,A4,2010,80k-120k,2000cc+,Average (12-18 km/l),Manual,Diesel,First Owner,No,Yes,No
Maruti Suzuki,Baleno,2022,20k-50k,<1000cc,Good (18-24 km/l),Automatic,Petrol,First Owner,Yes,No,Yes
Renault,Duster,2022,50k-80k,1000-1500cc,Good (18-24 km/l),Automatic,Hybrid,First Owner,Yes,Yes,Yes
Renault,Triber,2020,20k-50k,1000-1500cc,Average (12-18 km/l),Automatic,Petrol,First Owner,Yes,No,Yes
Hyundai,i20,2011,80k-120k,1000-1500cc,Good (18-24 km/l),Automatic,Petrol,Third Owner,No,Yes,No
Maruti Suzuki,WagonR,2023,0-20k,1000-1500cc,Good (18-24 km/l),Automatic,Petrol,First Owner,Yes,No,Yes
Maruti Suzuki,Baleno,2023,0-20k,1500-2000cc,Average (12-18 km/l),Automatic,Petrol,Second Owner,Yes,No,Yes
Ford,Figo,2014,20k-50k,1000-1500cc,Good (18-24 km/l),Automatic,Petrol,First Owner,Yes,No,Yes
Toyota,Glanza,2021,0-20k,2000cc+,Good (18-24 km/l),Manual,Diesel,First Owner,Yes,No,Yes
Renault,Duster,2022,0-20k,1000-1500cc,Good (18-24 km/l),Manual,Diesel,First Owner,No,Yes,Yes
BMW,3 Series,2020,0-20k,2000cc+,Good (18-24 km/l),Automatic,Diesel,First Owner,Yes,No,Yes
Ford,Endeavour,2017,120k+,1000-1500cc,Excellent (24+ km/l),Manual,CNG,First Owner,Yes,Yes,No
Maruti Suzuki,Alto,2019,50k-80k,<1000cc,Good (18-24 km/l),Manual,Hybrid,First Owner,Yes,No,Yes
Hyundai,i10,2020,20k-50k,1000-1500cc,Good (18-24 km/l),Manual,Petrol,Second Owner,Yes,No,Yes
Skoda,Octavia,2018,20k-50k,1000-1500cc,Excellent (24+ km/l),Manual,Petrol,First Owner,Yes,No,Yes
Hyundai,i10,2023,0-20k,1500-2000cc,Average (12-18 km/l),Manual,Diesel,First Owner,No,No,Yes
Maruti Suzuki,Swift,2022,0-20k,1000-1500cc,Good (18-24 km/l),Automatic,Diesel,First Owner,Yes,No,Yes
Ford,Endeavour,2015,50k-80k,1500-2000cc,Average (12-18 km/l),Manual,Petrol,Second Owner,Yes,No,Yes
Tata,Tiago,2020,80k-120k,1000-1500cc,Excellent (24+ km/l),Manual,Diesel,First Owner,Yes,No,Yes
BMW,5 Series,2021,0-20k,2000cc+,Good (18-24 km/l),Automatic,Diesel,First Owner,Yes,No,Yes
Toyota,Innova,2013,80k-120k,1500-2000cc,Good (18-24 km/l),Manual,Hybrid,Third Owner,No,Yes,No
Maruti Suzuki,WagonR,2017,50k-80k,<1000cc,Good (18-24 km/l),Manual,Diesel,First Owner,No,Yes,Yes
Audi,Q3,2023,0-20k,2000cc+,Average (12-18 km/l),Automatic,Diesel,Second Owner,Yes,No,Yes
Hyundai,Creta,2020,20k-50k,1000-1500cc,Excellent (24+ km/l),Manual,Diesel,First Owner,Yes,Yes,Yes
Tata,Nexon,2015,80k-120k,1000-1500cc,Average (12-18 km/l),Manual,Petrol,Second Owner,Yes,Yes,No
Tata,Tiago,2012,20k-50k,1000-1500cc,Good (18-24 km/l),Manual,Diesel,First Owner,No,No,No
Maruti Suzuki,Baleno,2020,80k-120k,1000-1500cc,Good (18-24 km/l),Automatic,Diesel,First Owner,Yes,No,Yes
Mahindra,Bolero,2020,20k-50k,2000cc+,Average (12-18 km/l),Automatic,Petrol,First Owner,No,No,Yes
Maruti Suzuki,Baleno,2017,20k-50k,1000-1500cc,Good (18-24 km/l),Manual,Diesel,Second Owner,No,No,Yes
Tata,Nexon,2021,0-20k,2000cc+,Good (18-24 km/l),Automatic,Petrol,First Owner,Yes,No,Yes
Tata,Harrier,2010,120k+,1000-1500cc,Good (18-24 km/l),Manual,Diesel,Fourth & Above,No,No,No
Volkswagen,Taigun,2013,50k-80k,1000-1500cc,Good (18-24 km/l),Manual,Petrol,Second Owner,Yes,No,Yes
Renault,Triber,2020,20k-50k,1500-2000cc,Good (18-24 km/l),Manual,Petrol,First Owner,Yes,No,Yes
Maruti Suzuki,Alto,2009,20k-50k,1000-1500cc,Good (18-24 km/l),Manual,Petrol,Fourth & Above,No,No,No
Tata,Tiago,2023,0-20k,1500-2000cc,Good (18-24 km/l),Automatic,Petrol,First Owner,Yes,No,Yes
Tata,Tiago,2013,120k+,1000-1500cc,Good (18-24 km/l),Manual,Petrol,Third Owner,No,Yes,No
Maruti Suzuki,Baleno,2021,50k-80k,1000-1500cc,Average (12-18 km/l),Automatic,Petrol,First Owner,Yes,No,Yes
Renault,Duster,2018,0-20k,1000-1500cc,Good (18-24 km/l),Manual,Petrol,Fourth & Above,No,No,No
Ford,EcoSport,2018,50k-80k,<1000cc,Excellent (24+ km/l),Manual,CNG,First Owner,Yes,No,Yes
Hyundai,i20,2022,20k-50k,1000-1500cc,Good (18-24 km/l),Automatic,CNG,First Owner,Yes,Yes,Yes
Tata,Altroz,2019,50k-80k,1500-2000cc,Good (18-24 km/l),Manual,Diesel,First Owner,No,Yes,No
Maruti Suzuki,Baleno,2022,20k-50k,1000-1500cc,Good (18-24 km/l),Manual,Petrol,First Owner,Yes,Yes,Yes
Toyota,Yaris,2019,50k-80k,2000cc+,Good (18-24 km/l),Manual,Diesel,First Owner,Yes,Yes,Yes
Maruti Suzuki,Swift,2020,0-20k,<1000cc,Good (18-24 km/l),Automatic,Petrol,Second Owner,Yes,Yes,Yes
Mercedes-Benz,GLA,2022,0-20k,2000cc+,Average (12-18 km/l),Automatic,Hybrid,First Owner,Yes,Yes,Yes
Renault,Triber,2021,0-20k,1000-1500cc,Excellent (24+ km/l),Manual,Diesel,First Owner,Yes,No,Yes
Tata,Altroz,2021,20k-50k,1000-1500cc,Good (18-24 km/l),Automatic,Petrol,Second Owner,No,Yes,Yes
Honda,Jazz,2022,20k-50k,1000-1500cc,Good (18-24 km/l),Manual,Petrol,First Owner,Yes,No,Yes
BMW,X1,2023,0-20k,2000cc+,Average (12-18 km/l),Automatic,Diesel,First Owner,Yes,No,Yes
Honda,Jazz,2018,50k-80k,1000-1500cc,Good (18-24 km/l),Manual,Petrol,Second Owner,Yes,No,Yes
Maruti Suzuki,Dzire,2020,50k-80k,1000-1500cc,Good (18-24 km/l),Automatic,Petrol,Second Owner,Yes,No,Yes
Tata,Altroz,2011,120k+,1500-2000cc,Excellent (24+ km/l),Manual,Diesel,First Owner,No,Yes,No
Skoda,Rapid,2017,50k-80k,1500-2000cc,Good (18-24 km/l),Manual,Petrol,First Owner,Yes,Yes,Yes
Toyota,Yaris,2018,50k-80k,2000cc+,Good (18-24 km/l),Manual,Diesel,Third Owner,No,No,Yes
Toyota,Fortuner,2022,20k-50k,1500-2000cc,Good (18-24 km/l),Manual,CNG,First Owner,Yes,Yes,Yes
Skoda,Rapid,2020,120k+,1000-1500cc,Good (18-24 km/l),Manual,Petrol,First Owner,Yes,No,No
Kia,Sonet,2022,0-20k,1000-1500cc,Good (18-24 km/l),Manual,Petrol,First Owner,Yes,No,Yes
BMW,3 Series,2006,80k-120k,2000cc+,Excellent (24+ km/l),Automatic,Electric,Fourth & Above,No,No,No
Maruti Suzuki,Dzire,2019,50k-80k,1000-1500cc,Good (18-24 km/l),Manual,Petrol,Second Owner,Yes,Yes,No
Honda,WR-V,2023,20k-50k,1500-2000cc,Average (12-18 km/l),Manual,Petrol,First Owner,Yes,No,Yes
Volkswagen,Taigun,2015,0-20k,1000-1500cc,Excellent (24+ km/l),Manual,CNG,Second Owner,Yes,No,Yes
Volkswagen,Polo,2007,20k-50k,1000-1500cc,Good (18-24 km/l),Manual,Petrol,Fourth & Above,No,Yes,No
Honda,City,2019,20k-50k,<1000cc,Good (18-24 km/l),Manual,Petrol,Second Owner,Yes,No,Yes
Maruti Suzuki,Alto,2021,20k-50k,1000-1500cc,Good (18-24 km/l),Manual,Petrol,First Owner,Yes,Yes,Yes
Renault,Triber,2019,20k-50k,<1000cc,Excellent (24+ km/l),Manual,CNG,First Owner,Yes,No,Yes
Ford,Figo,2019,20k-50k,<1000cc,Excellent (24+ km/l),Manual,Diesel,Second Owner,Yes,No,Yes
Maruti Suzuki,WagonR,2021,0-20k,1000-1500cc,Good (18-24 km/l),Manual,Diesel,Second Owner,Yes,No,Yes
Mahindra,Bolero,2016,50k-80k,1500-2000cc,Good (18-24 km/l),Manual,Petrol,First Owner,Yes,No,Yes
Maruti Suzuki,Baleno,2022,0-20k,<1000cc,Good (18-24 km/l),Manual,Petrol,First Owner,Yes,No,Yes
Tata,Nexon,2013,80k-120k,2000cc+,Good (18-24 km/l),Manual,CNG,Fourth & Above,No,No,No
Maruti Suzuki,Swift,2018,20k-50k,1000-1500cc,Good (18-24 km/l),Automatic,Diesel,First Owner,No,No,Yes
Tata,Tiago,2021,0-20k,2000cc+,Good (18-24 km/l),Manual,Petrol,First Owner,Yes,Yes,Yes
Honda,WR-V,2022,20k-50k,1500-2000cc,Excellent (24+ km/l),Automatic,Electric,Second Owner,Yes,No,Yes
Toyota,Glanza,2022,20k-50k,2000cc+,Good (18-24 km/l),Manual,CNG,First Owner,Yes,Yes,Yes
Toyota,Glanza,2022,20k-50k,2000cc+,Good (18-24 km/l),Manual,Diesel,First Owner,No,No,Yes
Skoda,Rapid,2017,20k-50k,<1000cc,Average (12-18 km/l),Automatic,Hybrid,First Owner,Yes,No,Yes
Hyundai,i20,2012,120k+,1000-1500cc,Good (18-24 km/l),Manual,Petrol,Second Owner,No,Yes,No
Maruti Suzuki,Dzire,2015,20k-50k,<1000cc,Good (18-24 km/l),Manual,Diesel,Second Owner,No,No,Yes
Skoda,Octavia,2023,0-20k,1000-1500cc,Average (12-18 km/l),Automatic,Petrol,First Owner,Yes,No,Yes
Maruti Suzuki,Baleno,2023,0-20k,1500-2000cc,Good (18-24 km/l),Automatic,Diesel,First Owner,Yes,No,Yes
Audi,Q3,2023,0-20k,1500-2000cc,Good (18-24 km/l),Automatic,Petrol,First Owner,Yes,No,Yes
Skoda,Kushaq,2010,50k-80k,1000-1500cc,Good (18-24 km/l),Manual,Diesel,Third Owner,Yes,No,No
Mahindra,XUV500,2020,0-20k,1500-2000cc,Good (18-24 km/l),Manual,Diesel,First Owner,No,No,Yes
Mercedes-Benz,C-Class,2021,0-20k,1500-2000cc,Average (12-18 km/l),Automatic,Petrol,First Owner,Yes,No,Yes
Maruti Suzuki,Swift,2021,50k-80k,1000-1500cc,Good (18-24 km/l),Automatic,Diesel,Second Owner,Yes,No,Yes
Hyundai,i10,2021,0-20k,1000-1500cc,Good (18-24 km/l),Manual,Petrol,First Owner,Yes,No,Yes
Toyota,Glanza,2022,20k-50k,2000cc+,Average (12-18 km/l),Automatic,Petrol,First Owner,Yes,No,Yes
Tata,Altroz,2017,20k-50k,1500-2000cc,Good (18-24 km/l),Automatic,Diesel,First Owner,No,No,Yes
BMW,X1,2014,20k-50k,2000cc+,Good (18-24 km/l),Automatic,Diesel,First Owner,No,No,Yes
Maruti Suzuki,Ertiga,2014,120k+,1000-1500cc,Good (18-24 km/l),Manual,Petrol,Second Owner,Yes,No,No
Honda,Jazz,2006,50k-80k,1000-1500cc,Good (18-24 km/l),Manual,Petrol,Third Owner,No,Yes,No
Honda,Jazz,2017,120k+,1500-2000cc,Good (18-24 km/l),Manual,Diesel,First Owner,Yes,Yes,No
Toyota,Glanza,2011,80k-120k,1000-1500cc,Good (18-24 km/l),Manual,Diesel,Second Owner,No,No,No
Hyundai,Creta,2017,50k-80k,1000-1500cc,Good (18-24 km/l),Manual,Petrol,First Owner,Yes,No,Yes
Tata,Nexon,2021,0-20k,1500-2000cc,Good (18-24 km/l),Automatic,Diesel,First Owner,No,No,Yes
Skoda,Octavia,2023,0-20k,1000-1500cc,Good (18-24 km/l),Manual,Diesel,Second Owner,Yes,No,Yes
Hyundai,Venue,2022,0-20k,1000-1500cc,Excellent (24+ km/l),Manual,Diesel,First Owner,Yes,No,Yes
Renault,Duster,2016,120k+,<1000cc,Good (18-24 km/l),Manual,Diesel,Second Owner,Yes,No,No
Honda,City,2012,80k-120k,1000-1500cc,Good (18-24 km/l),Automatic,Diesel,Second Owner,Yes,No,Yes
Volkswagen,Polo,2014,50k-80k,<1000cc,Good (18-24 km/l),Manual,CNG,Third Owner,Yes,Yes,No
Ford,Endeavour,2023,0-20k,1000-1500cc,Good (18-24 km/l),Automatic,Hybrid,First Owner,Yes,Yes,Yes
Hyundai,i20,2020,50k-80k,1000-1500cc,Good (18-24 km/l),Automatic,Diesel,First Owner,No,No,No
Honda,Amaze,2014,80k-120k,1500-2000cc,Good (18-24 km/l),Manual,Petrol,Third Owner,No,No,No
Skoda,Octavia,2022,0-20k,1000-1500cc,Good (18-24 km/l),Manual,Petrol,First Owner,Yes,No,Yes
Mahindra,XUV300,2018,50k-80k,1000-1500cc,Excellent (24+ km/l),Manual,Diesel,Second Owner,Yes,No,Yes
Audi,A4,2023,0-20k,2000cc+,Average (12-18 km/l),Automatic,Petrol,First Owner,No,Yes,No
Mahindra,Bolero,2016,50k-80k,2000cc+,Good (18-24 km/l),Manual,Petrol,Third Owner,Yes,No,Yes
Maruti Suzuki,Ertiga,2018,120k+,<1000cc,Excellent (24+ km/l),Automatic,CNG,First Owner,No,Yes,No
Tata,Nexon,2019,0-20k,1500-2000cc,Good (18-24 km/l),Automatic,Diesel,First Owner,Yes,Yes,Yes
Audi,Q3,2023,0-20k,2000cc+,Average (12-18 km/l),Automatic,Petrol,First Owner,Yes,No,Yes
Hyundai,Creta,2023,20k-50k,<1000cc,Excellent (24+ km/l),Manual,Electric,First Owner,Yes,No,Yes
Skoda,Octavia,2020,20k-50k,1000-1500cc,Excellent (24+ km/l),Manual,Diesel,Third Owner,Yes,No,Yes
Kia,Carens,2015,20k-50k,<1000cc,Good (18-24 km/l),Manual,Diesel,First Owner,Yes,Yes,Yes
Tata,Harrier,2018,20k-50k,1500-2000cc,Average (12-18 km/l),Manual,Petrol,Third Owner,Yes,No,Yes
Maruti Suzuki,Dzire,2023,0-20k,1000-1500cc,Good (18-24 km/l),Automatic,Diesel,First Owner,Yes,No,Yes
Ford,Endeavour,2021,20k-50k,1000-1500cc,Good (18-24 km/l),Automatic,Diesel,First Owner,No,No,Yes
Hyundai,Creta,2022,0-20k,<1000cc,Good (18-24 km/l),Automatic,Diesel,First Owner,Yes,No,Yes
Renault,Triber,2019,20k-50k,1000-1500cc,Good (18-24 km/l),Manual,Petrol,First Owner,Yes,No,Yes
Mahindra,XUV500,2020,50k-80k,2000cc+,Good (18-24 km/l),Manual,Diesel,Third Owner,Yes,No,Yes
Mahindra,Thar,2018,80k-120k,1500-2000cc,Good (18-24 km/l),Manual,Diesel,Second Owner,No,Yes,No
Volkswagen,Polo,2021,20k-50k,1000-1500cc,Excellent (24+ km/l),Manual,CNG,First Owner,Yes,No,Yes
Tata,Harrier,2023,0-20k,1000-1500cc,Good (18-24 km/l),Manual,Diesel,First Owner,Yes,No,Yes
Mahindra,XUV500,2019,120k+,1500-2000cc,Average (12-18 km/l),Manual,Petrol,First Owner,Yes,Yes,No
Tata,Punch,2019,20k-50k,1000-1500cc,Good (18-24 km/l),Manual,Petrol,Third Owner,No,No,Yes
Tata,Altroz,2017,120k+,1500-2000cc,Good (18-24 km/l),Manual,Diesel,Fourth & Above,Yes,No,No
Mahindra,Thar,2014,120k+,2000cc+,Good (18-24 km/l),Manual,Diesel,First Owner,Yes,Yes,No
Renault,Triber,2023,0-20k,1000-1500cc,Good (18-24 km/l),Automatic,Petrol,Second Owner,Yes,No,Yes
Tata,Tiago,2017,80k-120k,1500-2000cc,Good (18-24 km/l),Manual,Petrol,Third Owner,No,No,No
Mahindra,Thar,2022,0-20k,2000cc+,Average (12-18 km/l),Automatic,Petrol,First Owner,Yes,No,Yes
Toyota,Fortuner,2021,0-20k,1500-2000cc,Good (18-24 km/l),Manual,Petrol,First Owner,Yes,No,Yes
Hyundai,Creta,2022,20k-50k,1000-1500cc,Good (18-24 km/l),Automatic,Petrol,First Owner,Yes,No,Yes
Hyundai,Verna,2023,0-20k,1000-1500cc,Excellent (24+ km/l),Manual,CNG,Second Owner,No,No,Yes
BMW,3 Series,2021,0-20k,1500-2000cc,Good (18-24 km/l),Automatic,Diesel,First Owner,No,No,Yes
Ford,Figo,2023,0-20k,1500-2000cc,Excellent (24+ km/l),Automatic,Electric,First Owner,Yes,No,Yes
Honda,City,2013,80k-120k,1000-1500cc,Excellent (24+ km/l),Manual,CNG,Second Owner,Yes,Yes,No
Toyota,Fortuner,2021,20k-50k,1500-2000cc,Good (18-24 km/l),Manual,Diesel,First Owner,Yes,No,Yes
Maruti Suzuki,Dzire,2022,0-20k,1000-1500cc,Good (18-24 km/l),Manual,Petrol,Fourth & Above,Yes,No,Yes
Toyota,Yaris,2016,0-20k,2000cc+,Excellent (24+ km/l),Manual,CNG,First Owner,Yes,Yes,Yes
Mahindra,Bolero,2022,50k-80k,1500-2000cc,Average (12-18 km/l),Automatic,Petrol,First Owner,No,No,Yes
Honda,Amaze,2022,0-20k,1000-1500cc,Good (18-24 km/l),Automatic,Petrol,First Owner,Yes,No,Yes
Tata,Nexon,2022,0-20k,2000cc+,Good (18-24 km/l),Manual,Petrol,First Owner,Yes,No,Yes
Maruti Suzuki,Dzire,2017,20k-50k,1000-1500cc,Good (18-24 km/l),Manual,Petrol,First Owner,Yes,No,Yes
Hyundai,Creta,2021,20k-50k,1000-1500cc,Good (18-24 km/l),Manual,Petrol,First Owner,Yes,No,Yes
Audi,A4,2017,50k-80k,2000cc+,Low (<12 km/l),Automatic,Petrol,Fourth & Above,Yes,No,Yes
Tata,Punch,2022,0-20k,1500-2000cc,Average (12-18 km/l),Manual,Petrol,First Owner,Yes,No,Yes
Mahindra,XUV300,2019,0-20k,1500-2000cc,Good (18-24 km/l),Manual,Diesel,Second Owner,Yes,No,Yes
Maruti Suzuki,Alto,2020,50k-80k,<1000cc,Good (18-24 km/l),Manual,Diesel,First Owner,Yes,No,Yes
Maruti Suzuki,Swift,2018,20k-50k,1000-1500cc,Good (18-24 km/l),Manual,Diesel,Second Owner,Yes,No,Yes
Ford,EcoSport,2013,80k-120k,1500-2000cc,Good (18-24 km/l),Manual,Petrol,First Owner,Yes,Yes,No
Honda,Jazz,2014,20k-50k,1500-2000cc,Good (18-24 km/l),Manual,Petrol,First Owner,No,No,No
Mahindra,Bolero,2010,120k+,2000cc+,Average (12-18 km/l),Manual,Petrol,Fourth & Above,No,Yes,No
Hyundai,i20,2021,0-20k,1000-1500cc,Good (18-24 km/l),Automatic,Diesel,First Owner,Yes,No,Yes
Volkswagen,Vento,2023,0-20k,1000-1500cc,Good (18-24 km/l),Manual,Diesel,First Owner,Yes,No,Yes
Maruti Suzuki,Baleno,2007,0-20k,1000-1500cc,Good (18-24 km/l),Manual,Petrol,Third Owner,No,No,No
Hyundai,i10,2010,80k-120k,1000-1500cc,Good (18-24 km/l),Manual,Petrol,Third Owner,Yes,Yes,No
Mahindra,Bolero,2019,50k-80k,2000cc+,Average (12-18 km/l),Manual,Petrol,First Owner,Yes,Yes,Yes
Hyundai,Venue,2022,20k-50k,1000-1500cc,Average (12-18 km/l),Manual,Petrol,First Owner,Yes,Yes,Yes
Hyundai,i20,2013,80k-120k,1000-1500cc,Good (18-24 km/l),Manual,Petrol,Third Owner,Yes,Yes,No
Toyota,Yaris,2016,80k-120k,2000cc+,Good (18-24 km/l),Manual,Petrol,Second Owner,Yes,Yes,No
Toyota,Yaris,2015,0-20k,2000cc+,Average (12-18 km/l),Manual,Petrol,First Owner,No,No,Yes
Renault,Duster,2018,0-20k,<1000cc,Excellent (24+ km/l),Manual,Electric,First Owner,Yes,No,Yes
Tata,Tiago,2015,20k-50k,1500-2000cc,Good (18-24 km/l),Manual,CNG,First Owner,No,No,Yes
Maruti Suzuki,Baleno,2017,20k-50k,1000-1500cc,Good (18-24 km/l),Manual,Diesel,First Owner,No,No,Yes
Hyundai,Creta,2022,0-20k,1000-1500cc,Good (18-24 km/l),Manual,Diesel,First Owner,No,No,Yes
Mercedes-Benz,GLA,2021,20k-50k,2000cc+,Average (12-18 km/l),Automatic,Petrol,First Owner,Yes,No,Yes
Honda,Jazz,2010,50k-80k,1000-1500cc,Good (18-24 km/l),Manual,Petrol,Third Owner,Yes,No,No
Ford,EcoSport,2021,20k-50k,1000-1500cc,Excellent (24+ km/l),Manual,Petrol,First Owner,Yes,No,Yes
Maruti Suzuki,Alto,2019,20k-50k,1000-1500cc,Good (18-24 km/l),Manual,Diesel,Second Owner,Yes,No,Yes
Mahindra,Scorpio,2023,0-20k,1500-2000cc,Good (18-24 km/l),Manual,CNG,First Owner,Yes,Yes,Yes
Maruti Suzuki,Ertiga,2016,80k-120k,<1000cc,Excellent (24+ km/l),Automatic,Petrol,Fourth & Above,No,Yes,No
Honda,WR-V,2022,20k-50k,1000-1500cc,Good (18-24 km/l),Manual,Petrol,First Owner,Yes,No,Yes
BMW,X1,2022,0-20k,2000cc+,Average (12-18 km/l),Automatic,Diesel,First Owner,Yes,No,Yes
Audi,A4,2015,20k-50k,2000cc+,Average (12-18 km/l),Automatic,Petrol,First Owner,Yes,No,No
Honda,WR-V,2023,0-20k,<1000cc,Good (18-24 km/l),Automatic,Diesel,Third Owner,Yes,No,Yes
Mahindra,XUV500,2019,0-20k,2000cc+,Good (18-24 km/l),Manual,Diesel,Third Owner,No,Yes,No
Audi,A4,2021,0-20k,2000cc+,Good (18-24 km/l),Automatic,Petrol,First Owner,Yes,No,Yes
Toyota,Innova,2013,120k+,2000cc+,Average (12-18 km/l),Manual,Diesel,First Owner,Yes,Yes,No
Maruti Suzuki,Baleno,2016,20k-50k,1000-1500cc,Average (12-18 km/l),Manual,Petrol,Second Owner,No,No,No
Mahindra,Thar,2020,80k-120k,1000-1500cc,Good (18-24 km/l),Manual,Petrol,First Owner,Yes,Yes,Yes
Hyundai,i10,2017,20k-50k,1500-2000cc,Excellent (24+ km/l),Automatic,CNG,Second Owner,Yes,Yes,Yes
Mahindra,XUV300,2019,0-20k,1000-1500cc,Good (18-24 km/l),Automatic,Petrol,Fourth & Above,Yes,No,Yes
Mahindra,Bolero,2018,20k-50k,1500-2000cc,Good (18-24 km/l),Manual,Petrol,Second Owner,No,Yes,No
Honda,Amaze,2021,20k-50k,1000-1500cc,Average (12-18 km/l),Automatic,Petrol,First Owner,Yes,No,Yes
Tata,Altroz,2019,50k-80k,1000-1500cc,Good (18-24 km/l),Manual,Petrol,First Owner,Yes,Yes,No
Maruti Suzuki,Swift,2005,120k+,<1000cc,Good (18-24 km/l),Manual,Petrol,Fourth & Above,Yes,Yes,No
Mahindra,Bolero,2021,20k-50k,1000-1500cc,Good (18-24 km/l),Manual,Petrol,First Owner,Yes,Yes,Yes
Skoda,Rapid,2018,80k-120k,1000-1500cc,Good (18-24 km/l),Manual,Petrol,Third Owner,Yes,Yes,No
Toyota,Yaris,2017,0-20k,1500-2000cc,Good (18-24 km/l),Manual,Petrol,First Owner,No,Yes,Yes
Tata,Tiago,2011,80k-120k,1000-1500cc,Good (18-24 km/l),Manual,Diesel,Second Owner,No,Yes,No
BMW,5 Series,2015,20k-50k,1500-2000cc,Good (18-24 km/l),Manual,Petrol,Third Owner,No,No,No
BMW,5 Series,2015,80k-120k,1500-2000cc,Good (18-24 km/l),Manual,Diesel,Second Owner,Yes,No,No
Hyundai,i20,2023,0-20k,<1000cc,Good (18-24 km/l),Manual,Petrol,First Owner,Yes,No,Yes
Maruti Suzuki,WagonR,2019,20k-50k,1000-1500cc,Good (18-24 km/l),Automatic,Petrol,First Owner,Yes,Yes,Yes
Volkswagen,Taigun,2008,20k-50k,<1000cc,Good (18-24 km/l),Manual,Petrol,Third Owner,No,No,No
Renault,Triber,2013,80k-120k,1500-2000cc,Good (18-24 km/l),Manual,Diesel,First Owner,No,No,No
Audi,A4,2010,0-20k,1500-2000cc,Average (12-18 km/l),Manual,Petrol,Third Owner,No,Yes,No
Kia,Seltos,2020,0-20k,1500-2000cc,Average (12-18 km/l),Automatic,Petrol,Fourth & Above,Yes,No,Yes
Honda,Jazz,2014,80k-120k,1000-1500cc,Good (18-24 km/l),Automatic,Petrol,First Owner,Yes,Yes,No
Honda,WR-V,2019,20k-50k,1000-1500cc,Good (18-24 km/l),Manual,Diesel,First Owner,Yes,No,Yes
Maruti Suzuki,Ertiga,2018,20k-50k,1000-1500cc,Excellent (24+ km/l),Automatic,Electric,First Owner,No,No,Yes
Hyundai,Verna,2022,0-20k,1000-1500cc,Good (18-24 km/l),Automatic,Petrol,First Owner,Yes,No,Yes
Mahindra,Bolero,2017,50k-80k,1000-1500cc,Good (18-24 km/l),Manual,Diesel,First Owner,No,No,Yes
Toyota,Yaris,2019,20k-50k,1000-1500cc,Good (18-24 km/l),Manual,Petrol,Second Owner,No,No,Yes
Honda,City,2022,20k-50k,1000-1500cc,Good (18-24 km/l),Manual,Hybrid,First Owner,Yes,No,Yes
Volkswagen,Taigun,2019,50k-80k,1000-1500cc,Good (18-24 km/l),Manual,Diesel,Second Owner,Yes,No,Yes
Hyundai,Creta,2022,0-20k,1000-1500cc,Good (18-24 km/l),Automatic,Petrol,First Owner,Yes,No,Yes
Honda,WR-V,2021,0-20k,1000-1500cc,Average (12-18 km/l),Automatic,Petrol,Third Owner,Yes,No,Yes
Maruti Suzuki,Dzire,2018,80k-120k,1000-1500cc,Average (12-18 km/l),Automatic,Petrol,Second Owner,No,No,No
Tata,Punch,2019,50k-80k,1500-2000cc,Good (18-24 km/l),Manual,Diesel,First Owner,Yes,No,Yes
Volkswagen,Taigun,2023,0-20k,<1000cc,Good (18-24 km/l),Automatic,Petrol,First Owner,Yes,No,Yes
Ford,Endeavour,2021,20k-50k,1000-1500cc,Good (18-24 km/l),Automatic,Diesel,First Owner,Yes,No,Yes
Mercedes-Benz,C-Class,2023,0-20k,2000cc+,Good (18-24 km/l),Automatic,Diesel,First Owner,Yes,No,Yes
Hyundai,i10,2014,20k-50k,1500-2000cc,Good (18-24 km/l),Automatic,Petrol,Third Owner,No,Yes,No
Mahindra,XUV300,2019,0-20k,2000cc+,Good (18-24 km/l),Manual,Diesel,First Owner,Yes,No,Yes
Tata,Nexon,2023,0-20k,1000-1500cc,Excellent (24+ km/l),Automatic,CNG,First Owner,Yes,No,Yes
Mahindra,XUV500,2017,80k-120k,1000-1500cc,Good (18-24 km/l),Manual,Petrol,Second Owner,Yes,Yes,Yes
Skoda,Kushaq,2023,20k-50k,1000-1500cc,Good (18-24 km/l),Manual,Diesel,First Owner,Yes,No,Yes
Ford,Endeavour,2011,80k-120k,<1000cc,Good (18-24 km/l),Manual,Petrol,Fourth & Above,No,No,No
Kia,Carens,2023,0-20k,1000-1500cc,Good (18-24 km/l),Manual,Petrol,First Owner,No,No,Yes
Hyundai,Verna,2019,20k-50k,1500-2000cc,Excellent (24+ km/l),Manual,Electric,First Owner,Yes,Yes,Yes
Kia,Carens,2010,50k-80k,1000-1500cc,Excellent (24+ km/l),Manual,Diesel,Second Owner,No,Yes,No
Maruti Suzuki,Baleno,2023,0-20k,1000-1500cc,Good (18-24 km/l),Manual,Diesel,First Owner,Yes,No,Yes
Kia,Seltos,2016,20k-50k,1000-1500cc,Good (18-24 km/l),Manual,Petrol,Second Owner,No,Yes,Yes
Tata,Altroz,2007,80k-120k,2000cc+,Average (12-18 km/l),Manual,Petrol,Second Owner,Yes,Yes,No
Hyundai,i20,2013,0-20k,1000-1500cc,Good (18-24 km/l),Manual,Petrol,First Owner,Yes,No,Yes
Mahindra,XUV500,2021,20k-50k,2000cc+,Good (18-24 km/l),Manual,Diesel,First Owner,Yes,No,Yes
BMW,5 Series,2023,0-20k,2000cc+,Average (12-18 km/l),Automatic,Diesel,First Owner,Yes,No,Yes
Maruti Suzuki,Swift,2012,20k-50k,<1000cc,Good (18-24 km/l),Manual,Petrol,Third Owner,No,No,No
Tata,Altroz,2019,20k-50k,1000-1500cc,Average (12-18 km/l),Manual,Petrol,First Owner,Yes,No,Yes
Skoda,Octavia,2014,80k-120k,1000-1500cc,Good (18-24 km/l),Manual,Diesel,Second Owner,No,No,Yes
Tata,Altroz,2022,0-20k,2000cc+,Excellent (24+ km/l),Manual,Electric,First Owner,Yes,No,Yes
Hyundai,i10,2012,20k-50k,<1000cc,Good (18-24 km/l),Manual,Diesel,Second Owner,No,No,Yes
Tata,Tiago,2015,50k-80k,1500-2000cc,Excellent (24+ km/l),Manual,Diesel,Third Owner,No,No,No
Tata,Tiago,2014,20k-50k,1000-1500cc,Good (18-24 km/l),Manual,Diesel,Second Owner,Yes,No,Yes
BMW,3 Series,2020,50k-80k,1500-2000cc,Average (12-18 km/l),Automatic,Petrol,First Owner,Yes,Yes,No
Volkswagen,Polo,2023,0-20k,1000-1500cc,Good (18-24 km/l),Automatic,Petrol,Second Owner,Yes,Yes,Yes
Mahindra,Bolero,2019,50k-80k,1000-1500cc,Good (18-24 km/l),Manual,Diesel,First Owner,Yes,No,Yes
Mercedes-Benz,GLA,2009,0-20k,2000cc+,Good (18-24 km/l),Manual,Diesel,Fourth & Above,No,No,No
Mahindra,XUV300,2020,80k-120k,2000cc+,Good (18-24 km/l),Automatic,Diesel,First Owner,Yes,No,Yes
Maruti Suzuki,Alto,2022,0-20k,1500-2000cc,Good (18-24 km/l),Automatic,Petrol,First Owner,Yes,No,Yes
Hyundai,i10,2012,0-20k,1000-1500cc,Good (18-24 km/l),Automatic,Petrol,First Owner,No,No,Yes
Mahindra,XUV300,2010,50k-80k,1500-2000cc,Average (12-18 km/l),Automatic,Petrol,Fourth & Above,No,Yes,No
Maruti Suzuki,Alto,2014,50k-80k,1000-1500cc,Excellent (24+ km/l),Manual,Diesel,First Owner,Yes,No,Yes
Audi,A4,2022,20k-50k,2000cc+,Average (12-18 km/l),Automatic,Petrol,First Owner,Yes,No,Yes
Volkswagen,Polo,2020,20k-50k,1000-1500cc,Excellent (24+ km/l),Manual,Diesel,Third Owner,Yes,Yes,No
Hyundai,i20,2020,20k-50k,1000-1500cc,Good (18-24 km/l),Automatic,Diesel,First Owner,Yes,No,Yes
Honda,Amaze,2016,50k-80k,1000-1500cc,Good (18-24 km/l),Manual,Petrol,Second Owner,Yes,No,Yes
Ford,Figo,2017,20k-50k,1000-1500cc,Good (18-24 km/l),Automatic,Petrol,First Owner,Yes,No,Yes
BMW,5 Series,2023,0-20k,1500-2000cc,Good (18-24 km/l),Automatic,Diesel,First Owner,Yes,No,Yes
Kia,Carens,2015,50k-80k,1000-1500cc,Excellent (24+ km/l),Manual,Diesel,Third Owner,Yes,No,Yes
Mahindra,XUV300,2023,0-20k,2000cc+,Average (12-18 km/l),Manual,Petrol,First Owner,Yes,No,Yes
Volkswagen,Taigun,2020,0-20k,1500-2000cc,Good (18-24 km/l),Manual,Hybrid,Second Owner,No,No,Yes
Honda,Amaze,2012,120k+,1000-1500cc,Average (12-18 km/l),Automatic,Petrol,First Owner,Yes,No,No
Honda,WR-V,2019,0-20k,1000-1500cc,Excellent (24+ km/l),Manual,Petrol,Second Owner,Yes,No,Yes
Maruti Suzuki,Swift,2023,0-20k,1000-1500cc,Average (12-18 km/l),Manual,Petrol,First Owner,No,No,Yes
Maruti Suzuki,Alto,2018,20k-50k,1000-1500cc,Excellent (24+ km/l),Automatic,Diesel,First Owner,Yes,No,Yes
Mahindra,Thar,2023,0-20k,1500-2000cc,Good (18-24 km/l),Manual,Diesel,First Owner,Yes,No,Yes
Hyundai,i20,2016,50k-80k,1000-1500cc,Good (18-24 km/l),Manual,Diesel,Third Owner,Yes,No,Yes
Maruti Suzuki,Alto,2020,20k-50k,<1000cc,Good (18-24 km/l),Manual,Petrol,Second Owner,No,No,Yes
Ford,EcoSport,2022,0-20k,1000-1500cc,Good (18-24 km/l),Automatic,Diesel,First Owner,Yes,No,Yes
Maruti Suzuki,Dzire,2023,0-20k,1000-1500cc,Average (12-18 km/l),Manual,Petrol,First Owner,Yes,No,Yes
Honda,WR-V,2019,50k-80k,1000-1500cc,Excellent (24+ km/l),Manual,CNG,First Owner,No,No,Yes
Honda,City,2021,20k-50k,1000-1500cc,Good (18-24 km/l),Automatic,Petrol,First Owner,Yes,No,Yes
Audi,A4,2005,80k-120k,2000cc+,Average (12-18 km/l),Automatic,Petrol,Second Owner,No,Yes,No
Mahindra,XUV500,2016,20k-50k,1500-2000cc,Excellent (24+ km/l),Manual,Electric,First Owner,No,Yes,No
Maruti Suzuki,Dzire,2016,0-20k,1000-1500cc,Good (18-24 km/l),Manual,Petrol,Second Owner,Yes,No,Yes
Honda,Amaze,2011,80k-120k,1000-1500cc,Good (18-24 km/l),Manual,Petrol,Third Owner,Yes,No,No
Skoda,Rapid,2016,120k+,<1000cc,Good (18-24 km/l),Manual,Petrol,Second Owner,Yes,Yes,No
Mercedes-Benz,GLA,2017,0-20k,2000cc+,Good (18-24 km/l),Manual,Diesel,First Owner,Yes,Yes,Yes
Mahindra,Bolero,2023,0-20k,1000-1500cc,Good (18-24 km/l),Automatic,Petrol,First Owner,Yes,No,Yes
Tata,Punch,2021,0-20k,2000cc+,Average (12-18 km/l),Automatic,Petrol,First Owner,Yes,No,Yes
Kia,Carens,2018,0-20k,1000-1500cc,Good (18-24 km/l),Manual,Petrol,Third Owner,No,No,Yes
Hyundai,i20,2023,0-20k,1000-1500cc,Excellent (24+ km/l),Manual,Diesel,First Owner,Yes,No,Yes
Toyota,Innova,2013,80k-120k,1500-2000cc,Excellent (24+ km/l),Manual,CNG,Third Owner,No,Yes,No
Tata,Harrier,2019,20k-50k,1500-2000cc,Excellent (24+ km/l),Manual,Electric,Fourth & Above,Yes,No,Yes
Maruti Suzuki,Baleno,2021,20k-50k,1000-1500cc,Good (18-24 km/l),Manual,Hybrid,First Owner,Yes,No,Yes
Tata,Punch,2009,120k+,2000cc+,Good (18-24 km/l),Manual,Petrol,First Owner,No,Yes,No
Hyundai,Verna,2021,20k-50k,1000-1500cc,Good (18-24 km/l),Manual,Diesel,First Owner,No,No,Yes
Ford,Endeavour,2011,120k+,1000-1500cc,Excellent (24+ km/l),Manual,Diesel,Fourth & Above,No,Yes,No
Audi,A4,2013,20k-50k,2000cc+,Good (18-24 km/l),Automatic,Diesel,Third Owner,No,No,No
Hyundai,i10,2013,80k-120k,1000-1500cc,Excellent (24+ km/l),Manual,Diesel,Fourth & Above,No,No,No
Renault,Kwid,2023,0-20k,<1000cc,Excellent (24+ km/l),Manual,Diesel,First Owner,Yes,No,Yes
Maruti Suzuki,WagonR,2021,0-20k,1000-1500cc,Average (12-18 km/l),Automatic,Petrol,First Owner,No,No,Yes
Honda,Amaze,2021,20k-50k,1000-1500cc,Excellent (24+ km/l),Manual,Electric,First Owner,Yes,No,Yes
Maruti Suzuki,Alto,2020,80k-120k,1000-1500cc,Good (18-24 km/l),Automatic,Diesel,Second Owner,Yes,No,Yes
BMW,3 Series,2016,20k-50k,1500-2000cc,Good (18-24 km/l),Manual,Diesel,Third Owner,Yes,No,No
Volkswagen,Vento,2021,0-20k,<1000cc,Good (18-24 km/l),Manual,CNG,First Owner,Yes,No,Yes
Toyota,Fortuner,2018,20k-50k,2000cc+,Good (18-24 km/l),Manual,Diesel,Second Owner,Yes,No,Yes
Renault,Triber,2013,50k-80k,1000-1500cc,Good (18-24 km/l),Manual,Diesel,Fourth & Above,Yes,No,No
Toyota,Yaris,2021,50k-80k,1000-1500cc,Good (18-24 km/l),Automatic,Diesel,First Owner,Yes,Yes,Yes
Audi,A4,2012,20k-50k,2000cc+,Good (18-24 km/l),Automatic,Diesel,Second Owner,Yes,No,Yes
Ford,Endeavour,2014,120k+,1000-1500cc,Average (12-18 km/l),Manual,Petrol,Second Owner,No,Yes,No
BMW,5 Series,2022,0-20k,1500-2000cc,Good (18-24 km/l),Automatic,Diesel,First Owner,No,No,Yes
Mahindra,XUV500,2021,0-20k,1000-1500cc,Excellent (24+ km/l),Automatic,CNG,First Owner,Yes,No,Yes
Maruti Suzuki,Baleno,2021,0-20k,1000-1500cc,Good (18-24 km/l),Manual,Hybrid,First Owner,Yes,No,Yes
Mahindra,Bolero,2018,20k-50k,1500-2000cc,Good (18-24 km/l),Manual,Petrol,First Owner,No,No,Yes
Maruti Suzuki,WagonR,2018,20k-50k,1000-1500cc,Good (18-24 km/l),Automatic,Petrol,First Owner,Yes,No,Yes
Honda,Jazz,2021,20k-50k,<1000cc,Excellent (24+ km/l),Manual,Diesel,First Owner,No,No,Yes
Mahindra,Bolero,2022,20k-50k,2000cc+,Good (18-24 km/l),Automatic,CNG,First Owner,Yes,No,Yes
Toyota,Fortuner,2019,20k-50k,1000-1500cc,Good (18-24 km/l),Manual,Diesel,Second Owner,No,No,Yes
Maruti Suzuki,WagonR,2023,0-20k,1000-1500cc,Good (18-24 km/l),Manual,Petrol,Second Owner,Yes,No,Yes
Hyundai,i20,2023,0-20k,1000-1500cc,Good (18-24 km/l),Manual,Diesel,First Owner,Yes,No,Yes
Mahindra,Thar,2018,50k-80k,1000-1500cc,Good (18-24 km/l),Manual,Petrol,First Owner,No,Yes,No
Audi,Q3,2022,0-20k,2000cc+,Good (18-24 km/l),Automatic,Diesel,First Owner,Yes,No,Yes
Tata,Altroz,2020,20k-50k,1500-2000cc,Good (18-24 km/l),Manual,Petrol,First Owner,Yes,No,Yes
Tata,Harrier,2020,20k-50k,1500-2000cc,Good (18-24 km/l),Manual,Petrol,Third Owner,Yes,No,Yes
Ford,Endeavour,2009,0-20k,1000-1500cc,Excellent (24+ km/l),Manual,Diesel,Second Owner,Yes,No,Yes
Honda,WR-V,2020,0-20k,1000-1500cc,Good (18-24 km/l),Manual,Petrol,First Owner,Yes,No,Yes
Hyundai,Creta,2023,0-20k,<1000cc,Good (18-24 km/l),Automatic,Petrol,First Owner,Yes,No,Yes
Tata,Harrier,2022,0-20k,1500-2000cc,Good (18-24 km/l),Manual,Petrol,First Owner,Yes,No,Yes
Hyundai,Verna,2022,20k-50k,1000-1500cc,Good (18-24 km/l),Manual,Petrol,First Owner,Yes,No,Yes
Audi,A4,2013,20k-50k,2000cc+,Good (18-24 km/l),Manual,Petrol,Second Owner,No,No,No
Maruti Suzuki,Baleno,2017,20k-50k,<1000cc,Good (18-24 km/l),Manual,Petrol,First Owner,No,No,Yes
Tata,Altroz,2015,80k-120k,2000cc+,Good (18-24 km/l),Manual,Petrol,Second Owner,Yes,Yes,No
Maruti Suzuki,Ertiga,2017,20k-50k,<1000cc,Excellent (24+ km/l),Manual,Petrol,First Owner,Yes,No,Yes
Hyundai,i20,2020,0-20k,1000-1500cc,Good (18-24 km/l),Automatic,Petrol,Second Owner,No,No,Yes
Renault,Kwid,2018,50k-80k,1000-1500cc,Good (18-24 km/l),Manual,Petrol,First Owner,No,No,Yes
Hyundai,i20,2020,80k-120k,1000-1500cc,Good (18-24 km/l),Automatic,Diesel,First Owner,Yes,Yes,No
Maruti Suzuki,Ertiga,2019,20k-50k,1000-1500cc,Good (18-24 km/l),Manual,Petrol,Third Owner,No,No,Yes
Mahindra,Bolero,2016,80k-120k,2000cc+,Good (18-24 km/l),Manual,Diesel,Second Owner,Yes,No,Yes
Maruti Suzuki,Alto,2011,120k+,1000-1500cc,Good (18-24 km/l),Manual,Diesel,First Owner,Yes,Yes,No
Maruti Suzuki,Dzire,2023,20k-50k,1000-1500cc,Good (18-24 km/l),Automatic,Diesel,Second Owner,Yes,Yes,Yes
Renault,Duster,2006,120k+,1000-1500cc,Good (18-24 km/l),Manual,Petrol,Third Owner,No,Yes,No
Volkswagen,Polo,2005,120k+,1500-2000cc,Good (18-24 km/l),Manual,Petrol,Third Owner,No,Yes,No
BMW,3 Series,2022,0-20k,2000cc+,Average (12-18 km/l),Automatic,Petrol,First Owner,Yes,No,Yes
Skoda,Octavia,2023,0-20k,1500-2000cc,Good (18-24 km/l),Automatic,Diesel,First Owner,Yes,No,Yes
Ford,Figo,2022,20k-50k,1500-2000cc,Excellent (24+ km/l),Manual,Diesel,First Owner,Yes,Yes,Yes
Maruti Suzuki,Dzire,2006,20k-50k,1000-1500cc,Good (18-24 km/l),Automatic,Diesel,Second Owner,No,Yes,No
Renault,Triber,2015,80k-120k,1500-2000cc,Good (18-24 km/l),Manual,Diesel,Second Owner,Yes,Yes,No
Skoda,Octavia,2023,0-20k,1500-2000cc,Excellent (24+ km/l),Manual,CNG,First Owner,Yes,No,Yes
Renault,Duster,2022,20k-50k,1000-1500cc,Excellent (24+ km/l),Manual,Electric,First Owner,Yes,No,Yes
Mahindra,XUV500,2020,0-20k,2000cc+,Good (18-24 km/l),Manual,Diesel,Second Owner,No,No,Yes
Hyundai,Verna,2015,50k-80k,1000-1500cc,Good (18-24 km/l),Manual,Petrol,First Owner,No,No,No
Skoda,Octavia,2006,120k+,1000-1500cc,Good (18-24 km/l),Manual,Hybrid,Fourth & Above,No,Yes,No
Ford,Endeavour,2007,120k+,<1000cc,Good (18-24 km/l),Manual,Diesel,Third Owner,No,No,No
Mercedes-Benz,GLA,2021,80k-120k,2000cc+,Average (12-18 km/l),Automatic,Diesel,First Owner,Yes,No,Yes
Maruti Suzuki,Dzire,2007,120k+,1000-1500cc,Good (18-24 km/l),Manual,Petrol,Fourth & Above,No,No,No
Hyundai,Verna,2023,0-20k,1000-1500cc,Good (18-24 km/l),Automatic,Petrol,First Owner,Yes,No,Yes
Hyundai,Verna,2014,50k-80k,1000-1500cc,Excellent (24+ km/l),Manual,Diesel,Third Owner,No,No,No
Renault,Triber,2021,0-20k,<1000cc,Excellent (24+ km/l),Automatic,Petrol,First Owner,No,No,Yes
Hyundai,Verna,2013,120k+,1000-1500cc,Good (18-24 km/l),Manual,Petrol,Second Owner,No,No,No
Maruti Suzuki,WagonR,2020,0-20k,1000-1500cc,Good (18-24 km/l),Manual,Diesel,Second Owner,No,No,Yes
Mercedes-Benz,GLA,2010,20k-50k,2000cc+,Average (12-18 km/l),Automatic,Petrol,Second Owner,No,No,No
Maruti Suzuki,Ertiga,2022,0-20k,1000-1500cc,Good (18-24 km/l),Manual,Petrol,First Owner,Yes,No,Yes
Skoda,Octavia,2020,50k-80k,1000-1500cc,Good (18-24 km/l),Manual,Petrol,Second Owner,Yes,No,Yes
Tata,Nexon,2011,20k-50k,1500-2000cc,Good (18-24 km/l),Manual,Petrol,Third Owner,No,No,No
Skoda,Kushaq,2023,0-20k,1000-1500cc,Good (18-24 km/l),Manual,Petrol,First Owner,Yes,No,Yes
Honda,Jazz,2020,80k-120k,1500-2000cc,Average (12-18 km/l),Automatic,Petrol,First Owner,Yes,Yes,Yes
Kia,Sonet,2023,0-20k,1000-1500cc,Good (18-24 km/l),Manual,Hybrid,First Owner,Yes,No,Yes
BMW,5 Series,2023,0-20k,2000cc+,Low (<12 km/l),Automatic,Petrol,First Owner,No,No,Yes
Maruti Suzuki,Alto,2023,0-20k,1000-1500cc,Good (18-24 km/l),Manual,Diesel,First Owner,Yes,No,Yes
Maruti Suzuki,Baleno,2010,120k+,1500-2000cc,Average (12-18 km/l),Manual,Petrol,Third Owner,No,Yes,No
Hyundai,Venue,2012,80k-120k,1500-2000cc,Good (18-24 km/l),Manual,Petrol,Second Owner,No,No,No
Toyota,Fortuner,2023,0-20k,2000cc+,Good (18-24 km/l),Manual,Petrol,Second Owner,Yes,No,Yes
Kia,Seltos,2019,20k-50k,1000-1500cc,Good (18-24 km/l),Manual,Hybrid,First Owner,Yes,No,Yes
Mahindra,Scorpio,2015,20k-50k,2000cc+,Good (18-24 km/l),Manual,Petrol,Third Owner,Yes,No,Yes
Honda,Amaze,2022,20k-50k,1000-1500cc,Good (18-24 km/l),Manual,Diesel,First Owner,Yes,No,Yes
Hyundai,Verna,2016,50k-80k,1500-2000cc,Good (18-24 km/l),Automatic,Diesel,First Owner,No,Yes,No
Renault,Triber,2022,0-20k,<1000cc,Good (18-24 km/l),Automatic,Diesel,First Owner,Yes,Yes,Yes
Audi,Q3,2022,20k-50k,2000cc+,Average (12-18 km/l),Automatic,Diesel,First Owner,Yes,No,Yes
Hyundai,Verna,2022,0-20k,1000-1500cc,Good (18-24 km/l),Manual,Petrol,First Owner,Yes,No,Yes
Mahindra,XUV500,2016,120k+,1500-2000cc,Good (18-24 km/l),Manual,Diesel,Third Owner,No,Yes,No
Maruti Suzuki,Baleno,2018,80k-120k,1000-1500cc,Average (12-18 km/l),Automatic,Hybrid,First Owner,Yes,No,Yes
Honda,WR-V,2018,20k-50k,1500-2000cc,Good (18-24 km/l),Manual,Diesel,First Owner,Yes,No,Yes
Mahindra,Scorpio,2019,20k-50k,1500-2000cc,Average (12-18 km/l),Manual,Petrol,First Owner,Yes,No,Yes
Maruti Suzuki,Alto,2013,50k-80k,1000-1500cc,Average (12-18 km/l),Manual,Petrol,Fourth & Above,Yes,Yes,No
Mahindra,Bolero,2019,0-20k,1000-1500cc,Good (18-24 km/l),Manual,Petrol,First Owner,Yes,No,Yes
Tata,Harrier,2019,20k-50k,1500-2000cc,Good (18-24 km/l),Manual,Diesel,Second Owner,No,No,Yes
Mahindra,Bolero,2020,0-20k,1500-2000cc,Average (12-18 km/l),Manual,Petrol,First Owner,No,Yes,No
Honda,City,2022,0-20k,1000-1500cc,Average (12-18 km/l),Manual,Petrol,First Owner,Yes,No,Yes
Maruti Suzuki,Dzire,2020,50k-80k,<1000cc,Good (18-24 km/l),Manual,Petrol,First Owner,Yes,Yes,Yes
Volkswagen,Polo,2015,120k+,1000-1500cc,Good (18-24 km/l),Manual,Petrol,First Owner,No,Yes,No
Ford,EcoSport,2021,0-20k,1000-1500cc,Average (12-18 km/l),Automatic,Petrol,First Owner,No,No,Yes
Tata,Nexon,2022,0-20k,2000cc+,Good (18-24 km/l),Manual,Petrol,First Owner,Yes,No,Yes
Maruti Suzuki,Ertiga,2017,0-20k,1000-1500cc,Good (18-24 km/l),Manual,Hybrid,Fourth & Above,No,No,Yes
Volkswagen,Polo,2021,20k-50k,1000-1500cc,Good (18-24 km/l),Automatic,Diesel,First Owner,Yes,No,Yes
Audi,Q3,2013,80k-120k,1500-2000cc,Good (18-24 km/l),Automatic,Diesel,Third Owner,No,Yes,No
Hyundai,Verna,2017,20k-50k,<1000cc,Good (18-24 km/l),Manual,Petrol,First Owner,Yes,No,Yes
Tata,Tiago,2023,0-20k,1000-1500cc,Good (18-24 km/l),Manual,Petrol,First Owner,Yes,No,Yes
Hyundai,Creta,2023,0-20k,1000-1500cc,Excellent (24+ km/l),Manual,Diesel,First Owner,No,No,Yes
Honda,Jazz,2020,0-20k,<1000cc,Good (18-24 km/l),Manual,Petrol,Second Owner,Yes,Yes,Yes
Maruti Suzuki,WagonR,2021,20k-50k,1000-1500cc,Good (18-24 km/l),Manual,Hybrid,First Owner,Yes,No,Yes
Tata,Nexon,2023,0-20k,2000cc+,Good (18-24 km/l),Automatic,Diesel,First Owner,Yes,No,Yes
Ford,EcoSport,2023,0-20k,<1000cc,Good (18-24 km/l),Manual,Hybrid,First Owner,Yes,No,Yes
Honda,City,2019,0-20k,1000-1500cc,Good (18-24 km/l),Manual,Petrol,Second Owner,No,No,Yes
Tata,Nexon,2020,20k-50k,1500-2000cc,Good (18-24 km/l),Manual,Diesel,Second Owner,Yes,No,Yes
Tata,Punch,2018,20k-50k,2000cc+,Low (<12 km/l),Manual,Petrol,First Owner,Yes,No,Yes
Honda,Jazz,2010,120k+,1000-1500cc,Good (18-24 km/l),Manual,Petrol,Third Owner,No,Yes,No
Maruti Suzuki,Ertiga,2018,20k-50k,<1000cc,Excellent (24+ km/l),Manual,Diesel,First Owner,Yes,Yes,Yes
Maruti Suzuki,Alto,2022,20k-50k,1000-1500cc,Good (18-24 km/l),Manual,Petrol,First Owner,Yes,No,Yes
Kia,Carens,2022,0-20k,1000-1500cc,Good (18-24 km/l),Automatic,Petrol,First Owner,Yes,No,Yes
Maruti Suzuki,Baleno,2023,0-20k,1000-1500cc,Good (18-24 km/l),Automatic,Petrol,First Owner,Yes,No,Yes
Ford,EcoSport,2009,120k+,1000-1500cc,Good (18-24 km/l),Manual,Petrol,Third Owner,No,Yes,No
BMW,X1,2020,20k-50k,1500-2000cc,Average (12-18 km/l),Automatic,Diesel,First Owner,Yes,No,Yes
Hyundai,i20,2011,80k-120k,1000-1500cc,Good (18-24 km/l),Automatic,Diesel,First Owner,No,No,No
Tata,Altroz,2014,0-20k,1500-2000cc,Good (18-24 km/l),Manual,Diesel,First Owner,No,Yes,No
Honda,Jazz,2023,0-20k,1000-1500cc,Average (12-18 km/l),Automatic,Hybrid,First Owner,Yes,No,Yes
Kia,Seltos,2019,50k-80k,1500-2000cc,Good (18-24 km/l),Manual,Petrol,First Owner,Yes,Yes,Yes
BMW,3 Series,2022,50k-80k,2000cc+,Average (12-18 km/l),Automatic,Petrol,First Owner,Yes,No,Yes
Volkswagen,Polo,2009,120k+,1000-1500cc,Good (18-24 km/l),Automatic,Petrol,Third Owner,Yes,No,No
Maruti Suzuki,Ertiga,2018,20k-50k,<1000cc,Good (18-24 km/l),Manual,Petrol,Second Owner,No,Yes,Yes
Toyota,Glanza,2021,0-20k,1500-2000cc,Average (12-18 km/l),Automatic,Diesel,First Owner,No,No,Yes
Tata,Altroz,2012,80k-120k,1000-1500cc,Good (18-24 km/l),Automatic,Diesel,First Owner,No,Yes,No
Mahindra,XUV500,2017,20k-50k,1000-1500cc,Average (12-18 km/l),Automatic,Petrol,Second Owner,Yes,No,Yes
Maruti Suzuki,WagonR,2009,120k+,1000-1500cc,Excellent (24+ km/l),Manual,CNG,Third Owner,No,Yes,No
Hyundai,i20,2021,50k-80k,<1000cc,Good (18-24 km/l),Manual,Diesel,First Owner,Yes,No,Yes
Renault,Kwid,2023,0-20k,1500-2000cc,Good (18-24 km/l),Automatic,Petrol,Second Owner,No,No,Yes
Mahindra,Bolero,2022,20k-50k,1000-1500cc,Good (18-24 km/l),Manual,Petrol,First Owner,Yes,No,Yes
Hyundai,i20,2023,0-20k,1500-2000cc,Excellent (24+ km/l),Automatic,CNG,First Owner,Yes,No,Yes
Tata,Punch,2022,0-20k,1500-2000cc,Good (18-24 km/l),Manual,Petrol,First Owner,No,No,Yes
Skoda,Octavia,2023,0-20k,1000-1500cc,Good (18-24 km/l),Manual,Hybrid,First Owner,No,No,Yes
Volkswagen,Vento,2020,0-20k,1000-1500cc,Good (18-24 km/l),Automatic,Diesel,First Owner,Yes,No,Yes
Hyundai,i10,2020,20k-50k,1500-2000cc,Good (18-24 km/l),Manual,Petrol,First Owner,Yes,No,Yes
Maruti Suzuki,Swift,2018,50k-80k,1500-2000cc,Good (18-24 km/l),Manual,Diesel,Third Owner,Yes,No,Yes
Hyundai,Venue,2022,20k-50k,1000-1500cc,Good (18-24 km/l),Automatic,Petrol,Second Owner,Yes,Yes,Yes
BMW,X1,2014,80k-120k,2000cc+,Good (18-24 km/l),Manual,Diesel,First Owner,Yes,Yes,No
Honda,WR-V,2009,120k+,<1000cc,Excellent (24+ km/l),Manual,Diesel,Third Owner,No,Yes,No
Honda,City,2023,0-20k,1000-1500cc,Excellent (24+ km/l),Automatic,Electric,First Owner,No,No,Yes
Honda,WR-V,2005,50k-80k,1000-1500cc,Good (18-24 km/l),Manual,Diesel,First Owner,No,Yes,No
Tata,Tiago,2023,0-20k,1500-2000cc,Good (18-24 km/l),Automatic,Petrol,First Owner,Yes,No,Yes
Renault,Kwid,2022,0-20k,1000-1500cc,Good (18-24 km/l),Automatic,Petrol,First Owner,Yes,No,Yes
Mahindra,XUV300,2017,20k-50k,2000cc+,Good (18-24 km/l),Manual,Diesel,First Owner,No,No,Yes
Maruti Suzuki,Alto,2021,20k-50k,1000-1500cc,Excellent (24+ km/l),Automatic,CNG,First Owner,Yes,No,Yes
Maruti Suzuki,WagonR,2022,0-20k,1000-1500cc,Good (18-24 km/l),Manual,Petrol,First Owner,Yes,No,Yes
Honda,WR-V,2015,20k-50k,1000-1500cc,Good (18-24 km/l),Manual,Diesel,Third Owner,Yes,Yes,No
BMW,5 Series,2022,0-20k,2000cc+,Average (12-18 km/l),Automatic,Petrol,First Owner,Yes,Yes,Yes
Hyundai,i20,2022,20k-50k,<1000cc,Good (18-24 km/l),Automatic,Petrol,First Owner,Yes,No,Yes
Skoda,Rapid,2016,80k-120k,1000-1500cc,Good (18-24 km/l),Manual,Diesel,First Owner,No,Yes,No
Volkswagen,Polo,2008,120k+,1000-1500cc,Excellent (24+ km/l),Manual,Diesel,First Owner,No,Yes,No
Hyundai,i10,2014,50k-80k,1000-1500cc,Good (18-24 km/l),Manual,Petrol,Third Owner,Yes,No,Yes
Maruti Suzuki,Dzire,2014,80k-120k,1000-1500cc,Average (12-18 km/l),Manual,Petrol,Third Owner,No,No,No
Maruti Suzuki,WagonR,2010,120k+,1000-1500cc,Good (18-24 km/l),Manual,Petrol,Second Owner,No,Yes,No
Ford,EcoSport,2022,20k-50k,1000-1500cc,Good (18-24 km/l),Automatic,Diesel,First Owner,Yes,No,Yes
Hyundai,i10,2018,50k-80k,1000-1500cc,Excellent (24+ km/l),Manual,Petrol,First Owner,No,Yes,Yes
Tata,Altroz,2023,0-20k,1000-1500cc,Average (12-18 km/l),Manual,Petrol,First Owner,Yes,No,Yes
Mahindra,Bolero,2016,20k-50k,1500-2000cc,Good (18-24 km/l),Manual,Petrol,Second Owner,Yes,No,Yes
Ford,EcoSport,2019,80k-120k,1000-1500cc,Good (18-24 km/l),Manual,Diesel,First Owner,No,No,Yes
Maruti Suzuki,Alto,2021,0-20k,1000-1500cc,Good (18-24 km/l),Automatic,Petrol,First Owner,Yes,Yes,Yes
Tata,Harrier,2023,0-20k,2000cc+,Excellent (24+ km/l),Manual,Electric,First Owner,No,No,Yes
Mahindra,XUV500,2020,20k-50k,1500-2000cc,Average (12-18 km/l),Manual,Petrol,Second Owner,No,Yes,No
Honda,WR-V,2018,0-20k,1500-2000cc,Good (18-24 km/l),Automatic,Diesel,First Owner,Yes,No,Yes
Renault,Duster,2023,0-20k,1000-1500cc,Excellent (24+ km/l),Automatic,CNG,First Owner,Yes,Yes,Yes
Maruti Suzuki,Swift,2017,20k-50k,1000-1500cc,Good (18-24 km/l),Manual,Petrol,Third Owner,No,No,Yes
Renault,Triber,2010,20k-50k,1000-1500cc,Excellent (24+ km/l),Manual,Diesel,Second Owner,No,No,Yes
Ford,EcoSport,2019,0-20k,1000-1500cc,Excellent (24+ km/l),Manual,CNG,First Owner,Yes,No,Yes
Honda,City,2022,0-20k,1000-1500cc,Good (18-24 km/l),Manual,Diesel,First Owner,No,Yes,Yes
Ford,Figo,2007,50k-80k,1000-1500cc,Average (12-18 km/l),Manual,Petrol,Third Owner,No,Yes,No
Tata,Nexon,2020,0-20k,1000-1500cc,Average (12-18 km/l),Automatic,Petrol,First Owner,Yes,No,Yes
Maruti Suzuki,Dzire,2020,20k-50k,1500-2000cc,Average (12-18 km/l),Automatic,Petrol,Second Owner,No,No,Yes
Toyota,Yaris,2023,0-20k,1500-2000cc,Excellent (24+ km/l),Manual,Diesel,First Owner,Yes,No,Yes
Mahindra,XUV300,2016,80k-120k,1000-1500cc,Excellent (24+ km/l),Manual,Petrol,Second Owner,Yes,No,Yes
Toyota,Fortuner,2016,20k-50k,2000cc+,Average (12-18 km/l),Automatic,Petrol,Third Owner,Yes,No,No
Tata,Nexon,2019,0-20k,1500-2000cc,Good (18-24 km/l),Automatic,Diesel,First Owner,No,No,Yes
Kia,Seltos,2017,80k-120k,1000-1500cc,Good (18-24 km/l),Manual,Diesel,First Owner,Yes,No,Yes
Honda,City,2022,20k-50k,1000-1500cc,Good (18-24 km/l),Automatic,Diesel,First Owner,Yes,No,Yes
Maruti Suzuki,Ertiga,2021,0-20k,1000-1500cc,Good (18-24 km/l),Automatic,CNG,First Owner,Yes,No,Yes
Mahindra,Scorpio,2022,20k-50k,1000-1500cc,Good (18-24 km/l),Manual,Petrol,First Owner,Yes,Yes,Yes
Volkswagen,Taigun,2022,20k-50k,1000-1500cc,Excellent (24+ km/l),Manual,Diesel,Second Owner,Yes,No,Yes
Renault,Kwid,2023,0-20k,1500-2000cc,Good (18-24 km/l),Manual,Petrol,First Owner,Yes,No,Yes
Mahindra,Thar,2019,80k-120k,1000-1500cc,Good (18-24 km/l),Manual,Petrol,First Owner,Yes,No,Yes
Kia,Sonet,2023,0-20k,1000-1500cc,Good (18-24 km/l),Manual,Diesel,First Owner,No,No,Yes
Hyundai,Venue,2015,80k-120k,1000-1500cc,Good (18-24 km/l),Manual,Diesel,Second Owner,No,No,No
Tata,Altroz,2021,20k-50k,2000cc+,Excellent (24+ km/l),Automatic,Electric,First Owner,Yes,No,Yes
Kia,Seltos,2020,20k-50k,1000-1500cc,Excellent (24+ km/l),Manual,Diesel,Second Owner,Yes,Yes,Yes
Kia,Sonet,2022,0-20k,1000-1500cc,Good (18-24 km/l),Manual,Petrol,First Owner,Yes,No,Yes
Ford,EcoSport,2019,50k-80k,1000-1500cc,Excellent (24+ km/l),Manual,Diesel,Second Owner,Yes,No,Yes
Skoda,Rapid,2022,0-20k,1000-1500cc,Good (18-24 km/l),Manual,Petrol,First Owner,Yes,No,Yes
Maruti Suzuki,Alto,2023,20k-50k,1000-1500cc,Good (18-24 km/l),Manual,Petrol,First Owner,Yes,No,Yes
Skoda,Octavia,2022,0-20k,<1000cc,Good (18-24 km/l),Manual,Petrol,First Owner,Yes,No,Yes
Tata,Punch,2022,0-20k,2000cc+,Good (18-24 km/l),Manual,CNG,First Owner,Yes,No,Yes
Maruti Suzuki,Baleno,2010,120k+,1000-1500cc,Good (18-24 km/l),Manual,Petrol,Second Owner,Yes,Yes,No
Hyundai,i10,2014,20k-50k,1500-2000cc,Good (18-24 km/l),Manual,Diesel,Second Owner,No,No,Yes
Tata,Nexon,2023,0-20k,1000-1500cc,Good (18-24 km/l),Manual,Petrol,First Owner,Yes,No,Yes
Hyundai,Verna,2021,0-20k,1000-1500cc,Good (18-24 km/l),Automatic,Diesel,First Owner,No,No,Yes
Tata,Punch,2020,20k-50k,1000-1500cc,Good (18-24 km/l),Manual,Diesel,First Owner,Yes,No,Yes
Maruti Suzuki,Baleno,2018,80k-120k,1000-1500cc,Good (18-24 km/l),Manual,Petrol,Fourth & Above,Yes,Yes,No
Hyundai,i20,2008,120k+,1000-1500cc,Excellent (24+ km/l),Manual,Diesel,Third Owner,No,Yes,No
Honda,WR-V,2018,20k-50k,1000-1500cc,Good (18-24 km/l),Manual,Diesel,First Owner,Yes,No,Yes
Mahindra,Scorpio,2019,80k-120k,2000cc+,Average (12-18 km/l),Manual,Diesel,Second Owner,Yes,No,Yes
Tata,Punch,2015,120k+,2000cc+,Good (18-24 km/l),Manual,CNG,Third Owner,No,Yes,No
Volkswagen,Taigun,2014,120k+,1500-2000cc,Excellent (24+ km/l),Manual,Electric,First Owner,Yes,Yes,No
Kia,Carens,2019,20k-50k,<1000cc,Good (18-24 km/l),Manual,Petrol,First Owner,No,Yes,No
Volkswagen,Polo,2020,0-20k,1000-1500cc,Average (12-18 km/l),Automatic,Petrol,First Owner,Yes,Yes,Yes
Tata,Nexon,2015,0-20k,2000cc+,Good (18-24 km/l),Manual,Petrol,Second Owner,Yes,No,Yes
Volkswagen,Vento,2020,20k-50k,<1000cc,Excellent (24+ km/l),Manual,Diesel,Second Owner,Yes,No,Yes
Maruti Suzuki,Swift,2023,0-20k,1500-2000cc,Good (18-24 km/l),Manual,Diesel,First Owner,Yes,No,Yes
Maruti Suzuki,Ertiga,2019,0-20k,1500-2000cc,Average (12-18 km/l),Manual,Petrol,Second Owner,No,No,Yes
Tata,Tiago,2023,0-20k,1000-1500cc,Good (18-24 km/l),Automatic,Petrol,First Owner,Yes,No,Yes
Renault,Kwid,2023,0-20k,1000-1500cc,Good (18-24 km/l),Automatic,Diesel,First Owner,Yes,Yes,Yes
Hyundai,i10,2011,120k+,1000-1500cc,Good (18-24 km/l),Manual,Petrol,Third Owner,Yes,Yes,No
Maruti Suzuki,Ertiga,2011,0-20k,1500-2000cc,Good (18-24 km/l),Manual,Petrol,Third Owner,Yes,No,Yes
Maruti Suzuki,Swift,2019,0-20k,<1000cc,Good (18-24 km/l),Manual,Petrol,First Owner,Yes,No,Yes
Skoda,Rapid,2020,20k-50k,1000-1500cc,Excellent (24+ km/l),Manual,CNG,Second Owner,Yes,No,Yes
Toyota,Glanza,2018,50k-80k,1500-2000cc,Good (18-24 km/l),Manual,Petrol,First Owner,No,Yes,No
Hyundai,Creta,2017,20k-50k,1000-1500cc,Good (18-24 km/l),Manual,Diesel,First Owner,Yes,Yes,Yes
Honda,Amaze,2021,0-20k,1000-1500cc,Excellent (24+ km/l),Manual,CNG,Second Owner,No,No,Yes
Mahindra,XUV300,2005,120k+,1500-2000cc,Good (18-24 km/l),Manual,Petrol,First Owner,No,No,No
Toyota,Fortuner,2023,0-20k,1500-2000cc,Good (18-24 km/l),Automatic,Diesel,First Owner,Yes,No,Yes
Hyundai,Venue,2015,20k-50k,1000-1500cc,Excellent (24+ km/l),Manual,CNG,Second Owner,No,No,Yes
Skoda,Kushaq,2023,20k-50k,1000-1500cc,Good (18-24 km/l),Manual,Petrol,First Owner,Yes,No,Yes
Hyundai,Creta,2012,120k+,1500-2000cc,Good (18-24 km/l),Manual,Hybrid,Third Owner,No,Yes,No
Ford,EcoSport,2015,50k-80k,1000-1500cc,Good (18-24 km/l),Manual,Petrol,First Owner,No,No,Yes
Maruti Suzuki,Ertiga,2015,120k+,1000-1500cc,Good (18-24 km/l),Manual,Petrol,Third Owner,Yes,No,No
Tata,Tiago,2023,0-20k,1500-2000cc,Good (18-24 km/l),Manual,Diesel,First Owner,Yes,No,Yes
Tata,Nexon,2005,80k-120k,1000-1500cc,Good (18-24 km/l),Manual,Petrol,Third Owner,No,No,No
Honda,Jazz,2021,0-20k,1500-2000cc,Good (18-24 km/l),Manual,Diesel,First Owner,Yes,No,Yes
Maruti Suzuki,Ertiga,2023,0-20k,1500-2000cc,Good (18-24 km/l),Automatic,Petrol,Second Owner,Yes,No,Yes
Renault,Duster,2021,20k-50k,1000-1500cc,Good (18-24 km/l),Manual,Diesel,First Owner,No,No,Yes
Hyundai,i20,2018,120k+,1000-1500cc,Good (18-24 km/l),Manual,Petrol,First Owner,Yes,No,Yes
Toyota,Innova,2023,0-20k,1500-2000cc,Average (12-18 km/l),Automatic,Petrol,First Owner,Yes,No,Yes
Renault,Duster,2023,0-20k,1000-1500cc,Good (18-24 km/l),Automatic,Diesel,First Owner,Yes,No,Yes
Honda,Amaze,2019,20k-50k,1000-1500cc,Good (18-24 km/l),Manual,Petrol,First Owner,No,No,Yes
Volkswagen,Polo,2020,50k-80k,1500-2000cc,Good (18-24 km/l),Automatic,Diesel,Second Owner,Yes,Yes,Yes
Toyota,Yaris,2023,0-20k,1000-1500cc,Excellent (24+ km/l),Manual,Electric,First Owner,Yes,No,Yes
Tata,Altroz,2023,0-20k,2000cc+,Average (12-18 km/l),Automatic,Petrol,First Owner,Yes,No,Yes
Renault,Kwid,2019,20k-50k,<1000cc,Excellent (24+ km/l),Manual,CNG,First Owner,Yes,No,Yes
Hyundai,Creta,2022,0-20k,1500-2000cc,Good (18-24 km/l),Manual,Petrol,First Owner,Yes,No,Yes
Honda,Jazz,2017,0-20k,<1000cc,Excellent (24+ km/l),Manual,CNG,Second Owner,No,No,Yes
Volkswagen,Taigun,2018,20k-50k,1000-1500cc,Excellent (24+ km/l),Manual,Electric,First Owner,Yes,No,Yes
Tata,Altroz,2013,20k-50k,1500-2000cc,Good (18-24 km/l),Manual,Diesel,Second Owner,No,No,Yes
Hyundai,i10,2015,120k+,1000-1500cc,Good (18-24 km/l),Manual,Petrol,Fourth & Above,No,No,No
Mahindra,Scorpio,2021,20k-50k,2000cc+,Average (12-18 km/l),Automatic,Diesel,First Owner,Yes,No,Yes
Renault,Triber,2019,20k-50k,1000-1500cc,Excellent (24+ km/l),Manual,CNG,First Owner,Yes,Yes,Yes
BMW,3 Series,2015,20k-50k,2000cc+,Average (12-18 km/l),Automatic,Petrol,Second Owner,No,No,No
Honda,City,2018,120k+,<1000cc,Good (18-24 km/l),Manual,Petrol,First Owner,No,Yes,No
Toyota,Innova,2018,80k-120k,2000cc+,Good (18-24 km/l),Manual,Petrol,Second Owner,Yes,No,Yes
Kia,Sonet,2023,0-20k,<1000cc,Good (18-24 km/l),Automatic,Diesel,First Owner,Yes,No,Yes
Maruti Suzuki,WagonR,2023,20k-50k,1000-1500cc,Good (18-24 km/l),Manual,Petrol,First Owner,Yes,No,Yes
Hyundai,i20,2018,0-20k,1000-1500cc,Good (18-24 km/l),Manual,Diesel,Fourth & Above,No,No,No
Ford,EcoSport,2023,0-20k,1000-1500cc,Good (18-24 km/l),Automatic,Petrol,First Owner,Yes,No,Yes
Renault,Kwid,2017,50k-80k,1000-1500cc,Excellent (24+ km/l),Manual,CNG,First Owner,No,Yes,Yes
Skoda,Kushaq,2021,0-20k,<1000cc,Good (18-24 km/l),Manual,Petrol,First Owner,No,No,Yes
Tata,Nexon,2023,0-20k,1000-1500cc,Average (12-18 km/l),Automatic,Hybrid,First Owner,Yes,No,Yes
Maruti Suzuki,WagonR,2018,20k-50k,1000-1500cc,Good (18-24 km/l),Manual,Petrol,First Owner,Yes,No,Yes
Mahindra,Scorpio,2021,20k-50k,1500-2000cc,Average (12-18 km/l),Automatic,Petrol,Second Owner,Yes,No,Yes
Hyundai,Venue,2016,120k+,1000-1500cc,Good (18-24 km/l),Manual,Petrol,First Owner,Yes,No,Yes
Hyundai,Creta,2016,50k-80k,1000-1500cc,Good (18-24 km/l),Manual,Petrol,Second Owner,No,No,Yes
Volkswagen,Polo,2020,20k-50k,1000-1500cc,Good (18-24 km/l),Automatic,Diesel,First Owner,No,Yes,Yes
Maruti Suzuki,WagonR,2023,0-20k,<1000cc,Good (18-24 km/l),Manual,Diesel,First Owner,Yes,No,Yes
Renault,Duster,2019,20k-50k,1000-1500cc,Excellent (24+ km/l),Manual,Diesel,First Owner,No,No,Yes
Tata,Tiago,2023,0-20k,2000cc+,Low (<12 km/l),Manual,Hybrid,Second Owner,No,No,Yes
Honda,City,2023,0-20k,1000-1500cc,Good (18-24 km/l),Automatic,Petrol,First Owner,Yes,No,Yes
Maruti Suzuki,Ertiga,2016,0-20k,1500-2000cc,Good (18-24 km/l),Automatic,Hybrid,First Owner,Yes,No,Yes
Tata,Harrier,2018,50k-80k,1500-2000cc,Good (18-24 km/l),Manual,Petrol,First Owner,Yes,No,Yes
Maruti Suzuki,Dzire,2021,20k-50k,<1000cc,Good (18-24 km/l),Manual,Diesel,First Owner,Yes,No,Yes
Audi,A4,2020,80k-120k,2000cc+,Low (<12 km/l),Automatic,Petrol,First Owner,Yes,No,No
Renault,Kwid,2011,50k-80k,<1000cc,Excellent (24+ km/l),Automatic,Diesel,Second Owner,Yes,No,Yes
Mahindra,XUV300,2023,0-20k,2000cc+,Average (12-18 km/l),Manual,Petrol,First Owner,Yes,No,Yes
Hyundai,i10,2022,0-20k,1000-1500cc,Excellent (24+ km/l),Automatic,CNG,First Owner,Yes,No,Yes
BMW,X1,2019,50k-80k,2000cc+,Average (12-18 km/l),Automatic,Diesel,First Owner,Yes,No,Yes
Tata,Harrier,2021,20k-50k,2000cc+,Average (12-18 km/l),Manual,Petrol,First Owner,Yes,No,Yes
Maruti Suzuki,Baleno,2011,50k-80k,1000-1500cc,Good (18-24 km/l),Manual,CNG,Fourth & Above,No,No,No
Honda,City,2019,20k-50k,1000-1500cc,Excellent (24+ km/l),Manual,CNG,Second Owner,No,No,Yes
BMW,5 Series,2023,0-20k,1500-2000cc,Average (12-18 km/l),Automatic,Petrol,First Owner,Yes,No,Yes
Maruti Suzuki,Swift,2023,0-20k,1000-1500cc,Excellent (24+ km/l),Manual,CNG,First Owner,No,No,Yes
Hyundai,i20,2017,20k-50k,1000-1500cc,Average (12-18 km/l),Automatic,Diesel,Second Owner,Yes,No,Yes
BMW,X1,2020,20k-50k,2000cc+,Good (18-24 km/l),Automatic,Diesel,Third Owner,Yes,No,Yes
Maruti Suzuki,Dzire,2021,20k-50k,1000-1500cc,Good (18-24 km/l),Automatic,Petrol,First Owner,Yes,No,Yes
Maruti Suzuki,Swift,2017,80k-120k,1000-1500cc,Good (18-24 km/l),Manual,Petrol,Third Owner,Yes,Yes,No
Honda,City,2010,50k-80k,1000-1500cc,Good (18-24 km/l),Manual,Diesel,Fourth & Above,No,No,No
Skoda,Octavia,2019,0-20k,<1000cc,Average (12-18 km/l),Manual,Petrol,Fourth & Above,Yes,No,Yes
Mahindra,Thar,2020,0-20k,1000-1500cc,Excellent (24+ km/l),Manual,Diesel,First Owner,Yes,No,Yes
Mercedes-Benz,C-Class,2005,120k+,1500-2000cc,Excellent (24+ km/l),Manual,Diesel,Fourth & Above,No,No,No
Toyota,Glanza,2011,20k-50k,1000-1500cc,Good (18-24 km/l),Manual,Diesel,Second Owner,No,No,No
Maruti Suzuki,Dzire,2015,50k-80k,<1000cc,Excellent (24+ km/l),Manual,Diesel,First Owner,No,Yes,No
Mercedes-Benz,C-Class,2017,0-20k,2000cc+,Good (18-24 km/l),Automatic,Diesel,First Owner,Yes,No,Yes
Tata,Tiago,2020,50k-80k,2000cc+,Good (18-24 km/l),Manual,Petrol,First Owner,Yes,No,No
Hyundai,Verna,2016,50k-80k,1000-1500cc,Good (18-24 km/l),Manual,Petrol,First Owner,No,Yes,No
Honda,Jazz,2016,20k-50k,<1000cc,Excellent (24+ km/l),Manual,CNG,Second Owner,Yes,Yes,No
Hyundai,Creta,2023,0-20k,<1000cc,Good (18-24 km/l),Automatic,Diesel,First Owner,Yes,No,Yes
Maruti Suzuki,Ertiga,2013,50k-80k,<1000cc,Good (18-24 km/l),Manual,Petrol,First Owner,Yes,No,Yes
Maruti Suzuki,WagonR,2019,0-20k,1000-1500cc,Good (18-24 km/l),Manual,Diesel,Second Owner,No,No,Yes
Mahindra,Thar,2023,0-20k,1500-2000cc,Average (12-18 km/l),Automatic,Petrol,First Owner,Yes,No,Yes
Skoda,Octavia,2021,0-20k,1000-1500cc,Good (18-24 km/l),Manual,Petrol,First Owner,No,No,Yes
Honda,City,2021,20k-50k,1000-1500cc,Good (18-24 km/l),Automatic,Petrol,First Owner,Yes,No,Yes
Mercedes-Benz,GLA,2019,120k+,2000cc+,Average (12-18 km/l),Automatic,Diesel,First Owner,Yes,No,Yes
Hyundai,Verna,2006,120k+,1500-2000cc,Good (18-24 km/l),Manual,Petrol,Fourth & Above,No,Yes,No
Hyundai,Creta,2021,20k-50k,<1000cc,Excellent (24+ km/l),Manual,Diesel,First Owner,Yes,Yes,Yes
Maruti Suzuki,Baleno,2021,20k-50k,1000-1500cc,Excellent (24+ km/l),Manual,Electric,First Owner,Yes,No,Yes
Maruti Suzuki,WagonR,2012,0-20k,<1000cc,Excellent (24+ km/l),Manual,Electric,Second Owner,No,No,Yes
Hyundai,Creta,2019,80k-120k,1000-1500cc,Excellent (24+ km/l),Manual,Petrol,First Owner,Yes,No,Yes
Renault,Duster,2023,0-20k,1000-1500cc,Excellent (24+ km/l),Automatic,CNG,First Owner,Yes,No,Yes
Kia,Seltos,2014,120k+,1000-1500cc,Good (18-24 km/l),Manual,Diesel,Second Owner,Yes,No,No
Mercedes-Benz,C-Class,2019,20k-50k,1500-2000cc,Good (18-24 km/l),Automatic,Diesel,Second Owner,No,Yes,No
Hyundai,Creta,2019,50k-80k,1000-1500cc,Excellent (24+ km/l),Manual,CNG,Second Owner,Yes,No,Yes
Kia,Seltos,2022,0-20k,<1000cc,Good (18-24 km/l),Manual,Diesel,First Owner,Yes,No,Yes
Tata,Harrier,2022,20k-50k,2000cc+,Average (12-18 km/l),Automatic,Petrol,Second Owner,Yes,No,Yes
Maruti Suzuki,Swift,2022,0-20k,1500-2000cc,Good (18-24 km/l),Manual,Diesel,First Owner,Yes,No,Yes
Kia,Sonet,2018,0-20k,<1000cc,Excellent (24+ km/l),Manual,Diesel,First Owner,Yes,No,Yes
Toyota,Yaris,2010,50k-80k,1000-1500cc,Excellent (24+ km/l),Manual,Electric,Third Owner,Yes,No,Yes
Maruti Suzuki,Alto,2017,50k-80k,1000-1500cc,Excellent (24+ km/l),Manual,CNG,First Owner,No,No,Yes
Tata,Harrier,2021,20k-50k,1500-2000cc,Good (18-24 km/l),Automatic,Diesel,First Owner,Yes,No,Yes
Hyundai,Verna,2021,0-20k,<1000cc,Excellent (24+ km/l),Manual,Petrol,First Owner,Yes,No,Yes
Volkswagen,Vento,2023,0-20k,<1000cc,Good (18-24 km/l),Manual,Petrol,First Owner,Yes,No,Yes
Mahindra,Bolero,2019,80k-120k,2000cc+,Good (18-24 km/l),Manual,Petrol,First Owner,Yes,Yes,No
Mercedes-Benz,GLA,2021,20k-50k,1500-2000cc,Good (18-24 km/l),Automatic,Petrol,First Owner,Yes,No,Yes
Maruti Suzuki,Alto,2020,20k-50k,1000-1500cc,Good (18-24 km/l),Automatic,Diesel,Second Owner,No,Yes,No
Tata,Tiago,2013,120k+,1500-2000cc,Good (18-24 km/l),Manual,Diesel,Third Owner,Yes,Yes,No
Mahindra,Scorpio,2019,50k-80k,1500-2000cc,Good (18-24 km/l),Manual,Petrol,First Owner,No,No,No
Mahindra,XUV500,2020,0-20k,2000cc+,Average (12-18 km/l),Automatic,Diesel,Second Owner,Yes,No,Yes
Hyundai,i20,2023,0-20k,1000-1500cc,Good (18-24 km/l),Automatic,Diesel,Second Owner,Yes,Yes,Yes
Ford,Endeavour,2018,20k-50k,1000-1500cc,Good (18-24 km/l),Manual,Petrol,Second Owner,Yes,No,Yes
Kia,Seltos,2023,0-20k,1500-2000cc,Good (18-24 km/l),Automatic,Diesel,First Owner,Yes,No,Yes
BMW,X1,2020,0-20k,1500-2000cc,Good (18-24 km/l),Automatic,Diesel,Third Owner,Yes,No,Yes
Renault,Duster,2015,20k-50k,1000-1500cc,Good (18-24 km/l),Manual,Diesel,Third Owner,No,No,No
Skoda,Octavia,2014,80k-120k,1000-1500cc,Excellent (24+ km/l),Manual,Petrol,Second Owner,No,Yes,No
Honda,Amaze,2013,120k+,1000-1500cc,Good (18-24 km/l),Automatic,Petrol,Third Owner,No,Yes,No
Renault,Triber,2019,20k-50k,1000-1500cc,Good (18-24 km/l),Manual,Petrol,First Owner,Yes,No,Yes
Hyundai,i20,2007,120k+,<1000cc,Excellent (24+ km/l),Manual,CNG,Second Owner,No,Yes,No
Tata,Tiago,2019,0-20k,1500-2000cc,Good (18-24 km/l),Manual,Petrol,Second Owner,No,No,Yes
Hyundai,Venue,2023,0-20k,1500-2000cc,Good (18-24 km/l),Automatic,Diesel,First Owner,Yes,No,Yes
Mahindra,Scorpio,2021,0-20k,1500-2000cc,Excellent (24+ km/l),Manual,Electric,First Owner,Yes,No,Yes
Hyundai,Creta,2022,20k-50k,1000-1500cc,Good (18-24 km/l),Manual,Diesel,First Owner,No,No,Yes
Audi,Q3,2012,80k-120k,2000cc+,Average (12-18 km/l),Automatic,Petrol,Third Owner,Yes,Yes,No
Hyundai,i10,2019,20k-50k,1000-1500cc,Excellent (24+ km/l),Manual,Diesel,Third Owner,No,Yes,No
Maruti Suzuki,Alto,2016,20k-50k,1000-1500cc,Good (18-24 km/l),Manual,Diesel,Second Owner,Yes,No,Yes
Mahindra,Thar,2023,0-20k,2000cc+,Average (12-18 km/l),Automatic,Petrol,First Owner,Yes,No,Yes
Maruti Suzuki,Dzire,2014,120k+,1500-2000cc,Good (18-24 km/l),Manual,Diesel,Third Owner,No,Yes,No
Maruti Suzuki,Swift,2019,50k-80k,1000-1500cc,Good (18-24 km/l),Manual,Diesel,First Owner,No,No,Yes
Hyundai,Creta,2020,50k-80k,1000-1500cc,Good (18-24 km/l),Manual,Petrol,First Owner,Yes,Yes,No
Mahindra,Scorpio,2020,20k-50k,2000cc+,Good (18-24 km/l),Manual,CNG,Fourth & Above,Yes,No,Yes
Mahindra,XUV300,2022,0-20k,2000cc+,Average (12-18 km/l),Automatic,Petrol,First Owner,Yes,No,Yes
Renault,Duster,2015,120k+,1000-1500cc,Excellent (24+ km/l),Manual,Diesel,Second Owner,Yes,No,No
Volkswagen,Taigun,2018,80k-120k,1000-1500cc,Good (18-24 km/l),Manual,Petrol,Second Owner,Yes,Yes,No
Tata,Punch,2022,20k-50k,2000cc+,Good (18-24 km/l),Automatic,Diesel,First Owner,No,No,Yes
Tata,Tiago,2020,50k-80k,1000-1500cc,Good (18-24 km/l),Automatic,Petrol,First Owner,Yes,No,Yes
Hyundai,i10,2018,120k+,<1000cc,Good (18-24 km/l),Manual,Petrol,First Owner,Yes,No,Yes
Volkswagen,Polo,2007,80k-120k,1500-2000cc,Good (18-24 km/l),Automatic,Petrol,First Owner,No,No,No
Maruti Suzuki,Baleno,2022,0-20k,1000-1500cc,Good (18-24 km/l),Manual,Diesel,First Owner,Yes,No,Yes
Maruti Suzuki,WagonR,2023,0-20k,<1000cc,Excellent (24+ km/l),Manual,Petrol,First Owner,No,No,Yes
Renault,Duster,2021,20k-50k,1000-1500cc,Good (18-24 km/l),Automatic,Diesel,First Owner,Yes,Yes,Yes
Mahindra,Scorpio,2023,0-20k,1000-1500cc,Good (18-24 km/l),Manual,Diesel,First Owner,Yes,No,Yes
Maruti Suzuki,Swift,2020,80k-120k,1000-1500cc,Good (18-24 km/l),Manual,Petrol,Third Owner,Yes,Yes,No
Hyundai,Venue,2015,20k-50k,1000-1500cc,Excellent (24+ km/l),Manual,Diesel,Third Owner,No,No,No
BMW,5 Series,2006,120k+,2000cc+,Good (18-24 km/l),Manual,Petrol,Fourth & Above,No,Yes,No
Skoda,Octavia,2021,20k-50k,1000-1500cc,Good (18-24 km/l),Manual,Diesel,First Owner,Yes,No,Yes
Ford,Figo,2019,0-20k,1000-1500cc,Good (18-24 km/l),Automatic,CNG,First Owner,Yes,No,Yes
Mahindra,Bolero,2022,0-20k,1500-2000cc,Good (18-24 km/l),Manual,Petrol,First Owner,Yes,No,Yes
Mahindra,Thar,2021,20k-50k,1500-2000cc,Excellent (24+ km/l),Manual,Diesel,Second Owner,Yes,No,Yes
Mercedes-Benz,GLA,2023,0-20k,1500-2000cc,Good (18-24 km/l),Automatic,Diesel,First Owner,Yes,No,Yes
Audi,A4,2019,20k-50k,2000cc+,Average (12-18 km/l),Manual,Petrol,Second Owner,Yes,No,Yes
Hyundai,Creta,2018,0-20k,1000-1500cc,Good (18-24 km/l),Automatic,Diesel,Second Owner,No,No,Yes
Renault,Triber,2016,20k-50k,1500-2000cc,Good (18-24 km/l),Manual,Diesel,First Owner,No,Yes,No
Hyundai,Venue,2019,20k-50k,<1000cc,Excellent (24+ km/l),Manual,Diesel,Third Owner,No,No,No
Hyundai,Venue,2023,0-20k,1000-1500cc,Good (18-24 km/l),Manual,Petrol,First Owner,Yes,No,Yes
Toyota,Fortuner,2008,50k-80k,1500-2000cc,Good (18-24 km/l),Manual,Petrol,Second Owner,No,Yes,No
Tata,Tiago,2023,20k-50k,1500-2000cc,Good (18-24 km/l),Manual,Diesel,Second Owner,Yes,No,Yes
BMW,X1,2023,0-20k,2000cc+,Low (<12 km/l),Automatic,Petrol,First Owner,No,No,Yes
Maruti Suzuki,Dzire,2020,50k-80k,1000-1500cc,Good (18-24 km/l),Manual,Petrol,Second Owner,Yes,Yes,Yes
Mahindra,XUV300,2017,20k-50k,1500-2000cc,Excellent (24+ km/l),Manual,CNG,Fourth & Above,No,No,Yes
BMW,X1,2015,20k-50k,2000cc+,Good (18-24 km/l),Manual,Petrol,Third Owner,Yes,No,Yes
Kia,Carens,2016,20k-50k,1000-1500cc,Good (18-24 km/l),Automatic,Diesel,First Owner,No,Yes,No
Maruti Suzuki,Baleno,2009,120k+,<1000cc,Good (18-24 km/l),Manual,Petrol,Fourth & Above,Yes,No,No
Tata,Punch,2019,50k-80k,2000cc+,Good (18-24 km/l),Manual,Petrol,Second Owner,Yes,No,Yes
Toyota,Yaris,2009,80k-120k,2000cc+,Good (18-24 km/l),Manual,Diesel,Second Owner,No,Yes,No
Maruti Suzuki,Baleno,2022,20k-50k,1000-1500cc,Average (12-18 km/l),Automatic,Petrol,First Owner,Yes,No,Yes
Audi,A4,2018,20k-50k,2000cc+,Good (18-24 km/l),Automatic,Petrol,First Owner,No,No,Yes
BMW,5 Series,2014,50k-80k,2000cc+,Good (18-24 km/l),Manual,Petrol,Third Owner,No,Yes,No
Maruti Suzuki,Swift,2020,0-20k,1500-2000cc,Average (12-18 km/l),Manual,Petrol,First Owner,Yes,No,Yes
Maruti Suzuki,Ertiga,2023,0-20k,1500-2000cc,Good (18-24 km/l),Manual,Petrol,First Owner,Yes,No,Yes
Maruti Suzuki,Ertiga,2021,0-20k,1000-1500cc,Excellent (24+ km/l),Manual,Petrol,First Owner,Yes,No,Yes
Kia,Seltos,2019,0-20k,1000-1500cc,Good (18-24 km/l),Manual,Diesel,First Owner,Yes,Yes,Yes
Hyundai,i20,2022,20k-50k,1000-1500cc,Good (18-24 km/l),Manual,Petrol,First Owner,No,No,Yes
Tata,Nexon,2022,20k-50k,2000cc+,Average (12-18 km/l),Automatic,Petrol,First Owner,Yes,No,Yes
Mahindra,XUV500,2023,0-20k,1000-1500cc,Good (18-24 km/l),Automatic,Diesel,First Owner,Yes,No,Yes
Honda,Amaze,2014,0-20k,1000-1500cc,Good (18-24 km/l),Manual,Petrol,First Owner,Yes,No,Yes
Maruti Suzuki,Alto,2023,0-20k,1000-1500cc,Good (18-24 km/l),Manual,Petrol,First Owner,Yes,No,Yes
Hyundai,i20,2017,20k-50k,1000-1500cc,Good (18-24 km/l),Manual,Diesel,Second Owner,Yes,Yes,Yes
BMW,X1,2023,0-20k,2000cc+,Average (12-18 km/l),Automatic,Petrol,First Owner,Yes,Yes,Yes
Kia,Sonet,2016,50k-80k,1000-1500cc,Good (18-24 km/l),Manual,Petrol,Second Owner,Yes,Yes,Yes
Renault,Triber,2023,0-20k,1000-1500cc,Good (18-24 km/l),Automatic,Diesel,First Owner,Yes,No,Yes
Maruti Suzuki,Ertiga,2023,0-20k,1000-1500cc,Good (18-24 km/l),Manual,Petrol,Second Owner,Yes,No,Yes
Tata,Altroz,2013,80k-120k,2000cc+,Good (18-24 km/l),Manual,Petrol,Fourth & Above,No,Yes,No
Toyota,Innova,2023,0-20k,1500-2000cc,Good (18-24 km/l),Automatic,Petrol,First Owner,Yes,Yes,Yes
Hyundai,Verna,2011,120k+,1000-1500cc,Good (18-24 km/l),Manual,Petrol,Fourth & Above,No,No,No
Kia,Carens,2015,120k+,<1000cc,Good (18-24 km/l),Manual,Hybrid,First Owner,No,Yes,No
Toyota,Yaris,2019,20k-50k,2000cc+,Average (12-18 km/l),Manual,Petrol,First Owner,No,No,Yes
Maruti Suzuki,Dzire,2023,0-20k,1000-1500cc,Excellent (24+ km/l),Manual,Diesel,First Owner,Yes,No,Yes
Kia,Sonet,2019,0-20k,1000-1500cc,Average (12-18 km/l),Automatic,Petrol,First Owner,No,No,Yes
Audi,Q3,2020,20k-50k,1500-2000cc,Good (18-24 km/l),Manual,Diesel,Second Owner,No,No,Yes
Maruti Suzuki,Ertiga,2021,20k-50k,<1000cc,Good (18-24 km/l),Manual,Petrol,First Owner,Yes,No,Yes
Honda,City,2023,0-20k,1000-1500cc,Good (18-24 km/l),Manual,Diesel,First Owner,Yes,No,Yes
Hyundai,i20,2022,0-20k,1500-2000cc,Excellent (24+ km/l),Manual,CNG,Second Owner,Yes,Yes,Yes
Tata,Altroz,2015,50k-80k,1500-2000cc,Average (12-18 km/l),Automatic,Petrol,First Owner,Yes,Yes,No
Maruti Suzuki,Baleno,2017,20k-50k,1000-1500cc,Good (18-24 km/l),Manual,Petrol,First Owner,Yes,Yes,Yes
Honda,WR-V,2011,120k+,1000-1500cc,Good (18-24 km/l),Manual,Hybrid,Fourth & Above,No,Yes,No
Audi,A4,2021,20k-50k,1500-2000cc,Average (12-18 km/l),Automatic,Petrol,First Owner,Yes,No,Yes
Mahindra,XUV300,2014,50k-80k,1000-1500cc,Good (18-24 km/l),Automatic,Petrol,Third Owner,No,Yes,No
Maruti Suzuki,Dzire,2016,50k-80k,1000-1500cc,Excellent (24+ km/l),Manual,CNG,Second Owner,Yes,Yes,No
Toyota,Yaris,2023,20k-50k,2000cc+,Good (18-24 km/l),Automatic,Diesel,First Owner,Yes,No,Yes
Tata,Punch,2017,0-20k,2000cc+,Good (18-24 km/l),Manual,Petrol,Second Owner,Yes,Yes,Yes
Skoda,Octavia,2020,0-20k,1000-1500cc,Excellent (24+ km/l),Automatic,CNG,Second Owner,No,No,No
Mahindra,XUV500,2018,120k+,1000-1500cc,Excellent (24+ km/l),Manual,Diesel,Second Owner,No,Yes,No
Hyundai,Verna,2010,80k-120k,<1000cc,Good (18-24 km/l),Manual,Diesel,Third Owner,No,No,No
Hyundai,Verna,2018,20k-50k,1000-1500cc,Good (18-24 km/l),Manual,Petrol,First Owner,Yes,No,Yes
Volkswagen,Vento,2018,0-20k,1000-1500cc,Good (18-24 km/l),Manual,Diesel,First Owner,Yes,No,Yes
Hyundai,i20,2023,0-20k,1000-1500cc,Average (12-18 km/l),Automatic,Petrol,First Owner,Yes,No,Yes
Volkswagen,Vento,2017,20k-50k,<1000cc,Excellent (24+ km/l),Manual,Diesel,First Owner,Yes,No,Yes
Hyundai,Creta,2018,0-20k,1500-2000cc,Good (18-24 km/l),Manual,Petrol,First Owner,Yes,Yes,Yes
Tata,Altroz,2022,20k-50k,1000-1500cc,Good (18-24 km/l),Automatic,Petrol,First Owner,Yes,No,Yes
Mahindra,Scorpio,2022,20k-50k,1000-1500cc,Good (18-24 km/l),Automatic,Diesel,First Owner,No,No,Yes
BMW,3 Series,2022,0-20k,2000cc+,Average (12-18 km/l),Automatic,Petrol,First Owner,Yes,Yes,Yes
BMW,5 Series,2023,0-20k,1500-2000cc,Good (18-24 km/l),Manual,Petrol,First Owner,Yes,No,Yes
Hyundai,Verna,2022,0-20k,1000-1500cc,Good (18-24 km/l),Manual,Petrol,First Owner,Yes,No,Yes
Tata,Harrier,2018,50k-80k,2000cc+,Good (18-24 km/l),Automatic,Diesel,Second Owner,Yes,No,Yes
Maruti Suzuki,Swift,2022,20k-50k,1000-1500cc,Average (12-18 km/l),Manual,Petrol,First Owner,Yes,No,Yes
Mahindra,Scorpio,2019,50k-80k,2000cc+,Average (12-18 km/l),Manual,Diesel,First Owner,Yes,No,Yes
Mahindra,XUV500,2016,20k-50k,2000cc+,Average (12-18 km/l),Automatic,Diesel,Second Owner,Yes,No,Yes
Kia,Carens,2017,80k-120k,<1000cc,Excellent (24+ km/l),Manual,CNG,First Owner,Yes,No,Yes
BMW,X1,2015,20k-50k,1500-2000cc,Good (18-24 km/l),Automatic,Hybrid,Second Owner,Yes,No,Yes
Tata,Harrier,2013,80k-120k,2000cc+,Average (12-18 km/l),Manual,Petrol,Fourth & Above,No,Yes,No
Mahindra,Scorpio,2014,80k-120k,1000-1500cc,Good (18-24 km/l),Manual,Diesel,Second Owner,No,Yes,No
Kia,Sonet,2009,120k+,1000-1500cc,Good (18-24 km/l),Automatic,Diesel,Second Owner,No,No,No
Renault,Duster,2023,0-20k,1000-1500cc,Good (18-24 km/l),Manual,Diesel,First Owner,Yes,No,Yes
Maruti Suzuki,Baleno,2023,0-20k,1000-1500cc,Excellent (24+ km/l),Manual,CNG,Second Owner,Yes,Yes,Yes
Tata,Nexon,2020,0-20k,1500-2000cc,Good (18-24 km/l),Manual,Diesel,Second Owner,Yes,No,Yes
Tata,Nexon,2022,0-20k,1000-1500cc,Good (18-24 km/l),Automatic,Diesel,First Owner,Yes,No,Yes
Hyundai,Verna,2014,120k+,1000-1500cc,Excellent (24+ km/l),Manual,Diesel,Second Owner,Yes,Yes,No
Hyundai,Verna,2023,0-20k,1500-2000cc,Good (18-24 km/l),Automatic,Diesel,First Owner,No,No,Yes
Maruti Suzuki,Baleno,2019,20k-50k,<1000cc,Good (18-24 km/l),Manual,Diesel,First Owner,Yes,No,Yes
Toyota,Fortuner,2010,120k+,1500-2000cc,Good (18-24 km/l),Manual,Petrol,Fourth & Above,No,Yes,No
Hyundai,i10,2013,120k+,<1000cc,Excellent (24+ km/l),Manual,Diesel,First Owner,Yes,No,No
Maruti Suzuki,Alto,2017,120k+,1000-1500cc,Excellent (24+ km/l),Manual,Electric,First Owner,Yes,Yes,No
Hyundai,Venue,2008,80k-120k,1000-1500cc,Good (18-24 km/l),Manual,Petrol,Fourth & Above,No,Yes,No
Renault,Triber,2017,20k-50k,1000-1500cc,Good (18-24 km/l),Manual,Petrol,First Owner,Yes,No,Yes
Skoda,Rapid,2009,80k-120k,1000-1500cc,Good (18-24 km/l),Manual,Petrol,Third Owner,No,No,No
Mahindra,Bolero,2015,20k-50k,2000cc+,Good (18-24 km/l),Manual,Petrol,Third Owner,Yes,No,Yes
Tata,Altroz,2016,120k+,1000-1500cc,Excellent (24+ km/l),Manual,CNG,Second Owner,Yes,Yes,No
Mercedes-Benz,C-Class,2023,0-20k,1500-2000cc,Good (18-24 km/l),Automatic,Petrol,First Owner,Yes,No,Yes
Hyundai,i20,2015,80k-120k,1000-1500cc,Good (18-24 km/l),Manual,Diesel,First Owner,Yes,No,Yes
Hyundai,i10,2015,20k-50k,1000-1500cc,Good (18-24 km/l),Manual,CNG,Second Owner,No,No,No
Hyundai,Venue,2021,0-20k,<1000cc,Excellent (24+ km/l),Automatic,CNG,First Owner,Yes,No,Yes
Maruti Suzuki,Alto,2023,0-20k,<1000cc,Good (18-24 km/l),Manual,Petrol,Second Owner,Yes,No,Yes
Tata,Harrier,2018,20k-50k,1500-2000cc,Good (18-24 km/l),Manual,Petrol,First Owner,Yes,Yes,No
BMW,5 Series,2023,0-20k,1500-2000cc,Average (12-18 km/l),Automatic,Petrol,First Owner,Yes,No,Yes
Toyota,Innova,2017,50k-80k,1000-1500cc,Good (18-24 km/l),Manual,Petrol,Second Owner,No,Yes,No
Tata,Harrier,2014,50k-80k,1500-2000cc,Good (18-24 km/l),Manual,Petrol,Second Owner,Yes,Yes,No
BMW,X1,2017,0-20k,1500-2000cc,Average (12-18 km/l),Automatic,Petrol,First Owner,Yes,No,Yes
Maruti Suzuki,Dzire,2021,0-20k,1000-1500cc,Good (18-24 km/l),Automatic,Petrol,Second Owner,Yes,No,Yes
Hyundai,i20,2018,20k-50k,1000-1500cc,Good (18-24 km/l),Manual,Petrol,Third Owner,No,Yes,No
Honda,City,2021,20k-50k,1000-1500cc,Excellent (24+ km/l),Manual,Petrol,Second Owner,Yes,Yes,Yes
Toyota,Fortuner,2015,50k-80k,2000cc+,Good (18-24 km/l),Manual,CNG,First Owner,No,No,No
Maruti Suzuki,Ertiga,2021,50k-80k,1500-2000cc,Good (18-24 km/l),Manual,Diesel,First Owner,Yes,Yes,Yes
Tata,Altroz,2017,80k-120k,1500-2000cc,Good (18-24 km/l),Manual,Diesel,Third Owner,Yes,No,No
Toyota,Yaris,2019,80k-120k,1000-1500cc,Good (18-24 km/l),Automatic,Diesel,First Owner,Yes,No,Yes
Ford,Figo,2020,0-20k,1000-1500cc,Average (12-18 km/l),Manual,Petrol,Second Owner,Yes,No,Yes
Toyota,Innova,2021,20k-50k,2000cc+,Good (18-24 km/l),Manual,Diesel,First Owner,Yes,No,Yes
Tata,Altroz,2015,20k-50k,1500-2000cc,Good (18-24 km/l),Manual,Petrol,Third Owner,No,No,No
Maruti Suzuki,WagonR,2022,20k-50k,1000-1500cc,Good (18-24 km/l),Manual,Petrol,First Owner,Yes,No,Yes
Tata,Harrier,2022,0-20k,2000cc+,Good (18-24 km/l),Manual,Petrol,First Owner,Yes,Yes,Yes
Maruti Suzuki,Ertiga,2015,20k-50k,1000-1500cc,Good (18-24 km/l),Manual,Petrol,First Owner,No,No,Yes
Audi,Q3,2023,0-20k,1500-2000cc,Good (18-24 km/l),Automatic,Petrol,First Owner,Yes,No,Yes
Mahindra,XUV300,2021,20k-50k,2000cc+,Excellent (24+ km/l),Manual,Electric,First Owner,Yes,No,Yes
Hyundai,Creta,2019,0-20k,1000-1500cc,Excellent (24+ km/l),Manual,Diesel,First Owner,No,No,Yes
Volkswagen,Vento,2013,80k-120k,1000-1500cc,Average (12-18 km/l),Manual,Petrol,Third Owner,No,Yes,No
Mahindra,Thar,2020,20k-50k,1500-2000cc,Good (18-24 km/l),Manual,Diesel,Second Owner,Yes,No,Yes
Hyundai,Verna,2013,20k-50k,1000-1500cc,Good (18-24 km/l),Manual,Diesel,Second Owner,Yes,No,Yes
Renault,Duster,2018,80k-120k,1000-1500cc,Good (18-24 km/l),Manual,Petrol,Second Owner,Yes,Yes,Yes
Skoda,Rapid,2018,50k-80k,1000-1500cc,Good (18-24 km/l),Manual,Diesel,Third Owner,No,No,No
Toyota,Fortuner,2022,0-20k,1000-1500cc,Excellent (24+ km/l),Manual,CNG,First Owner,No,Yes,Yes
Maruti Suzuki,Alto,2014,20k-50k,1500-2000cc,Good (18-24 km/l),Manual,Diesel,First Owner,Yes,No,Yes
Honda,Amaze,2022,20k-50k,1000-1500cc,Good (18-24 km/l),Manual,Diesel,First Owner,Yes,Yes,Yes
Volkswagen,Polo,2017,80k-120k,1000-1500cc,Excellent (24+ km/l),Manual,CNG,First Owner,No,Yes,No
Maruti Suzuki,Ertiga,2019,20k-50k,1000-1500cc,Good (18-24 km/l),Manual,Diesel,First Owner,No,No,Yes
Hyundai,i20,2022,20k-50k,1500-2000cc,Good (18-24 km/l),Automatic,Hybrid,First Owner,Yes,No,Yes
Kia,Sonet,2021,0-20k,1000-1500cc,Good (18-24 km/l),Automatic,Petrol,First Owner,Yes,No,Yes
Maruti Suzuki,Swift,2017,20k-50k,<1000cc,Good (18-24 km/l),Automatic,Diesel,First Owner,No,No,Yes
Volkswagen,Taigun,2018,50k-80k,<1000cc,Good (18-24 km/l),Manual,Diesel,First Owner,Yes,No,Yes
Mahindra,Thar,2017,20k-50k,1500-2000cc,Good (18-24 km/l),Manual,Petrol,First Owner,Yes,No,Yes
Mahindra,Thar,2020,50k-80k,1500-2000cc,Excellent (24+ km/l),Manual,CNG,First Owner,Yes,No,Yes
Maruti Suzuki,Dzire,2017,20k-50k,1000-1500cc,Good (18-24 km/l),Automatic,Hybrid,First Owner,Yes,No,Yes
Renault,Duster,2022,0-20k,1500-2000cc,Good (18-24 km/l),Automatic,Petrol,First Owner,No,No,Yes
Tata,Altroz,2020,0-20k,1500-2000cc,Good (18-24 km/l),Manual,CNG,Second Owner,Yes,No,Yes
Honda,Jazz,2013,80k-120k,1500-2000cc,Average (12-18 km/l),Manual,Petrol,Second Owner,Yes,Yes,No
Toyota,Innova,2017,20k-50k,1000-1500cc,Average (12-18 km/l),Manual,Petrol,First Owner,Yes,Yes,Yes
Ford,EcoSport,2015,0-20k,1000-1500cc,Good (18-24 km/l),Manual,Petrol,First Owner,Yes,No,Yes
Audi,A4,2018,20k-50k,2000cc+,Good (18-24 km/l),Manual,Diesel,First Owner,No,No,Yes
Honda,WR-V,2020,80k-120k,<1000cc,Good (18-24 km/l),Manual,Diesel,Second Owner,Yes,Yes,No
Tata,Altroz,2019,0-20k,2000cc+,Average (12-18 km/l),Manual,Petrol,Second Owner,Yes,No,Yes
Audi,Q3,2022,0-20k,1500-2000cc,Good (18-24 km/l),Automatic,Diesel,First Owner,Yes,No,Yes
Toyota,Innova,2014,20k-50k,1500-2000cc,Good (18-24 km/l),Manual,Petrol,Second Owner,No,Yes,No
Hyundai,i10,2023,0-20k,1500-2000cc,Excellent (24+ km/l),Manual,Diesel,First Owner,Yes,No,Yes
Maruti Suzuki,Ertiga,2017,20k-50k,1500-2000cc,Good (18-24 km/l),Manual,Petrol,Second Owner,No,No,Yes
Skoda,Rapid,2017,50k-80k,1000-1500cc,Good (18-24 km/l),Manual,Petrol,Third Owner,Yes,Yes,Yes
Tata,Punch,2021,20k-50k,1500-2000cc,Excellent (24+ km/l),Manual,Diesel,First Owner,Yes,Yes,Yes
Toyota,Innova,2022,50k-80k,1500-2000cc,Good (18-24 km/l),Manual,Diesel,First Owner,No,No,Yes
Mahindra,Bolero,2018,50k-80k,1500-2000cc,Good (18-24 km/l),Manual,Diesel,Second Owner,Yes,Yes,No
Hyundai,Verna,2022,20k-50k,1000-1500cc,Good (18-24 km/l),Manual,Diesel,First Owner,Yes,Yes,Yes
Honda,City,2023,0-20k,1000-1500cc,Average (12-18 km/l),Automatic,Petrol,First Owner,Yes,No,Yes
Maruti Suzuki,WagonR,2022,0-20k,1000-1500cc,Good (18-24 km/l),Automatic,Diesel,Second Owner,Yes,No,Yes
Tata,Nexon,2008,80k-120k,2000cc+,Average (12-18 km/l),Automatic,Petrol,Fourth & Above,No,Yes,No
Honda,City,2022,0-20k,1000-1500cc,Good (18-24 km/l),Automatic,Petrol,First Owner,Yes,Yes,Yes
Mahindra,Thar,2022,0-20k,2000cc+,Average (12-18 km/l),Manual,Diesel,Fourth & Above,Yes,No,Yes
Volkswagen,Taigun,2021,0-20k,1000-1500cc,Good (18-24 km/l),Manual,Diesel,First Owner,Yes,No,Yes
Renault,Triber,2022,0-20k,1000-1500cc,Excellent (24+ km/l),Manual,CNG,First Owner,No,No,Yes
Volkswagen,Vento,2023,20k-50k,1000-1500cc,Excellent (24+ km/l),Manual,Diesel,First Owner,Yes,No,Yes
Maruti Suzuki,WagonR,2019,20k-50k,1000-1500cc,Excellent (24+ km/l),Manual,Electric,First Owner,Yes,No,Yes
Hyundai,i10,2010,120k+,<1000cc,Good (18-24 km/l),Manual,Diesel,Third Owner,No,Yes,No
Honda,City,2019,20k-50k,1000-1500cc,Good (18-24 km/l),Manual,Petrol,First Owner,No,No,No
BMW,X1,2008,80k-120k,2000cc+,Average (12-18 km/l),Automatic,Petrol,First Owner,No,No,No
Skoda,Rapid,2016,20k-50k,1500-2000cc,Average (12-18 km/l),Automatic,Diesel,Second Owner,No,No,No
Skoda,Kushaq,2020,20k-50k,1000-1500cc,Good (18-24 km/l),Automatic,Diesel,Second Owner,No,No,Yes
Hyundai,Creta,2017,20k-50k,1000-1500cc,Good (18-24 km/l),Manual,Petrol,First Owner,Yes,No,Yes
Tata,Nexon,2021,0-20k,1500-2000cc,Good (18-24 km/l),Manual,Petrol,First Owner,No,No,Yes
Mahindra,XUV300,2022,0-20k,1000-1500cc,Good (18-24 km/l),Manual,Petrol,First Owner,Yes,No,Yes
Maruti Suzuki,Ertiga,2018,50k-80k,1000-1500cc,Good (18-24 km/l),Manual,Petrol,First Owner,Yes,Yes,Yes
Maruti Suzuki,WagonR,2023,0-20k,1500-2000cc,Good (18-24 km/l),Automatic,Petrol,Second Owner,Yes,No,Yes
Audi,A4,2010,120k+,2000cc+,Average (12-18 km/l),Automatic,Petrol,Fourth & Above,Yes,Yes,No
Hyundai,Venue,2022,0-20k,<1000cc,Excellent (24+ km/l),Automatic,CNG,First Owner,Yes,No,Yes
Hyundai,i10,2022,0-20k,1500-2000cc,Excellent (24+ km/l),Manual,CNG,First Owner,Yes,No,Yes
Maruti Suzuki,Baleno,2017,20k-50k,1000-1500cc,Excellent (24+ km/l),Manual,CNG,Second Owner,No,No,Yes
BMW,3 Series,2016,50k-80k,2000cc+,Average (12-18 km/l),Manual,Diesel,Third Owner,Yes,No,Yes
Honda,City,2017,20k-50k,1000-1500cc,Good (18-24 km/l),Manual,Diesel,Second Owner,No,Yes,No
Toyota,Fortuner,2022,20k-50k,2000cc+,Good (18-24 km/l),Manual,CNG,Second Owner,Yes,No,Yes
BMW,X1,2022,20k-50k,2000cc+,Good (18-24 km/l),Automatic,Petrol,First Owner,Yes,Yes,Yes
Tata,Harrier,2017,80k-120k,2000cc+,Average (12-18 km/l),Manual,Petrol,First Owner,Yes,Yes,No
Toyota,Yaris,2020,20k-50k,2000cc+,Average (12-18 km/l),Automatic,Petrol,Second Owner,Yes,No,Yes
Maruti Suzuki,Dzire,2013,120k+,1500-2000cc,Good (18-24 km/l),Manual,Diesel,Second Owner,No,No,No
Hyundai,i10,2019,0-20k,1000-1500cc,Excellent (24+ km/l),Manual,Diesel,Third Owner,Yes,No,Yes
Skoda,Octavia,2023,0-20k,<1000cc,Good (18-24 km/l),Manual,Petrol,First Owner,Yes,No,Yes
Volkswagen,Vento,2013,120k+,1000-1500cc,Excellent (24+ km/l),Manual,Diesel,Second Owner,Yes,No,No
Tata,Altroz,2023,0-20k,2000cc+,Average (12-18 km/l),Automatic,Diesel,First Owner,Yes,No,Yes
Tata,Altroz,2022,20k-50k,1000-1500cc,Good (18-24 km/l),Manual,Petrol,First Owner,Yes,No,Yes
Honda,Jazz,2023,0-20k,<1000cc,Good (18-24 km/l),Automatic,Diesel,First Owner,Yes,No,Yes
Maruti Suzuki,Baleno,2014,50k-80k,1000-1500cc,Good (18-24 km/l),Manual,Diesel,First Owner,Yes,No,Yes
Hyundai,i10,2015,50k-80k,1000-1500cc,Good (18-24 km/l),Manual,Petrol,Second Owner,No,No,Yes
Hyundai,Verna,2006,50k-80k,1000-1500cc,Good (18-24 km/l),Manual,Petrol,Second Owner,No,Yes,No
Hyundai,i10,2022,20k-50k,1500-2000cc,Good (18-24 km/l),Manual,Petrol,First Owner,Yes,Yes,Yes
Renault,Duster,2021,20k-50k,1000-1500cc,Excellent (24+ km/l),Automatic,Diesel,First Owner,No,No,Yes
Hyundai,Venue,2014,120k+,1000-1500cc,Good (18-24 km/l),Automatic,Diesel,Fourth & Above,Yes,No,No
Hyundai,i10,2022,20k-50k,1000-1500cc,Good (18-24 km/l),Manual,Petrol,First Owner,Yes,No,Yes
Mahindra,Thar,2016,50k-80k,2000cc+,Average (12-18 km/l),Automatic,Petrol,First Owner,No,No,No
Skoda,Rapid,2012,50k-80k,1000-1500cc,Good (18-24 km/l),Manual,Petrol,Fourth & Above,Yes,Yes,No
Hyundai,i10,2018,0-20k,1500-2000cc,Good (18-24 km/l),Manual,Petrol,Fourth & Above,Yes,No,Yes
Maruti Suzuki,Alto,2011,20k-50k,1000-1500cc,Good (18-24 km/l),Manual,Diesel,Second Owner,No,No,No
Tata,Harrier,2016,120k+,2000cc+,Good (18-24 km/l),Manual,Petrol,First Owner,Yes,Yes,No
Volkswagen,Vento,2018,20k-50k,<1000cc,Good (18-24 km/l),Manual,Petrol,First Owner,No,Yes,No
Honda,City,2023,0-20k,1500-2000cc,Average (12-18 km/l),Automatic,Petrol,First Owner,Yes,No,Yes
Renault,Duster,2022,0-20k,1000-1500cc,Good (18-24 km/l),Manual,Petrol,First Owner,No,No,Yes
Audi,Q3,2019,0-20k,2000cc+,Average (12-18 km/l),Automatic,Diesel,First Owner,No,No,Yes
Renault,Duster,2022,0-20k,1000-1500cc,Good (18-24 km/l),Automatic,Petrol,First Owner,Yes,No,Yes
Honda,WR-V,2020,20k-50k,1000-1500cc,Average (12-18 km/l),Manual,Petrol,Third Owner,Yes,No,Yes
Mahindra,Scorpio,2017,0-20k,1000-1500cc,Excellent (24+ km/l),Manual,Electric,Third Owner,Yes,Yes,No
Maruti Suzuki,Ertiga,2022,0-20k,1000-1500cc,Good (18-24 km/l),Automatic,Petrol,First Owner,Yes,No,Yes
Mercedes-Benz,GLA,2021,0-20k,1500-2000cc,Average (12-18 km/l),Automatic,Petrol,First Owner,Yes,No,Yes
Tata,Nexon,2021,20k-50k,1000-1500cc,Good (18-24 km/l),Automatic,Petrol,First Owner,Yes,No,Yes
Maruti Suzuki,Dzire,2021,20k-50k,1000-1500cc,Average (12-18 km/l),Automatic,Petrol,First Owner,Yes,Yes,Yes
Toyota,Innova,2021,20k-50k,2000cc+,Good (18-24 km/l),Automatic,Diesel,First Owner,Yes,No,Yes
Hyundai,i20,2018,80k-120k,1500-2000cc,Average (12-18 km/l),Manual,Petrol,Third Owner,No,No,No
Honda,Amaze,2023,0-20k,1500-2000cc,Good (18-24 km/l),Manual,Petrol,First Owner,Yes,No,Yes
Honda,Amaze,2013,80k-120k,1000-1500cc,Good (18-24 km/l),Manual,Hybrid,Second Owner,No,No,No
Mahindra,XUV300,2023,0-20k,1500-2000cc,Average (12-18 km/l),Automatic,Petrol,First Owner,Yes,No,Yes
Skoda,Kushaq,2017,120k+,1000-1500cc,Good (18-24 km/l),Automatic,Diesel,Third Owner,No,No,No
Hyundai,i10,2012,120k+,1000-1500cc,Excellent (24+ km/l),Automatic,CNG,First Owner,Yes,Yes,No
Mahindra,XUV300,2020,20k-50k,2000cc+,Good (18-24 km/l),Automatic,CNG,First Owner,No,No,Yes
Honda,WR-V,2018,20k-50k,1000-1500cc,Good (18-24 km/l),Manual,Petrol,Second Owner,Yes,No,Yes
Toyota,Fortuner,2022,0-20k,1000-1500cc,Good (18-24 km/l),Manual,Hybrid,Second Owner,Yes,No,Yes
Renault,Duster,2019,20k-50k,1000-1500cc,Good (18-24 km/l),Manual,Diesel,First Owner,Yes,No,Yes
Tata,Altroz,2021,20k-50k,2000cc+,Good (18-24 km/l),Manual,Diesel,First Owner,Yes,Yes,Yes
Toyota,Glanza,2017,50k-80k,1000-1500cc,Excellent (24+ km/l),Manual,Diesel,Third Owner,Yes,No,Yes
Maruti Suzuki,Baleno,2015,20k-50k,1000-1500cc,Average (12-18 km/l),Manual,Petrol,Third Owner,Yes,Yes,No
BMW,X1,2018,20k-50k,2000cc+,Average (12-18 km/l),Manual,Petrol,Third Owner,Yes,No,No
Tata,Altroz,2021,20k-50k,1000-1500cc,Good (18-24 km/l),Manual,Diesel,Second Owner,Yes,No,Yes
Ford,Figo,2021,20k-50k,1000-1500cc,Average (12-18 km/l),Automatic,Petrol,First Owner,Yes,No,Yes
Maruti Suzuki,WagonR,2020,0-20k,<1000cc,Good (18-24 km/l),Manual,Diesel,First Owner,Yes,No,Yes
Hyundai,i20,2023,0-20k,1000-1500cc,Good (18-24 km/l),Manual,Petrol,Second Owner,No,No,Yes
Mahindra,Thar,2021,0-20k,1500-2000cc,Average (12-18 km/l),Manual,Diesel,First Owner,Yes,Yes,Yes
Kia,Carens,2023,0-20k,1500-2000cc,Average (12-18 km/l),Automatic,Petrol,First Owner,Yes,Yes,Yes
Mahindra,XUV300,2012,0-20k,2000cc+,Average (12-18 km/l),Manual,Petrol,Third Owner,No,No,Yes
BMW,5 Series,2009,120k+,2000cc+,Good (18-24 km/l),Automatic,Diesel,Second Owner,No,Yes,No
Mahindra,XUV500,2017,20k-50k,2000cc+,Average (12-18 km/l),Automatic,Petrol,Second Owner,No,No,Yes
Mahindra,XUV300,2013,50k-80k,2000cc+,Good (18-24 km/l),Manual,Diesel,First Owner,No,Yes,No
Maruti Suzuki,Dzire,2020,20k-50k,1000-1500cc,Good (18-24 km/l),Automatic,Diesel,Second Owner,Yes,No,Yes
Renault,Kwid,2020,0-20k,1000-1500cc,Good (18-24 km/l),Manual,Petrol,Third Owner,Yes,No,Yes
Hyundai,Venue,2020,0-20k,1000-1500cc,Good (18-24 km/l),Manual,Petrol,Second Owner,Yes,No,Yes
Kia,Carens,2022,0-20k,<1000cc,Good (18-24 km/l),Manual,Petrol,First Owner,No,No,Yes
BMW,X1,2023,0-20k,2000cc+,Good (18-24 km/l),Automatic,Diesel,First Owner,Yes,No,Yes
BMW,X1,2023,0-20k,2000cc+,Average (12-18 km/l),Manual,Diesel,First Owner,Yes,No,Yes
Mahindra,Bolero,2012,50k-80k,1500-2000cc,Good (18-24 km/l),Manual,Petrol,Third Owner,Yes,No,Yes
Toyota,Innova,2017,50k-80k,2000cc+,Good (18-24 km/l),Manual,Petrol,Second Owner,Yes,Yes,No
Volkswagen,Taigun,2016,80k-120k,1000-1500cc,Good (18-24 km/l),Manual,Petrol,First Owner,No,Yes,No
Maruti Suzuki,Baleno,2014,80k-120k,1000-1500cc,Excellent (24+ km/l),Manual,Petrol,Fourth & Above,Yes,Yes,No
Honda,City,2020,0-20k,1000-1500cc,Good (18-24 km/l),Manual,Hybrid,Second Owner,Yes,Yes,Yes
Maruti Suzuki,Swift,2020,0-20k,1000-1500cc,Good (18-24 km/l),Manual,Petrol,Second Owner,No,No,Yes
Mahindra,Bolero,2015,20k-50k,1500-2000cc,Average (12-18 km/l),Manual,Petrol,First Owner,Yes,No,Yes
Maruti Suzuki,Ertiga,2021,50k-80k,1500-2000cc,Good (18-24 km/l),Manual,Diesel,First Owner,No,No,Yes
Hyundai,Verna,2022,0-20k,1000-1500cc,Good (18-24 km/l),Automatic,Diesel,Second Owner,Yes,No,Yes
Tata,Nexon,2007,120k+,1500-2000cc,Good (18-24 km/l),Manual,Diesel,Third Owner,Yes,Yes,No
Mahindra,XUV300,2018,20k-50k,2000cc+,Good (18-24 km/l),Manual,Petrol,First Owner,Yes,Yes,Yes
Toyota,Fortuner,2023,0-20k,1500-2000cc,Good (18-24 km/l),Automatic,Diesel,First Owner,Yes,No,Yes
Maruti Suzuki,Swift,2020,20k-50k,1500-2000cc,Average (12-18 km/l),Automatic,Diesel,First Owner,No,No,Yes
Mahindra,Thar,2017,80k-120k,1500-2000cc,Average (12-18 km/l),Manual,Petrol,First Owner,No,Yes,No
Hyundai,i20,2016,0-20k,1000-1500cc,Good (18-24 km/l),Manual,Petrol,Second Owner,No,No,No
Honda,Jazz,2015,120k+,1000-1500cc,Good (18-24 km/l),Manual,Diesel,First Owner,Yes,Yes,No
Toyota,Yaris,2011,120k+,1500-2000cc,Good (18-24 km/l),Manual,Petrol,Second Owner,Yes,No,Yes
Honda,Amaze,2022,0-20k,1000-1500cc,Good (18-24 km/l),Automatic,Diesel,Second Owner,Yes,No,Yes
Volkswagen,Polo,2011,50k-80k,1000-1500cc,Good (18-24 km/l),Automatic,Diesel,Fourth & Above,Yes,Yes,No
Tata,Harrier,2016,0-20k,1000-1500cc,Good (18-24 km/l),Manual,Diesel,First Owner,No,No,Yes
Volkswagen,Polo,2008,120k+,1000-1500cc,Excellent (24+ km/l),Manual,Diesel,Third Owner,Yes,No,No
Mahindra,Scorpio,2022,0-20k,1500-2000cc,Average (12-18 km/l),Automatic,Diesel,First Owner,Yes,No,Yes
Mahindra,Scorpio,2008,120k+,1500-2000cc,Good (18-24 km/l),Automatic,CNG,Fourth & Above,No,No,No
Toyota,Glanza,2017,0-20k,2000cc+,Average (12-18 km/l),Manual,Petrol,First Owner,No,No,Yes
Maruti Suzuki,Alto,2020,0-20k,1000-1500cc,Good (18-24 km/l),Manual,Diesel,First Owner,Yes,No,Yes
Toyota,Yaris,2018,20k-50k,1500-2000cc,Average (12-18 km/l),Automatic,Diesel,First Owner,No,Yes,Yes
Toyota,Fortuner,2016,120k+,2000cc+,Good (18-24 km/l),Manual,Diesel,Second Owner,No,Yes,No
Hyundai,i20,2016,50k-80k,<1000cc,Excellent (24+ km/l),Manual,CNG,Second Owner,Yes,No,Yes
Maruti Suzuki,Ertiga,2022,0-20k,1500-2000cc,Good (18-24 km/l),Automatic,Diesel,First Owner,Yes,No,Yes
Maruti Suzuki,WagonR,2023,0-20k,1000-1500cc,Good (18-24 km/l),Manual,Petrol,First Owner,Yes,No,Yes
BMW,X1,2017,50k-80k,2000cc+,Good (18-24 km/l),Manual,Diesel,First Owner,Yes,Yes,Yes
Ford,Endeavour,2008,50k-80k,1000-1500cc,Good (18-24 km/l),Manual,Petrol,Second Owner,No,No,No
Maruti Suzuki,Swift,2008,50k-80k,1500-2000cc,Good (18-24 km/l),Manual,Diesel,First Owner,No,No,No
Tata,Harrier,2022,0-20k,1000-1500cc,Good (18-24 km/l),Automatic,Diesel,First Owner,Yes,No,Yes
Honda,Amaze,2020,20k-50k,1000-1500cc,Good (18-24 km/l),Manual,Petrol,First Owner,Yes,No,Yes
Skoda,Rapid,2022,0-20k,1000-1500cc,Good (18-24 km/l),Manual,Diesel,First Owner,Yes,No,Yes
Maruti Suzuki,Alto,2021,0-20k,1000-1500cc,Good (18-24 km/l),Manual,Petrol,First Owner,Yes,No,Yes
Hyundai,Venue,2023,0-20k,1000-1500cc,Good (18-24 km/l),Automatic,CNG,Second Owner,Yes,No,Yes
Kia,Carens,2023,0-20k,<1000cc,Good (18-24 km/l),Automatic,Diesel,First Owner,Yes,No,Yes
Maruti Suzuki,Swift,2022,0-20k,1000-1500cc,Average (12-18 km/l),Automatic,Petrol,Second Owner,Yes,No,Yes
Hyundai,Venue,2019,50k-80k,1000-1500cc,Good (18-24 km/l),Manual,Petrol,Second Owner,Yes,No,Yes
Audi,A4,2017,120k+,2000cc+,Average (12-18 km/l),Automatic,Petrol,First Owner,No,Yes,No
Toyota,Yaris,2019,80k-120k,2000cc+,Good (18-24 km/l),Manual,Diesel,Second Owner,Yes,Yes,No
Hyundai,i10,2019,0-20k,<1000cc,Good (18-24 km/l),Manual,Petrol,Second Owner,Yes,No,Yes
Maruti Suzuki,Baleno,2021,20k-50k,1000-1500cc,Good (18-24 km/l),Manual,Petrol,First Owner,No,Yes,Yes
Maruti Suzuki,Ertiga,2014,20k-50k,1000-1500cc,Good (18-24 km/l),Manual,Petrol,First Owner,Yes,No,Yes
Hyundai,i10,2021,20k-50k,1000-1500cc,Excellent (24+ km/l),Manual,CNG,First Owner,Yes,No,Yes
Kia,Seltos,2019,20k-50k,1500-2000cc,Good (18-24 km/l),Manual,Petrol,Second Owner,Yes,No,Yes
Tata,Nexon,2021,20k-50k,2000cc+,Good (18-24 km/l),Manual,Diesel,First Owner,No,No,Yes
Ford,EcoSport,2015,50k-80k,1000-1500cc,Good (18-24 km/l),Manual,Petrol,Second Owner,No,No,Yes
BMW,3 Series,2019,0-20k,2000cc+,Average (12-18 km/l),Automatic,Petrol,First Owner,No,No,Yes
Tata,Tiago,2015,20k-50k,2000cc+,Good (18-24 km/l),Manual,Petrol,First Owner,No,Yes,No
Hyundai,i10,2023,0-20k,1000-1500cc,Good (18-24 km/l),Manual,Diesel,First Owner,Yes,No,Yes
Mahindra,XUV500,2019,50k-80k,1500-2000cc,Excellent (24+ km/l),Automatic,Electric,Second Owner,Yes,No,Yes
Kia,Carens,2015,50k-80k,1000-1500cc,Good (18-24 km/l),Manual,Petrol,Fourth & Above,No,Yes,No
Renault,Duster,2008,120k+,1500-2000cc,Good (18-24 km/l),Manual,Diesel,Second Owner,No,No,No
Maruti Suzuki,Baleno,2021,20k-50k,1000-1500cc,Good (18-24 km/l),Manual,Petrol,First Owner,Yes,Yes,Yes
Ford,Endeavour,2015,120k+,1000-1500cc,Good (18-24 km/l),Automatic,Diesel,Second Owner,No,Yes,No
Honda,WR-V,2023,0-20k,1500-2000cc,Good (18-24 km/l),Manual,Diesel,First Owner,Yes,No,Yes
Kia,Carens,2020,0-20k,1500-2000cc,Good (18-24 km/l),Manual,Petrol,First Owner,No,No,Yes
Maruti Suzuki,Alto,2016,120k+,1000-1500cc,Good (18-24 km/l),Manual,Petrol,Second Owner,Yes,No,No
Honda,Jazz,2021,20k-50k,1500-2000cc,Good (18-24 km/l),Manual,CNG,First Owner,Yes,No,Yes
Kia,Seltos,2016,20k-50k,<1000cc,Good (18-24 km/l),Manual,Petrol,First Owner,No,No,No
Tata,Harrier,2022,0-20k,1000-1500cc,Good (18-24 km/l),Manual,Diesel,Second Owner,Yes,No,Yes
Mahindra,Thar,2017,80k-120k,1500-2000cc,Average (12-18 km/l),Manual,Petrol,First Owner,Yes,Yes,No
Maruti Suzuki,Alto,2023,0-20k,1000-1500cc,Average (12-18 km/l),Automatic,Petrol,First Owner,Yes,No,Yes
Hyundai,i20,2020,50k-80k,<1000cc,Good (18-24 km/l),Automatic,Petrol,Fourth & Above,Yes,No,No
Tata,Altroz,2022,0-20k,1000-1500cc,Good (18-24 km/l),Manual,Diesel,First Owner,No,No,Yes
Audi,Q3,2010,120k+,2000cc+,Good (18-24 km/l),Automatic,Diesel,Third Owner,No,No,No
Hyundai,i10,2017,20k-50k,<1000cc,Good (18-24 km/l),Manual,Diesel,First Owner,Yes,Yes,Yes
Mahindra,Scorpio,2022,20k-50k,1500-2000cc,Average (12-18 km/l),Manual,Petrol,First Owner,Yes,No,Yes
Toyota,Fortuner,2021,20k-50k,2000cc+,Average (12-18 km/l),Automatic,Petrol,Second Owner,Yes,No,Yes
Maruti Suzuki,Baleno,2014,50k-80k,1000-1500cc,Excellent (24+ km/l),Manual,CNG,Second Owner,No,Yes,No
Mahindra,XUV300,2017,80k-120k,1500-2000cc,Excellent (24+ km/l),Manual,Electric,Second Owner,Yes,No,Yes
Volkswagen,Polo,2016,50k-80k,1000-1500cc,Good (18-24 km/l),Manual,Diesel,Third Owner,Yes,No,Yes
Skoda,Octavia,2021,50k-80k,1000-1500cc,Excellent (24+ km/l),Manual,Diesel,First Owner,No,Yes,Yes
Toyota,Yaris,2017,20k-50k,1500-2000cc,Good (18-24 km/l),Manual,Diesel,Second Owner,Yes,No,Yes
Toyota,Yaris,2017,80k-120k,1500-2000cc,Good (18-24 km/l),Manual,Diesel,Second Owner,No,No,Yes
Maruti Suzuki,Alto,2015,80k-120k,1000-1500cc,Excellent (24+ km/l),Manual,Diesel,Second Owner,Yes,No,Yes
Audi,A4,2018,0-20k,2000cc+,Excellent (24+ km/l),Manual,Electric,Second Owner,Yes,No,Yes
Maruti Suzuki,Ertiga,2014,20k-50k,1000-1500cc,Good (18-24 km/l),Manual,Diesel,First Owner,No,No,Yes
Volkswagen,Polo,2023,0-20k,1500-2000cc,Good (18-24 km/l),Automatic,Diesel,First Owner,Yes,No,Yes
Hyundai,Venue,2013,80k-120k,1000-1500cc,Good (18-24 km/l),Manual,Petrol,Fourth & Above,No,Yes,No
BMW,X1,2023,0-20k,1500-2000cc,Average (12-18 km/l),Automatic,Hybrid,First Owner,Yes,No,Yes
Ford,Figo,2018,50k-80k,<1000cc,Excellent (24+ km/l),Manual,Diesel,First Owner,Yes,No,Yes
Volkswagen,Vento,2018,80k-120k,1000-1500cc,Excellent (24+ km/l),Manual,Electric,First Owner,Yes,Yes,No
Hyundai,i20,2015,50k-80k,1000-1500cc,Average (12-18 km/l),Manual,Diesel,Fourth & Above,No,No,No
Mahindra,Thar,2021,20k-50k,1000-1500cc,Good (18-24 km/l),Automatic,Petrol,First Owner,Yes,Yes,Yes
Toyota,Fortuner,2021,20k-50k,1500-2000cc,Good (18-24 km/l),Manual,Diesel,First Owner,Yes,No,Yes
Volkswagen,Vento,2019,20k-50k,1500-2000cc,Excellent (24+ km/l),Manual,CNG,Second Owner,Yes,No,Yes
Maruti Suzuki,Dzire,2009,20k-50k,1000-1500cc,Good (18-24 km/l),Manual,Petrol,First Owner,No,No,Yes
Audi,Q3,2023,0-20k,2000cc+,Average (12-18 km/l),Automatic,Diesel,First Owner,Yes,No,Yes
Kia,Sonet,2023,0-20k,<1000cc,Good (18-24 km/l),Automatic,Diesel,Second Owner,Yes,No,Yes
Hyundai,i10,2019,20k-50k,1000-1500cc,Good (18-24 km/l),Manual,Petrol,First Owner,Yes,Yes,Yes
Renault,Duster,2021,0-20k,1000-1500cc,Good (18-24 km/l),Manual,Petrol,First Owner,Yes,No,Yes
Mahindra,Scorpio,2019,20k-50k,2000cc+,Average (12-18 km/l),Manual,Petrol,First Owner,No,No,Yes
Mahindra,XUV300,2017,20k-50k,1000-1500cc,Good (18-24 km/l),Manual,Petrol,First Owner,No,Yes,Yes
Hyundai,Creta,2010,20k-50k,1500-2000cc,Excellent (24+ km/l),Manual,CNG,Fourth & Above,Yes,No,Yes
Honda,WR-V,2019,20k-50k,1000-1500cc,Good (18-24 km/l),Manual,Diesel,First Owner,Yes,No,Yes
Ford,Endeavour,2022,20k-50k,1000-1500cc,Good (18-24 km/l),Automatic,Petrol,First Owner,Yes,No,Yes
Tata,Nexon,2006,120k+,1000-1500cc,Good (18-24 km/l),Manual,Petrol,Second Owner,No,No,No
Toyota,Innova,2020,50k-80k,1500-2000cc,Good (18-24 km/l),Manual,Petrol,First Owner,No,Yes,No
Ford,EcoSport,2023,0-20k,1000-1500cc,Excellent (24+ km/l),Manual,CNG,First Owner,Yes,No,Yes
Ford,EcoSport,2015,120k+,1500-2000cc,Excellent (24+ km/l),Manual,Diesel,Second Owner,No,Yes,No
Maruti Suzuki,Swift,2014,80k-120k,1500-2000cc,Good (18-24 km/l),Manual,Petrol,Second Owner,Yes,No,No
Skoda,Rapid,2022,20k-50k,1000-1500cc,Excellent (24+ km/l),Manual,Diesel,Third Owner,Yes,No,Yes
Mahindra,Thar,2016,20k-50k,2000cc+,Average (12-18 km/l),Automatic,Hybrid,First Owner,Yes,Yes,Yes
Hyundai,Verna,2014,80k-120k,1000-1500cc,Excellent (24+ km/l),Manual,Diesel,Second Owner,No,Yes,No
Hyundai,i10,2018,20k-50k,1000-1500cc,Good (18-24 km/l),Manual,Petrol,Fourth & Above,Yes,No,Yes
Mahindra,XUV300,2018,120k+,2000cc+,Good (18-24 km/l),Manual,Diesel,First Owner,Yes,Yes,No
Kia,Seltos,2023,0-20k,1000-1500cc,Good (18-24 km/l),Automatic,Diesel,First Owner,Yes,No,Yes
Tata,Punch,2021,20k-50k,1500-2000cc,Good (18-24 km/l),Manual,Petrol,First Owner,Yes,No,Yes
Volkswagen,Vento,2018,20k-50k,1000-1500cc,Excellent (24+ km/l),Manual,CNG,Third Owner,Yes,No,Yes
Maruti Suzuki,Ertiga,2020,20k-50k,1000-1500cc,Excellent (24+ km/l),Manual,CNG,First Owner,No,No,Yes
Mahindra,Thar,2023,0-20k,1500-2000cc,Good (18-24 km/l),Manual,Diesel,First Owner,Yes,No,Yes
Mercedes-Benz,GLA,2012,120k+,1500-2000cc,Good (18-24 km/l),Automatic,Petrol,Fourth & Above,No,No,No
Volkswagen,Taigun,2015,80k-120k,1000-1500cc,Average (12-18 km/l),Automatic,Petrol,Third Owner,No,No,No
Hyundai,Verna,2023,0-20k,1500-2000cc,Good (18-24 km/l),Manual,Diesel,First Owner,Yes,No,Yes
Mahindra,XUV500,2023,0-20k,1000-1500cc,Average (12-18 km/l),Automatic,Petrol,Second Owner,Yes,No,Yes
Hyundai,Creta,2014,0-20k,1000-1500cc,Excellent (24+ km/l),Manual,Diesel,Third Owner,Yes,No,Yes
Tata,Punch,2013,80k-120k,2000cc+,Good (18-24 km/l),Manual,Petrol,Third Owner,No,Yes,No
Renault,Duster,2018,80k-120k,<1000cc,Excellent (24+ km/l),Manual,Petrol,First Owner,No,Yes,No
Volkswagen,Polo,2009,120k+,1000-1500cc,Average (12-18 km/l),Manual,Hybrid,Second Owner,No,Yes,No
Hyundai,Venue,2021,0-20k,1500-2000cc,Good (18-24 km/l),Automatic,Petrol,First Owner,Yes,Yes,Yes
BMW,5 Series,2010,120k+,2000cc+,Good (18-24 km/l),Manual,Diesel,First Owner,No,Yes,No
Honda,Amaze,2009,120k+,1000-1500cc,Good (18-24 km/l),Manual,Diesel,Fourth & Above,No,No,No
Tata,Tiago,2019,50k-80k,2000cc+,Good (18-24 km/l),Manual,Hybrid,First Owner,No,No,Yes
Mahindra,XUV300,2023,0-20k,2000cc+,Good (18-24 km/l),Manual,Hybrid,First Owner,Yes,No,Yes
Honda,City,2018,50k-80k,1000-1500cc,Good (18-24 km/l),Manual,Petrol,First Owner,No,Yes,No
Honda,Jazz,2017,50k-80k,1000-1500cc,Excellent (24+ km/l),Manual,Electric,First Owner,No,Yes,No
Mahindra,Thar,2023,0-20k,1000-1500cc,Good (18-24 km/l),Manual,Petrol,First Owner,Yes,Yes,Yes
Mahindra,Thar,2020,0-20k,2000cc+,Good (18-24 km/l),Manual,Diesel,First Owner,Yes,No,Yes
Maruti Suzuki,WagonR,2018,50k-80k,1000-1500cc,Good (18-24 km/l),Manual,Diesel,First Owner,Yes,Yes,Yes
Renault,Triber,2018,20k-50k,<1000cc,Excellent (24+ km/l),Automatic,CNG,First Owner,Yes,No,Yes
Honda,Jazz,2014,50k-80k,<1000cc,Excellent (24+ km/l),Manual,Diesel,First Owner,Yes,Yes,No
Maruti Suzuki,Swift,2020,20k-50k,1000-1500cc,Good (18-24 km/l),Automatic,Petrol,Third Owner,No,No,No
Volkswagen,Taigun,2019,50k-80k,1000-1500cc,Good (18-24 km/l),Manual,Diesel,Second Owner,Yes,No,Yes
BMW,5 Series,2016,20k-50k,2000cc+,Low (<12 km/l),Automatic,Petrol,Third Owner,Yes,No,No
Audi,Q3,2013,20k-50k,2000cc+,Good (18-24 km/l),Automatic,Diesel,Fourth & Above,No,Yes,No
Tata,Nexon,2017,50k-80k,1000-1500cc,Good (18-24 km/l),Manual,Diesel,Second Owner,Yes,No,Yes
Maruti Suzuki,Swift,2019,50k-80k,1500-2000cc,Good (18-24 km/l),Manual,Diesel,First Owner,Yes,Yes,No
Mahindra,XUV300,2009,20k-50k,2000cc+,Average (12-18 km/l),Manual,Petrol,Fourth & Above,No,No,No
Maruti Suzuki,Ertiga,2013,80k-120k,1000-1500cc,Good (18-24 km/l),Manual,Diesel,First Owner,Yes,No,No
BMW,3 Series,2023,20k-50k,1500-2000cc,Average (12-18 km/l),Automatic,Petrol,First Owner,Yes,No,Yes
Hyundai,Creta,2020,0-20k,1000-1500cc,Excellent (24+ km/l),Manual,Diesel,First Owner,Yes,No,Yes
Hyundai,Verna,2009,120k+,1000-1500cc,Good (18-24 km/l),Automatic,Petrol,Second Owner,No,Yes,No
Tata,Tiago,2021,20k-50k,2000cc+,Excellent (24+ km/l),Manual,CNG,First Owner,Yes,No,Yes
Tata,Tiago,2009,80k-120k,2000cc+,Good (18-24 km/l),Manual,Petrol,Third Owner,No,No,No
Renault,Duster,2022,0-20k,<1000cc,Good (18-24 km/l),Automatic,Petrol,First Owner,Yes,No,Yes
Mahindra,XUV500,2022,0-20k,2000cc+,Good (18-24 km/l),Manual,Diesel,First Owner,Yes,No,Yes
Maruti Suzuki,Alto,2021,20k-50k,1000-1500cc,Average (12-18 km/l),Automatic,Petrol,First Owner,Yes,Yes,Yes
Hyundai,Verna,2022,0-20k,1000-1500cc,Good (18-24 km/l),Automatic,Petrol,Second Owner,Yes,Yes,Yes
Mahindra,XUV300,2011,50k-80k,2000cc+,Average (12-18 km/l),Automatic,Diesel,Second Owner,Yes,No,No
Maruti Suzuki,Ertiga,2022,0-20k,<1000cc,Good (18-24 km/l),Manual,Petrol,First Owner,Yes,No,Yes
Toyota,Yaris,2013,80k-120k,1000-1500cc,Good (18-24 km/l),Manual,Petrol,First Owner,Yes,Yes,No
Honda,Jazz,2017,20k-50k,1000-1500cc,Good (18-24 km/l),Manual,Petrol,First Owner,Yes,No,Yes
Ford,EcoSport,2023,0-20k,1000-1500cc,Average (12-18 km/l),Automatic,Petrol,First Owner,Yes,No,Yes
BMW,X1,2019,20k-50k,2000cc+,Good (18-24 km/l),Automatic,Diesel,First Owner,No,No,Yes
BMW,X1,2023,0-20k,2000cc+,Average (12-18 km/l),Automatic,Petrol,Second Owner,Yes,No,Yes
Audi,Q3,2011,80k-120k,2000cc+,Good (18-24 km/l),Manual,Petrol,Second Owner,No,Yes,No
Hyundai,i10,2019,20k-50k,<1000cc,Excellent (24+ km/l),Manual,Diesel,Fourth & Above,No,No,Yes
Maruti Suzuki,Ertiga,2009,120k+,1000-1500cc,Excellent (24+ km/l),Automatic,Electric,Third Owner,No,Yes,No
Hyundai,Creta,2021,0-20k,1500-2000cc,Good (18-24 km/l),Automatic,Petrol,Second Owner,No,No,Yes
Kia,Carens,2010,120k+,1000-1500cc,Excellent (24+ km/l),Manual,CNG,First Owner,No,Yes,No
Audi,A4,2014,20k-50k,2000cc+,Average (12-18 km/l),Manual,Petrol,Third Owner,No,No,No
Skoda,Rapid,2016,0-20k,1000-1500cc,Good (18-24 km/l),Manual,Diesel,Third Owner,Yes,No,Yes
Maruti Suzuki,Dzire,2022,0-20k,1000-1500cc,Good (18-24 km/l),Manual,Petrol,Third Owner,Yes,No,Yes
Audi,A4,2013,50k-80k,2000cc+,Average (12-18 km/l),Automatic,Hybrid,First Owner,Yes,No,Yes
Tata,Altroz,2022,50k-80k,2000cc+,Good (18-24 km/l),Manual,Diesel,First Owner,Yes,No,Yes
Maruti Suzuki,Dzire,2012,80k-120k,1000-1500cc,Good (18-24 km/l),Manual,Petrol,Third Owner,Yes,No,Yes
Mahindra,XUV500,2008,80k-120k,1500-2000cc,Good (18-24 km/l),Manual,Petrol,First Owner,No,Yes,No
Maruti Suzuki,WagonR,2018,20k-50k,1000-1500cc,Good (18-24 km/l),Manual,Diesel,First Owner,No,Yes,Yes
Honda,Amaze,2023,0-20k,1000-1500cc,Excellent (24+ km/l),Manual,Diesel,First Owner,Yes,No,Yes
Tata,Harrier,2012,0-20k,2000cc+,Good (18-24 km/l),Manual,Diesel,Second Owner,No,No,Yes
Mahindra,Thar,2011,20k-50k,1500-2000cc,Average (12-18 km/l),Manual,Petrol,Third Owner,No,No,No
Toyota,Innova,2022,0-20k,1500-2000cc,Good (18-24 km/l),Automatic,Diesel,First Owner,Yes,No,Yes
Skoda,Kushaq,2017,50k-80k,1000-1500cc,Good (18-24 km/l),Manual,Petrol,First Owner,Yes,No,Yes
Toyota,Glanza,2021,20k-50k,2000cc+,Good (18-24 km/l),Automatic,Petrol,First Owner,Yes,No,Yes
Mahindra,XUV500,2014,120k+,2000cc+,Average (12-18 km/l),Automatic,Petrol,Third Owner,No,No,No
Renault,Kwid,2019,0-20k,1000-1500cc,Good (18-24 km/l),Manual,Petrol,First Owner,Yes,Yes,Yes
Kia,Sonet,2016,50k-80k,1000-1500cc,Good (18-24 km/l),Manual,Petrol,Second Owner,Yes,No,Yes
Maruti Suzuki,Baleno,2019,50k-80k,1000-1500cc,Good (18-24 km/l),Manual,Diesel,Second Owner,No,Yes,No
Honda,WR-V,2022,0-20k,1000-1500cc,Excellent (24+ km/l),Manual,Diesel,First Owner,Yes,No,Yes
Hyundai,Creta,2022,50k-80k,1000-1500cc,Good (18-24 km/l),Automatic,Petrol,First Owner,Yes,No,Yes
Maruti Suzuki,Baleno,2020,20k-50k,<1000cc,Good (18-24 km/l),Automatic,Petrol,Second Owner,Yes,No,Yes
Toyota,Innova,2023,0-20k,1000-1500cc,Good (18-24 km/l),Manual,Petrol,First Owner,Yes,No,Yes
Skoda,Rapid,2016,80k-120k,1000-1500cc,Excellent (24+ km/l),Manual,Electric,Second Owner,No,No,No
Maruti Suzuki,Dzire,2015,80k-120k,1000-1500cc,Good (18-24 km/l),Manual,Diesel,Third Owner,Yes,No,Yes
Renault,Duster,2021,50k-80k,1000-1500cc,Good (18-24 km/l),Manual,Diesel,First Owner,Yes,No,Yes
Skoda,Rapid,2021,20k-50k,1000-1500cc,Good (18-24 km/l),Manual,Diesel,Second Owner,Yes,No,Yes
BMW,X1,2008,80k-120k,1500-2000cc,Good (18-24 km/l),Manual,Petrol,Second Owner,No,Yes,No
Hyundai,Verna,2021,20k-50k,1000-1500cc,Good (18-24 km/l),Automatic,Petrol,First Owner,No,No,Yes
Kia,Sonet,2018,0-20k,1000-1500cc,Good (18-24 km/l),Manual,Diesel,First Owner,Yes,No,Yes
Tata,Altroz,2022,20k-50k,1000-1500cc,Excellent (24+ km/l),Manual,CNG,First Owner,Yes,No,Yes
Honda,WR-V,2022,20k-50k,<1000cc,Good (18-24 km/l),Manual,Petrol,First Owner,Yes,No,Yes
Maruti Suzuki,Swift,2020,0-20k,1000-1500cc,Good (18-24 km/l),Manual,Diesel,Third Owner,No,No,Yes
Maruti Suzuki,Alto,2005,120k+,1000-1500cc,Good (18-24 km/l),Manual,Diesel,Second Owner,No,Yes,No
Ford,EcoSport,2021,20k-50k,1000-1500cc,Good (18-24 km/l),Automatic,Diesel,First Owner,No,No,Yes
Mahindra,Bolero,2022,0-20k,1500-2000cc,Excellent (24+ km/l),Automatic,Diesel,First Owner,Yes,No,Yes
Hyundai,Verna,2015,20k-50k,1000-1500cc,Good (18-24 km/l),Manual,Petrol,First Owner,Yes,No,Yes
Hyundai,i20,2019,50k-80k,1500-2000cc,Good (18-24 km/l),Manual,Diesel,Third Owner,Yes,Yes,Yes
Toyota,Innova,2023,0-20k,2000cc+,Good (18-24 km/l),Manual,Petrol,First Owner,Yes,No,Yes
Maruti Suzuki,Swift,2016,50k-80k,1000-1500cc,Good (18-24 km/l),Manual,Diesel,Fourth & Above,Yes,No,No
Renault,Triber,2015,50k-80k,1000-1500cc,Good (18-24 km/l),Manual,Petrol,First Owner,Yes,No,Yes
Maruti Suzuki,Alto,2015,20k-50k,1000-1500cc,Good (18-24 km/l),Manual,Petrol,Second Owner,Yes,No,Yes
Hyundai,Venue,2020,0-20k,1000-1500cc,Good (18-24 km/l),Manual,Petrol,Second Owner,Yes,No,Yes
Tata,Nexon,2023,0-20k,2000cc+,Average (12-18 km/l),Manual,Diesel,Second Owner,Yes,No,Yes
Mahindra,XUV500,2021,20k-50k,2000cc+,Average (12-18 km/l),Automatic,Petrol,First Owner,Yes,Yes,No
Tata,Harrier,2017,20k-50k,1000-1500cc,Good (18-24 km/l),Manual,Petrol,First Owner,Yes,No,Yes
Tata,Altroz,2021,0-20k,1500-2000cc,Good (18-24 km/l),Manual,Petrol,First Owner,No,No,Yes
Audi,Q3,2021,20k-50k,2000cc+,Average (12-18 km/l),Automatic,Petrol,First Owner,Yes,Yes,No
Toyota,Glanza,2020,20k-50k,2000cc+,Good (18-24 km/l),Automatic,Diesel,First Owner,Yes,No,Yes
Maruti Suzuki,Baleno,2013,50k-80k,<1000cc,Excellent (24+ km/l),Automatic,Diesel,First Owner,Yes,No,Yes
Mahindra,Thar,2021,20k-50k,1000-1500cc,Good (18-24 km/l),Manual,Hybrid,First Owner,Yes,No,Yes
Kia,Sonet,2019,20k-50k,1000-1500cc,Excellent (24+ km/l),Manual,CNG,Second Owner,No,No,Yes
Hyundai,Creta,2006,80k-120k,1000-1500cc,Good (18-24 km/l),Manual,Petrol,Second Owner,No,Yes,No
Maruti Suzuki,Alto,2020,20k-50k,1000-1500cc,Average (12-18 km/l),Automatic,Petrol,Second Owner,Yes,No,Yes
Volkswagen,Vento,2023,0-20k,1500-2000cc,Good (18-24 km/l),Manual,Petrol,First Owner,Yes,No,Yes
Honda,City,2017,80k-120k,1000-1500cc,Excellent (24+ km/l),Manual,CNG,Second Owner,No,No,Yes
Honda,WR-V,2023,0-20k,1000-1500cc,Good (18-24 km/l),Manual,Petrol,First Owner,Yes,Yes,Yes
Maruti Suzuki,Dzire,2011,80k-120k,1000-1500cc,Good (18-24 km/l),Manual,Diesel,Second Owner,No,No,No
Maruti Suzuki,Alto,2022,0-20k,1000-1500cc,Good (18-24 km/l),Manual,Diesel,First Owner,Yes,No,Yes
Toyota,Yaris,2012,50k-80k,2000cc+,Average (12-18 km/l),Manual,Petrol,Fourth & Above,Yes,No,Yes
Hyundai,Venue,2016,80k-120k,<1000cc,Excellent (24+ km/l),Manual,Diesel,First Owner,No,Yes,No
Mahindra,Bolero,2020,20k-50k,2000cc+,Average (12-18 km/l),Automatic,Petrol,First Owner,Yes,No,Yes
Honda,Jazz,2020,0-20k,<1000cc,Average (12-18 km/l),Automatic,Petrol,First Owner,No,No,Yes
Hyundai,Venue,2022,0-20k,<1000cc,Good (18-24 km/l),Manual,Petrol,Second Owner,Yes,No,Yes
Audi,Q3,2021,50k-80k,1500-2000cc,Good (18-24 km/l),Automatic,Petrol,First Owner,Yes,No,Yes
Skoda,Rapid,2020,0-20k,<1000cc,Good (18-24 km/l),Automatic,Petrol,Third Owner,Yes,No,Yes
Ford,EcoSport,2023,20k-50k,1000-1500cc,Excellent (24+ km/l),Manual,Diesel,First Owner,Yes,Yes,Yes
Maruti Suzuki,Dzire,2019,20k-50k,1500-2000cc,Excellent (24+ km/l),Manual,CNG,First Owner,Yes,Yes,Yes
Maruti Suzuki,Swift,2015,20k-50k,<1000cc,Excellent (24+ km/l),Manual,CNG,First Owner,No,Yes,No
Mahindra,XUV500,2013,120k+,2000cc+,Good (18-24 km/l),Manual,Petrol,Third Owner,No,Yes,No
Maruti Suzuki,WagonR,2018,50k-80k,1000-1500cc,Good (18-24 km/l),Manual,Petrol,First Owner,No,No,Yes
Mercedes-Benz,C-Class,2021,20k-50k,2000cc+,Average (12-18 km/l),Automatic,Petrol,First Owner,Yes,Yes,No
Maruti Suzuki,Alto,2008,20k-50k,1000-1500cc,Good (18-24 km/l),Manual,Diesel,Second Owner,No,No,No
Mahindra,Bolero,2012,50k-80k,1000-1500cc,Good (18-24 km/l),Manual,Petrol,Second Owner,No,No,Yes
Tata,Tiago,2011,0-20k,2000cc+,Average (12-18 km/l),Automatic,Petrol,Second Owner,No,No,Yes
Toyota,Glanza,2020,0-20k,1000-1500cc,Good (18-24 km/l),Manual,Petrol,First Owner,No,No,Yes
Maruti Suzuki,Alto,2015,20k-50k,<1000cc,Good (18-24 km/l),Manual,Diesel,Second Owner,Yes,No,Yes
Mahindra,XUV500,2013,50k-80k,1500-2000cc,Good (18-24 km/l),Manual,Petrol,Second Owner,No,Yes,No
Hyundai,Venue,2020,0-20k,1000-1500cc,Excellent (24+ km/l),Manual,Electric,Second Owner,No,Yes,Yes
Kia,Seltos,2022,0-20k,1000-1500cc,Good (18-24 km/l),Manual,Diesel,First Owner,Yes,No,Yes
Maruti Suzuki,WagonR,2017,0-20k,1000-1500cc,Good (18-24 km/l),Manual,Petrol,First Owner,Yes,Yes,Yes
BMW,3 Series,2020,0-20k,2000cc+,Good (18-24 km/l),Automatic,Petrol,First Owner,No,Yes,Yes
Skoda,Kushaq,2011,80k-120k,1000-1500cc,Average (12-18 km/l),Manual,Petrol,First Owner,Yes,Yes,No
Hyundai,i20,2023,0-20k,1000-1500cc,Good (18-24 km/l),Manual,Petrol,First Owner,Yes,No,Yes
Renault,Kwid,2017,80k-120k,<1000cc,Good (18-24 km/l),Automatic,Petrol,Second Owner,No,Yes,No
Maruti Suzuki,Ertiga,2023,0-20k,1500-2000cc,Good (18-24 km/l),Automatic,Diesel,First Owner,Yes,No,Yes
Audi,A4,2023,0-20k,2000cc+,Average (12-18 km/l),Automatic,Diesel,First Owner,Yes,No,Yes
Mahindra,XUV300,2022,20k-50k,1000-1500cc,Good (18-24 km/l),Manual,Petrol,First Owner,Yes,No,Yes
Hyundai,i20,2007,120k+,1000-1500cc,Good (18-24 km/l),Automatic,Diesel,Third Owner,No,Yes,No
Tata,Punch,2020,0-20k,2000cc+,Excellent (24+ km/l),Manual,Electric,First Owner,Yes,Yes,Yes
Maruti Suzuki,Baleno,2011,120k+,1000-1500cc,Excellent (24+ km/l),Manual,Diesel,Second Owner,No,No,No
Mercedes-Benz,GLA,2023,0-20k,1500-2000cc,Excellent (24+ km/l),Automatic,Electric,Second Owner,Yes,No,Yes
Maruti Suzuki,Ertiga,2022,20k-50k,1000-1500cc,Good (18-24 km/l),Manual,Petrol,First Owner,Yes,Yes,Yes
Toyota,Yaris,2023,0-20k,1000-1500cc,Average (12-18 km/l),Manual,Petrol,First Owner,Yes,No,Yes
Mahindra,XUV500,2021,0-20k,1000-1500cc,Good (18-24 km/l),Manual,Petrol,First Owner,Yes,No,Yes
Audi,A4,2020,50k-80k,1500-2000cc,Good (18-24 km/l),Automatic,Diesel,Second Owner,Yes,No,Yes
Hyundai,Creta,2020,20k-50k,1000-1500cc,Good (18-24 km/l),Automatic,Petrol,First Owner,Yes,No,Yes
Honda,Amaze,2018,20k-50k,1000-1500cc,Good (18-24 km/l),Automatic,Hybrid,First Owner,No,No,Yes
Mahindra,Thar,2019,20k-50k,1000-1500cc,Good (18-24 km/l),Automatic,Diesel,First Owner,Yes,No,Yes
Ford,Figo,2021,0-20k,1000-1500cc,Average (12-18 km/l),Manual,Petrol,First Owner,Yes,No,Yes
Maruti Suzuki,WagonR,2023,0-20k,1000-1500cc,Good (18-24 km/l),Automatic,Petrol,First Owner,No,No,Yes
Hyundai,Verna,2020,20k-50k,1000-1500cc,Good (18-24 km/l),Manual,Petrol,First Owner,Yes,No,Yes
Hyundai,i20,2023,0-20k,1000-1500cc,Excellent (24+ km/l),Manual,Petrol,First Owner,Yes,No,Yes
Volkswagen,Polo,2023,0-20k,1500-2000cc,Good (18-24 km/l),Manual,Diesel,First Owner,Yes,No,Yes
Hyundai,Verna,2020,20k-50k,1000-1500cc,Good (18-24 km/l),Manual,Petrol,First Owner,Yes,No,Yes
Honda,Jazz,2017,50k-80k,1000-1500cc,Excellent (24+ km/l),Manual,Diesel,First Owner,Yes,No,Yes
Hyundai,Venue,2021,0-20k,1000-1500cc,Good (18-24 km/l),Automatic,Diesel,First Owner,Yes,No,Yes
Skoda,Kushaq,2019,0-20k,1000-1500cc,Excellent (24+ km/l),Automatic,CNG,Second Owner,Yes,Yes,Yes
BMW,5 Series,2010,120k+,2000cc+,Good (18-24 km/l),Manual,Petrol,Second Owner,Yes,No,No
Mahindra,XUV500,2018,50k-80k,1500-2000cc,Good (18-24 km/l),Manual,Petrol,Second Owner,Yes,No,Yes
Tata,Altroz,2023,0-20k,1500-2000cc,Good (18-24 km/l),Manual,Diesel,First Owner,Yes,No,Yes
Hyundai,i20,2009,20k-50k,1500-2000cc,Good (18-24 km/l),Manual,Petrol,Fourth & Above,Yes,Yes,No
Maruti Suzuki,Swift,2021,0-20k,1500-2000cc,Good (18-24 km/l),Manual,Petrol,First Owner,Yes,No,Yes
Hyundai,i20,2022,20k-50k,1000-1500cc,Good (18-24 km/l),Manual,Diesel,First Owner,Yes,Yes,Yes
Toyota,Glanza,2021,20k-50k,2000cc+,Good (18-24 km/l),Manual,Diesel,First Owner,No,No,Yes
Honda,Jazz,2020,20k-50k,1000-1500cc,Excellent (24+ km/l),Manual,Diesel,Second Owner,No,No,Yes
BMW,5 Series,2021,0-20k,2000cc+,Good (18-24 km/l),Automatic,Petrol,First Owner,No,Yes,Yes
Tata,Altroz,2018,0-20k,1000-1500cc,Good (18-24 km/l),Automatic,Petrol,Third Owner,Yes,No,Yes
Ford,Endeavour,2011,120k+,1000-1500cc,Good (18-24 km/l),Manual,Hybrid,Fourth & Above,No,No,No
Mahindra,XUV500,2023,0-20k,1000-1500cc,Good (18-24 km/l),Automatic,Petrol,First Owner,No,No,Yes
Mahindra,Scorpio,2019,50k-80k,1000-1500cc,Excellent (24+ km/l),Automatic,CNG,Second Owner,Yes,Yes,Yes
Hyundai,Verna,2021,0-20k,1000-1500cc,Good (18-24 km/l),Automatic,Petrol,First Owner,Yes,No,Yes
Mahindra,Bolero,2020,0-20k,1500-2000cc,Good (18-24 km/l),Manual,CNG,First Owner,Yes,No,Yes
Mahindra,Bolero,2009,20k-50k,1000-1500cc,Good (18-24 km/l),Manual,Petrol,First Owner,No,Yes,No
Ford,EcoSport,2023,0-20k,1000-1500cc,Excellent (24+ km/l),Manual,Diesel,Second Owner,Yes,Yes,Yes
BMW,3 Series,2022,0-20k,2000cc+,Average (12-18 km/l),Automatic,Petrol,Second Owner,Yes,No,Yes
Tata,Punch,2013,50k-80k,2000cc+,Good (18-24 km/l),Manual,Petrol,Second Owner,Yes,Yes,No
Maruti Suzuki,Swift,2023,0-20k,1000-1500cc,Good (18-24 km/l),Manual,Petrol,First Owner,Yes,No,Yes
Mahindra,Thar,2022,20k-50k,1500-2000cc,Average (12-18 km/l),Automatic,Diesel,First Owner,Yes,No,Yes
Honda,Jazz,2019,50k-80k,1000-1500cc,Good (18-24 km/l),Manual,Petrol,Second Owner,No,No,Yes
Maruti Suzuki,Ertiga,2021,0-20k,1000-1500cc,Average (12-18 km/l),Manual,Petrol,First Owner,Yes,Yes,Yes
Volkswagen,Taigun,2011,120k+,1000-1500cc,Average (12-18 km/l),Automatic,Petrol,Second Owner,No,Yes,No
Mercedes-Benz,GLA,2020,20k-50k,2000cc+,Average (12-18 km/l),Automatic,Diesel,First Owner,Yes,No,Yes
Audi,A4,2010,20k-50k,2000cc+,Average (12-18 km/l),Automatic,Petrol,Second Owner,No,Yes,No
Hyundai,i10,2020,50k-80k,1000-1500cc,Good (18-24 km/l),Manual,Diesel,First Owner,No,No,Yes
Kia,Seltos,2020,0-20k,1000-1500cc,Excellent (24+ km/l),Manual,Electric,First Owner,Yes,No,Yes
Ford,Endeavour,2023,0-20k,1000-1500cc,Good (18-24 km/l),Automatic,CNG,First Owner,Yes,No,Yes
Mahindra,Bolero,2022,0-20k,2000cc+,Average (12-18 km/l),Automatic,Petrol,First Owner,Yes,No,Yes
Honda,WR-V,2016,50k-80k,1500-2000cc,Good (18-24 km/l),Manual,Petrol,Second Owner,Yes,Yes,Yes
Skoda,Octavia,2023,0-20k,1000-1500cc,Average (12-18 km/l),Automatic,Petrol,First Owner,Yes,No,Yes
Mahindra,Thar,2020,20k-50k,2000cc+,Good (18-24 km/l),Manual,Diesel,Second Owner,Yes,No,Yes
Tata,Altroz,2020,20k-50k,1500-2000cc,Good (18-24 km/l),Automatic,Petrol,First Owner,Yes,No,Yes
Mahindra,Bolero,2014,20k-50k,2000cc+,Average (12-18 km/l),Manual,Petrol,Third Owner,Yes,No,No
Honda,Jazz,2023,0-20k,1000-1500cc,Good (18-24 km/l),Manual,Petrol,First Owner,No,No,Yes
Hyundai,Creta,2023,0-20k,1000-1500cc,Good (18-24 km/l),Automatic,Diesel,First Owner,No,No,Yes
Kia,Seltos,2022,20k-50k,1500-2000cc,Average (12-18 km/l),Automatic,Hybrid,First Owner,Yes,No,Yes
Toyota,Fortuner,2023,0-20k,2000cc+,Good (18-24 km/l),Manual,Diesel,First Owner,Yes,No,Yes
Toyota,Innova,2017,80k-120k,2000cc+,Average (12-18 km/l),Manual,Diesel,Second Owner,No,Yes,No
Maruti Suzuki,Ertiga,2023,0-20k,1500-2000cc,Good (18-24 km/l),Manual,Diesel,First Owner,Yes,No,Yes
Honda,Jazz,2019,0-20k,1000-1500cc,Good (18-24 km/l),Manual,Diesel,First Owner,Yes,No,Yes
Maruti Suzuki,Dzire,2013,80k-120k,<1000cc,Good (18-24 km/l),Automatic,Diesel,Fourth & Above,Yes,No,No
Maruti Suzuki,Dzire,2021,50k-80k,1500-2000cc,Good (18-24 km/l),Automatic,Petrol,First Owner,Yes,Yes,Yes
Mahindra,Thar,2021,0-20k,1000-1500cc,Average (12-18 km/l),Manual,Petrol,Third Owner,Yes,No,Yes
Tata,Punch,2016,50k-80k,1500-2000cc,Excellent (24+ km/l),Manual,Diesel,Second Owner,Yes,No,Yes
Honda,WR-V,2007,80k-120k,1000-1500cc,Good (18-24 km/l),Manual,Petrol,First Owner,No,No,No
Maruti Suzuki,Baleno,2014,50k-80k,1000-1500cc,Good (18-24 km/l),Manual,Petrol,Second Owner,Yes,No,Yes
Mahindra,XUV300,2018,80k-120k,2000cc+,Good (18-24 km/l),Manual,Diesel,Second Owner,Yes,Yes,No
Maruti Suzuki,Swift,2013,0-20k,<1000cc,Excellent (24+ km/l),Manual,Diesel,Fourth & Above,No,Yes,No
Mercedes-Benz,GLA,2014,80k-120k,2000cc+,Average (12-18 km/l),Automatic,Diesel,Second Owner,Yes,Yes,No
Honda,City,2018,20k-50k,<1000cc,Good (18-24 km/l),Manual,Petrol,First Owner,Yes,Yes,Yes
Ford,EcoSport,2023,0-20k,1000-1500cc,Good (18-24 km/l),Automatic,Petrol,First Owner,No,No,Yes
Tata,Nexon,2022,20k-50k,2000cc+,Average (12-18 km/l),Manual,Petrol,First Owner,No,No,Yes
Maruti Suzuki,Swift,2017,20k-50k,1000-1500cc,Good (18-24 km/l),Automatic,Petrol,First Owner,No,No,Yes
Mercedes-Benz,C-Class,2023,0-20k,2000cc+,Average (12-18 km/l),Automatic,Petrol,First Owner,Yes,No,Yes
Hyundai,i10,2021,0-20k,1500-2000cc,Good (18-24 km/l),Automatic,Petrol,First Owner,Yes,No,Yes
Tata,Tiago,2019,20k-50k,2000cc+,Average (12-18 km/l),Automatic,Petrol,First Owner,No,No,No
Toyota,Glanza,2019,20k-50k,2000cc+,Average (12-18 km/l),Manual,Petrol,First Owner,Yes,Yes,Yes
Maruti Suzuki,Dzire,2018,0-20k,1000-1500cc,Excellent (24+ km/l),Manual,Petrol,First Owner,Yes,Yes,No
Renault,Duster,2015,20k-50k,1000-1500cc,Excellent (24+ km/l),Manual,Diesel,First Owner,Yes,No,Yes
Honda,Jazz,2018,20k-50k,1000-1500cc,Good (18-24 km/l),Manual,Diesel,First Owner,No,No,Yes
Hyundai,Creta,2020,50k-80k,1000-1500cc,Good (18-24 km/l),Manual,Petrol,Third Owner,Yes,No,Yes
Maruti Suzuki,Ertiga,2020,0-20k,1000-1500cc,Excellent (24+ km/l),Manual,Diesel,Second Owner,No,No,Yes
Maruti Suzuki,Alto,2022,0-20k,1000-1500cc,Good (18-24 km/l),Manual,Petrol,First Owner,Yes,No,Yes
Kia,Sonet,2017,20k-50k,1000-1500cc,Good (18-24 km/l),Manual,Hybrid,First Owner,No,Yes,Yes
Ford,Figo,2021,50k-80k,1000-1500cc,Good (18-24 km/l),Manual,Petrol,First Owner,Yes,No,Yes
Hyundai,i20,2020,20k-50k,1000-1500cc,Good (18-24 km/l),Automatic,Diesel,Fourth & Above,No,No,No
Maruti Suzuki,Dzire,2023,0-20k,<1000cc,Good (18-24 km/l),Manual,Petrol,First Owner,Yes,No,Yes
Ford,EcoSport,2018,80k-120k,1000-1500cc,Excellent (24+ km/l),Manual,Electric,First Owner,Yes,No,Yes
Honda,Jazz,2023,0-20k,1500-2000cc,Good (18-24 km/l),Manual,Diesel,First Owner,Yes,No,Yes
Tata,Nexon,2022,0-20k,1500-2000cc,Good (18-24 km/l),Automatic,Petrol,First Owner,No,No,Yes
Tata,Tiago,2021,20k-50k,2000cc+,Average (12-18 km/l),Automatic,Petrol,First Owner,Yes,No,Yes
Hyundai,i10,2021,0-20k,1000-1500cc,Good (18-24 km/l),Automatic,Petrol,First Owner,Yes,No,Yes
Toyota,Fortuner,2010,50k-80k,2000cc+,Average (12-18 km/l),Manual,Petrol,Second Owner,No,No,No
Audi,Q3,2023,0-20k,2000cc+,Good (18-24 km/l),Automatic,Petrol,First Owner,Yes,No,Yes
Maruti Suzuki,Alto,2011,20k-50k,1500-2000cc,Good (18-24 km/l),Manual,Petrol,First Owner,Yes,No,Yes
Honda,WR-V,2020,0-20k,1000-1500cc,Average (12-18 km/l),Manual,Petrol,Second Owner,No,No,Yes
Tata,Tiago,2017,20k-50k,2000cc+,Good (18-24 km/l),Manual,Petrol,Second Owner,Yes,No,Yes
Mahindra,Bolero,2019,20k-50k,1000-1500cc,Good (18-24 km/l),Manual,Diesel,First Owner,Yes,No,Yes
Hyundai,Creta,2021,0-20k,1000-1500cc,Good (18-24 km/l),Automatic,Petrol,Second Owner,Yes,No,Yes
Renault,Triber,2023,0-20k,1000-1500cc,Good (18-24 km/l),Manual,Petrol,First Owner,Yes,No,Yes
Mahindra,Scorpio,2019,20k-50k,1500-2000cc,Good (18-24 km/l),Manual,Diesel,Second Owner,Yes,No,Yes
Honda,WR-V,2023,0-20k,1500-2000cc,Good (18-24 km/l),Manual,Petrol,First Owner,Yes,No,Yes
Hyundai,Venue,2020,0-20k,<1000cc,Good (18-24 km/l),Manual,Petrol,Second Owner,Yes,No,Yes
Hyundai,Creta,2013,120k+,1000-1500cc,Excellent (24+ km/l),Manual,Diesel,Second Owner,Yes,Yes,No
Maruti Suzuki,Ertiga,2014,0-20k,1500-2000cc,Good (18-24 km/l),Manual,Petrol,Second Owner,Yes,No,Yes
Ford,EcoSport,2021,20k-50k,1000-1500cc,Good (18-24 km/l),Manual,Petrol,First Owner,Yes,No,Yes
Hyundai,Verna,2009,120k+,1000-1500cc,Good (18-24 km/l),Manual,Diesel,Second Owner,No,Yes,No
Ford,Endeavour,2019,50k-80k,1000-1500cc,Excellent (24+ km/l),Manual,CNG,First Owner,Yes,No,Yes
Tata,Altroz,2013,80k-120k,1500-2000cc,Good (18-24 km/l),Automatic,Diesel,Third Owner,No,Yes,No
Tata,Tiago,2019,50k-80k,1500-2000cc,Good (18-24 km/l),Manual,Petrol,First Owner,Yes,No,Yes
Mahindra,XUV300,2022,0-20k,1000-1500cc,Good (18-24 km/l),Automatic,Petrol,First Owner,No,No,Yes
Tata,Altroz,2019,50k-80k,2000cc+,Average (12-18 km/l),Manual,Diesel,First Owner,Yes,Yes,Yes
Maruti Suzuki,Dzire,2013,20k-50k,1000-1500cc,Good (18-24 km/l),Manual,Hybrid,Second Owner,Yes,No,Yes
Hyundai,i20,2016,0-20k,<1000cc,Good (18-24 km/l),Manual,Petrol,First Owner,Yes,No,Yes
Toyota,Glanza,2018,0-20k,1500-2000cc,Excellent (24+ km/l),Automatic,CNG,First Owner,Yes,No,Yes
Toyota,Fortuner,2010,80k-120k,1500-2000cc,Good (18-24 km/l),Manual,Diesel,Second Owner,No,No,No
Hyundai,Verna,2020,20k-50k,1000-1500cc,Excellent (24+ km/l),Manual,Hybrid,Fourth & Above,Yes,Yes,No
Mahindra,Scorpio,2021,20k-50k,2000cc+,Good (18-24 km/l),Manual,Petrol,First Owner,Yes,No,Yes
Hyundai,Venue,2009,80k-120k,1000-1500cc,Good (18-24 km/l),Automatic,Petrol,First Owner,Yes,No,Yes
Hyundai,Verna,2018,20k-50k,1500-2000cc,Good (18-24 km/l),Manual,Petrol,First Owner,Yes,No,Yes
Maruti Suzuki,Baleno,2018,50k-80k,1000-1500cc,Excellent (24+ km/l),Manual,Diesel,First Owner,No,Yes,No
Kia,Carens,2017,50k-80k,1000-1500cc,Good (18-24 km/l),Manual,Diesel,First Owner,Yes,No,No
Hyundai,i10,2020,0-20k,<1000cc,Good (18-24 km/l),Manual,CNG,First Owner,Yes,No,Yes
Hyundai,i20,2017,50k-80k,<1000cc,Good (18-24 km/l),Manual,Diesel,First Owner,Yes,No,Yes
Hyundai,Venue,2018,20k-50k,1000-1500cc,Good (18-24 km/l),Manual,Petrol,Second Owner,No,Yes,No
Maruti Suzuki,Ertiga,2022,50k-80k,1000-1500cc,Average (12-18 km/l),Manual,Petrol,Second Owner,Yes,Yes,Yes
Toyota,Fortuner,2013,120k+,2000cc+,Good (18-24 km/l),Manual,Petrol,Fourth & Above,Yes,Yes,No
Maruti Suzuki,Baleno,2021,0-20k,1000-1500cc,Good (18-24 km/l),Manual,Hybrid,First Owner,No,No,Yes
Maruti Suzuki,Swift,2019,0-20k,1000-1500cc,Good (18-24 km/l),Manual,Petrol,First Owner,Yes,No,Yes
Toyota,Glanza,2017,20k-50k,2000cc+,Excellent (24+ km/l),Manual,Diesel,Second Owner,No,No,Yes
Tata,Tiago,2022,0-20k,1500-2000cc,Good (18-24 km/l),Manual,Petrol,First Owner,Yes,No,Yes
Ford,Figo,2020,20k-50k,1000-1500cc,Good (18-24 km/l),Manual,Diesel,First Owner,Yes,No,Yes
Honda,Amaze,2019,50k-80k,1000-1500cc,Excellent (24+ km/l),Manual,Petrol,Second Owner,No,No,Yes
Hyundai,Verna,2021,0-20k,1000-1500cc,Good (18-24 km/l),Manual,Diesel,First Owner,No,No,Yes
Toyota,Yaris,2022,20k-50k,1500-2000cc,Excellent (24+ km/l),Manual,CNG,First Owner,Yes,No,Yes
Maruti Suzuki,Ertiga,2023,0-20k,<1000cc,Average (12-18 km/l),Manual,Petrol,First Owner,Yes,No,Yes
Honda,City,2021,20k-50k,<1000cc,Good (18-24 km/l),Manual,Petrol,First Owner,Yes,No,Yes
Mahindra,XUV300,2023,0-20k,1500-2000cc,Good (18-24 km/l),Manual,Hybrid,First Owner,No,No,Yes
Hyundai,Creta,2005,120k+,1000-1500cc,Good (18-24 km/l),Manual,Petrol,Third Owner,No,No,No
Honda,Amaze,2020,50k-80k,1000-1500cc,Good (18-24 km/l),Manual,Petrol,Second Owner,Yes,No,Yes
Kia,Seltos,2015,20k-50k,1000-1500cc,Good (18-24 km/l),Manual,Petrol,Second Owner,No,Yes,No
Mercedes-Benz,C-Class,2011,20k-50k,2000cc+,Good (18-24 km/l),Manual,Diesel,Third Owner,Yes,Yes,No
Honda,Amaze,2020,80k-120k,1000-1500cc,Good (18-24 km/l),Automatic,Diesel,First Owner,Yes,Yes,Yes
Tata,Harrier,2022,0-20k,2000cc+,Average (12-18 km/l),Automatic,Petrol,First Owner,Yes,No,Yes
Hyundai,Verna,2018,120k+,1000-1500cc,Good (18-24 km/l),Manual,Petrol,First Owner,No,Yes,No
Hyundai,Creta,2021,20k-50k,1000-1500cc,Excellent (24+ km/l),Automatic,Electric,Second Owner,Yes,No,Yes
Mahindra,Bolero,2019,80k-120k,1000-1500cc,Good (18-24 km/l),Manual,Petrol,Second Owner,Yes,No,Yes
Tata,Tiago,2019,50k-80k,1500-2000cc,Average (12-18 km/l),Automatic,Petrol,First Owner,No,No,Yes
BMW,5 Series,2016,0-20k,2000cc+,Average (12-18 km/l),Manual,Petrol,Second Owner,No,Yes,No
Tata,Nexon,2018,0-20k,2000cc+,Good (18-24 km/l),Manual,Petrol,Second Owner,Yes,Yes,Yes
Tata,Tiago,2017,20k-50k,2000cc+,Good (18-24 km/l),Automatic,Petrol,First Owner,Yes,No,Yes
Tata,Punch,2021,0-20k,1500-2000cc,Good (18-24 km/l),Manual,Diesel,First Owner,Yes,No,Yes
Skoda,Octavia,2012,80k-120k,1000-1500cc,Excellent (24+ km/l),Manual,CNG,Second Owner,No,Yes,No
Toyota,Glanza,2011,80k-120k,1500-2000cc,Good (18-24 km/l),Manual,Petrol,Second Owner,No,Yes,No
Toyota,Glanza,2021,0-20k,2000cc+,Average (12-18 km/l),Manual,Petrol,Second Owner,Yes,No,Yes
Tata,Nexon,2020,0-20k,2000cc+,Average (12-18 km/l),Automatic,Petrol,First Owner,No,Yes,Yes
Renault,Triber,2019,20k-50k,1000-1500cc,Good (18-24 km/l),Manual,Petrol,First Owner,Yes,Yes,Yes
Maruti Suzuki,Swift,2013,20k-50k,1000-1500cc,Excellent (24+ km/l),Manual,Diesel,Second Owner,No,Yes,No
Kia,Sonet,2018,20k-50k,1500-2000cc,Average (12-18 km/l),Automatic,Petrol,First Owner,Yes,Yes,Yes
Mahindra,Scorpio,2022,0-20k,2000cc+,Average (12-18 km/l),Automatic,Petrol,First Owner,Yes,No,Yes
Tata,Altroz,2023,0-20k,1500-2000cc,Good (18-24 km/l),Manual,Petrol,First Owner,Yes,No,Yes
Mahindra,Scorpio,2021,80k-120k,1500-2000cc,Good (18-24 km/l),Manual,Petrol,First Owner,Yes,No,Yes
Toyota,Glanza,2009,120k+,1500-2000cc,Good (18-24 km/l),Manual,Petrol,Second Owner,No,Yes,No
Maruti Suzuki,Dzire,2021,0-20k,1000-1500cc,Good (18-24 km/l),Automatic,Petrol,First Owner,Yes,No,Yes
Kia,Sonet,2015,120k+,1000-1500cc,Good (18-24 km/l),Automatic,Diesel,Third Owner,Yes,Yes,No
Mahindra,XUV300,2017,50k-80k,2000cc+,Average (12-18 km/l),Manual,Petrol,First Owner,No,No,No
Tata,Altroz,2014,50k-80k,1500-2000cc,Good (18-24 km/l),Manual,CNG,First Owner,Yes,No,Yes
Maruti Suzuki,Baleno,2022,0-20k,1000-1500cc,Good (18-24 km/l),Automatic,Petrol,First Owner,Yes,No,Yes
Mahindra,Bolero,2021,20k-50k,1000-1500cc,Good (18-24 km/l),Manual,Diesel,First Owner,No,No,Yes
Mahindra,Scorpio,2021,50k-80k,1000-1500cc,Good (18-24 km/l),Automatic,Petrol,First Owner,Yes,Yes,Yes
Tata,Punch,2021,20k-50k,1500-2000cc,Good (18-24 km/l),Manual,Petrol,First Owner,Yes,No,Yes
Toyota,Innova,2015,20k-50k,1500-2000cc,Average (12-18 km/l),Manual,Petrol,Third Owner,Yes,No,Yes
Tata,Tiago,2019,20k-50k,1500-2000cc,Good (18-24 km/l),Automatic,Petrol,First Owner,Yes,No,Yes
Audi,A4,2021,0-20k,2000cc+,Average (12-18 km/l),Automatic,Petrol,First Owner,No,No,Yes
Honda,City,2021,20k-50k,1500-2000cc,Good (18-24 km/l),Manual,Diesel,First Owner,Yes,No,Yes
Renault,Duster,2022,20k-50k,1000-1500cc,Average (12-18 km/l),Automatic,Petrol,First Owner,Yes,No,Yes
Maruti Suzuki,Swift,2016,80k-120k,1000-1500cc,Good (18-24 km/l),Manual,Diesel,Second Owner,Yes,No,Yes
Tata,Altroz,2022,20k-50k,1000-1500cc,Good (18-24 km/l),Automatic,Petrol,First Owner,Yes,Yes,Yes
Tata,Nexon,2019,20k-50k,1500-2000cc,Good (18-24 km/l),Manual,Petrol,Second Owner,Yes,No,Yes
Honda,City,2021,0-20k,1000-1500cc,Good (18-24 km/l),Automatic,Petrol,First Owner,Yes,No,Yes
Skoda,Octavia,2019,80k-120k,1000-1500cc,Good (18-24 km/l),Manual,Diesel,First Owner,No,No,Yes
Maruti Suzuki,Baleno,2023,0-20k,<1000cc,Good (18-24 km/l),Manual,Hybrid,First Owner,Yes,No,Yes
Maruti Suzuki,Baleno,2014,50k-80k,1000-1500cc,Good (18-24 km/l),Manual,Petrol,First Owner,No,No,No
Skoda,Kushaq,2021,0-20k,<1000cc,Good (18-24 km/l),Manual,Petrol,First Owner,Yes,No,Yes
Hyundai,Verna,2020,0-20k,1000-1500cc,Average (12-18 km/l),Automatic,Petrol,Second Owner,Yes,No,Yes
Toyota,Fortuner,2014,20k-50k,1500-2000cc,Good (18-24 km/l),Manual,Diesel,Second Owner,Yes,Yes,No
Honda,City,2010,120k+,1000-1500cc,Average (12-18 km/l),Manual,Petrol,Third Owner,No,Yes,No
Skoda,Kushaq,2022,0-20k,1000-1500cc,Good (18-24 km/l),Automatic,Diesel,First Owner,Yes,No,Yes
Maruti Suzuki,Baleno,2013,50k-80k,1000-1500cc,Excellent (24+ km/l),Manual,CNG,Third Owner,No,Yes,No
Maruti Suzuki,Swift,2014,120k+,1000-1500cc,Good (18-24 km/l),Manual,Diesel,Second Owner,Yes,No,Yes
Honda,City,2023,0-20k,1000-1500cc,Excellent (24+ km/l),Manual,Diesel,First Owner,Yes,No,Yes
Audi,Q3,2021,0-20k,1500-2000cc,Good (18-24 km/l),Automatic,Diesel,First Owner,Yes,No,Yes
Tata,Altroz,2016,120k+,1500-2000cc,Good (18-24 km/l),Manual,Petrol,Second Owner,Yes,No,Yes
Tata,Tiago,2020,50k-80k,2000cc+,Good (18-24 km/l),Manual,Petrol,First Owner,No,No,Yes
Honda,City,2020,0-20k,1000-1500cc,Good (18-24 km/l),Automatic,Diesel,Second Owner,No,No,Yes
BMW,X1,2022,0-20k,2000cc+,Average (12-18 km/l),Automatic,Petrol,First Owner,Yes,No,Yes
Skoda,Octavia,2022,20k-50k,1000-1500cc,Average (12-18 km/l),Automatic,Diesel,First Owner,No,No,Yes
Mercedes-Benz,C-Class,2022,0-20k,2000cc+,Average (12-18 km/l),Automatic,Petrol,First Owner,Yes,No,Yes
Maruti Suzuki,Swift,2015,50k-80k,1000-1500cc,Good (18-24 km/l),Manual,Petrol,First Owner,Yes,No,Yes
Maruti Suzuki,Swift,2021,20k-50k,1000-1500cc,Good (18-24 km/l),Automatic,Diesel,First Owner,Yes,No,Yes
Honda,Jazz,2008,120k+,1000-1500cc,Good (18-24 km/l),Manual,Petrol,Fourth & Above,No,No,No
Renault,Kwid,2010,120k+,1000-1500cc,Excellent (24+ km/l),Automatic,CNG,Fourth & Above,No,Yes,No
Hyundai,Verna,2021,20k-50k,1000-1500cc,Excellent (24+ km/l),Automatic,Electric,First Owner,Yes,No,Yes
Hyundai,Verna,2007,120k+,<1000cc,Good (18-24 km/l),Manual,Diesel,First Owner,No,Yes,No
Renault,Triber,2020,20k-50k,1000-1500cc,Good (18-24 km/l),Manual,Petrol,Second Owner,No,No,Yes
Maruti Suzuki,Ertiga,2022,20k-50k,1000-1500cc,Excellent (24+ km/l),Manual,CNG,First Owner,Yes,No,Yes
Tata,Harrier,2018,0-20k,1500-2000cc,Good (18-24 km/l),Manual,Petrol,First Owner,Yes,No,Yes
Mahindra,Scorpio,2008,20k-50k,2000cc+,Average (12-18 km/l),Manual,Petrol,Fourth & Above,No,No,No
Honda,City,2021,0-20k,1000-1500cc,Good (18-24 km/l),Manual,Petrol,First Owner,Yes,Yes,Yes
Ford,Figo,2023,0-20k,1000-1500cc,Good (18-24 km/l),Manual,Petrol,First Owner,Yes,No,Yes
Tata,Altroz,2021,0-20k,1500-2000cc,Average (12-18 km/l),Automatic,Petrol,First Owner,Yes,No,Yes
Toyota,Innova,2020,20k-50k,2000cc+,Average (12-18 km/l),Automatic,Petrol,First Owner,No,No,Yes
Honda,Jazz,2015,20k-50k,1500-2000cc,Good (18-24 km/l),Automatic,Hybrid,Second Owner,No,No,Yes
Honda,City,2006,20k-50k,1000-1500cc,Good (18-24 km/l),Manual,Diesel,Third Owner,No,Yes,No
Toyota,Glanza,2021,120k+,1500-2000cc,Good (18-24 km/l),Manual,Diesel,First Owner,No,Yes,No
Hyundai,i10,2015,50k-80k,<1000cc,Excellent (24+ km/l),Manual,Petrol,First Owner,Yes,No,Yes
Maruti Suzuki,WagonR,2023,0-20k,<1000cc,Good (18-24 km/l),Manual,Petrol,First Owner,Yes,No,Yes
Maruti Suzuki,Baleno,2019,80k-120k,<1000cc,Good (18-24 km/l),Manual,Petrol,Second Owner,No,No,No
Hyundai,i20,2020,50k-80k,1500-2000cc,Good (18-24 km/l),Manual,Diesel,Second Owner,Yes,Yes,No
Mahindra,Bolero,2022,0-20k,1000-1500cc,Excellent (24+ km/l),Manual,Electric,First Owner,Yes,No,Yes
Skoda,Rapid,2022,0-20k,1000-1500cc,Good (18-24 km/l),Automatic,Diesel,First Owner,No,No,Yes
Ford,Endeavour,2021,50k-80k,<1000cc,Excellent (24+ km/l),Manual,CNG,First Owner,Yes,No,Yes
Renault,Triber,2023,0-20k,1000-1500cc,Good (18-24 km/l),Automatic,Petrol,Second Owner,Yes,No,Yes
Tata,Punch,2023,0-20k,1500-2000cc,Good (18-24 km/l),Manual,Petrol,First Owner,Yes,No,Yes
Tata,Punch,2023,0-20k,1000-1500cc,Average (12-18 km/l),Automatic,Petrol,First Owner,No,No,Yes
Tata,Altroz,2022,0-20k,2000cc+,Average (12-18 km/l),Automatic,Petrol,First Owner,Yes,No,Yes
Hyundai,Verna,2021,20k-50k,1000-1500cc,Good (18-24 km/l),Automatic,Diesel,Third Owner,Yes,No,Yes
Maruti Suzuki,Alto,2021,20k-50k,1000-1500cc,Excellent (24+ km/l),Automatic,CNG,First Owner,Yes,No,Yes
Honda,WR-V,2011,20k-50k,1000-1500cc,Good (18-24 km/l),Manual,Petrol,Fourth & Above,No,Yes,No
Mercedes-Benz,GLA,2016,50k-80k,2000cc+,Average (12-18 km/l),Automatic,Petrol,Fourth & Above,No,No,No
Maruti Suzuki,Swift,2005,80k-120k,1000-1500cc,Good (18-24 km/l),Manual,Petrol,Second Owner,No,Yes,No
Maruti Suzuki,Dzire,2013,0-20k,<1000cc,Good (18-24 km/l),Manual,Diesel,Second Owner,No,No,Yes
Volkswagen,Taigun,2019,20k-50k,1000-1500cc,Good (18-24 km/l),Manual,Diesel,Second Owner,Yes,No,Yes
Hyundai,i10,2013,50k-80k,1000-1500cc,Good (18-24 km/l),Automatic,Petrol,Second Owner,Yes,Yes,No
Renault,Duster,2023,0-20k,1000-1500cc,Good (18-24 km/l),Automatic,Diesel,First Owner,Yes,No,Yes
Ford,EcoSport,2022,20k-50k,1000-1500cc,Good (18-24 km/l),Manual,Petrol,First Owner,Yes,No,Yes
Audi,A4,2010,20k-50k,2000cc+,Average (12-18 km/l),Manual,Petrol,Second Owner,No,No,No
Tata,Punch,2015,80k-120k,1500-2000cc,Excellent (24+ km/l),Manual,Diesel,First Owner,No,No,No
Toyota,Yaris,2022,0-20k,2000cc+,Average (12-18 km/l),Automatic,Petrol,First Owner,Yes,No,Yes
Mahindra,XUV300,2022,20k-50k,1000-1500cc,Excellent (24+ km/l),Manual,CNG,First Owner,Yes,No,Yes
Toyota,Fortuner,2023,0-20k,2000cc+,Excellent (24+ km/l),Automatic,CNG,First Owner,Yes,No,Yes
Mahindra,XUV500,2023,0-20k,1500-2000cc,Good (18-24 km/l),Manual,Petrol,Second Owner,Yes,No,Yes
Hyundai,Venue,2023,0-20k,1000-1500cc,Good (18-24 km/l),Manual,Petrol,First Owner,Yes,No,Yes
Mahindra,XUV300,2018,20k-50k,2000cc+,Average (12-18 km/l),Manual,Petrol,Third Owner,Yes,No,Yes
Mahindra,Thar,2016,20k-50k,1000-1500cc,Good (18-24 km/l),Manual,Petrol,First Owner,Yes,Yes,No
Renault,Duster,2022,20k-50k,1000-1500cc,Good (18-24 km/l),Automatic,Petrol,First Owner,Yes,No,Yes
Volkswagen,Taigun,2016,0-20k,1000-1500cc,Good (18-24 km/l),Manual,Petrol,First Owner,Yes,No,Yes
Toyota,Fortuner,2022,0-20k,1500-2000cc,Good (18-24 km/l),Automatic,CNG,First Owner,Yes,No,Yes
Maruti Suzuki,Dzire,2020,20k-50k,1000-1500cc,Good (18-24 km/l),Manual,Petrol,Second Owner,Yes,Yes,Yes
Ford,EcoSport,2022,20k-50k,1000-1500cc,Good (18-24 km/l),Manual,Petrol,Second Owner,Yes,Yes,Yes
Mahindra,XUV500,2016,20k-50k,2000cc+,Good (18-24 km/l),Manual,Diesel,Third Owner,Yes,No,Yes
Kia,Carens,2019,0-20k,1000-1500cc,Good (18-24 km/l),Automatic,Diesel,First Owner,No,No,Yes
BMW,5 Series,2020,20k-50k,2000cc+,Average (12-18 km/l),Automatic,Hybrid,First Owner,Yes,No,Yes
Maruti Suzuki,Dzire,2023,0-20k,1000-1500cc,Good (18-24 km/l),Automatic,Diesel,First Owner,Yes,No,Yes
Renault,Triber,2016,120k+,<1000cc,Good (18-24 km/l),Automatic,Petrol,Third Owner,Yes,Yes,No
Maruti Suzuki,Ertiga,2023,0-20k,1000-1500cc,Excellent (24+ km/l),Manual,Electric,First Owner,Yes,No,Yes
Tata,Tiago,2022,20k-50k,1500-2000cc,Good (18-24 km/l),Manual,Petrol,First Owner,Yes,No,Yes
Honda,Amaze,2022,20k-50k,<1000cc,Good (18-24 km/l),Manual,Diesel,First Owner,Yes,No,Yes
Maruti Suzuki,WagonR,2022,20k-50k,1000-1500cc,Good (18-24 km/l),Automatic,Petrol,First Owner,Yes,No,Yes
Volkswagen,Taigun,2020,80k-120k,1500-2000cc,Good (18-24 km/l),Automatic,Petrol,First Owner,Yes,Yes,Yes
Maruti Suzuki,Dzire,2015,50k-80k,1000-1500cc,Good (18-24 km/l),Manual,Diesel,First Owner,No,Yes,No
Maruti Suzuki,WagonR,2014,80k-120k,1500-2000cc,Average (12-18 km/l),Manual,Petrol,Second Owner,No,No,No
Honda,WR-V,2023,0-20k,<1000cc,Good (18-24 km/l),Automatic,Petrol,First Owner,Yes,No,Yes
Ford,EcoSport,2022,0-20k,1500-2000cc,Good (18-24 km/l),Manual,Diesel,First Owner,Yes,No,Yes
BMW,3 Series,2015,20k-50k,2000cc+,Good (18-24 km/l),Manual,Petrol,Third Owner,Yes,No,Yes
Ford,EcoSport,2021,20k-50k,1000-1500cc,Good (18-24 km/l),Manual,Petrol,First Owner,Yes,No,Yes
Toyota,Glanza,2019,50k-80k,1000-1500cc,Good (18-24 km/l),Manual,Petrol,Second Owner,Yes,No,Yes
Tata,Harrier,2013,80k-120k,1500-2000cc,Good (18-24 km/l),Manual,Diesel,First Owner,Yes,Yes,No
Maruti Suzuki,WagonR,2020,50k-80k,1000-1500cc,Good (18-24 km/l),Manual,Petrol,Fourth & Above,Yes,No,No
Maruti Suzuki,WagonR,2016,20k-50k,<1000cc,Excellent (24+ km/l),Automatic,Diesel,Second Owner,No,No,Yes
Honda,City,2011,20k-50k,1000-1500cc,Good (18-24 km/l),Manual,Petrol,Third Owner,No,Yes,No
Toyota,Innova,2019,20k-50k,2000cc+,Good (18-24 km/l),Manual,Petrol,First Owner,No,Yes,Yes
Tata,Tiago,2020,20k-50k,1000-1500cc,Good (18-24 km/l),Automatic,Petrol,First Owner,No,Yes,Yes
Volkswagen,Polo,2008,120k+,1000-1500cc,Excellent (24+ km/l),Manual,Diesel,Third Owner,No,Yes,No
Mahindra,Bolero,2018,120k+,2000cc+,Average (12-18 km/l),Manual,Petrol,First Owner,No,No,No
Maruti Suzuki,Alto,2016,50k-80k,1500-2000cc,Average (12-18 km/l),Manual,Petrol,Third Owner,Yes,No,No
Hyundai,Venue,2007,120k+,1000-1500cc,Good (18-24 km/l),Manual,Petrol,First Owner,No,Yes,No
Skoda,Rapid,2012,0-20k,<1000cc,Good (18-24 km/l),Manual,Diesel,Second Owner,No,No,Yes
Ford,EcoSport,2013,80k-120k,1000-1500cc,Good (18-24 km/l),Manual,Diesel,First Owner,No,Yes,No
Kia,Sonet,2014,20k-50k,1000-1500cc,Good (18-24 km/l),Manual,Petrol,Fourth & Above,No,No,No
Maruti Suzuki,Dzire,2022,0-20k,1000-1500cc,Average (12-18 km/l),Manual,Petrol,First Owner,Yes,No,Yes
Mercedes-Benz,GLA,2019,20k-50k,2000cc+,Good (18-24 km/l),Automatic,Diesel,First Owner,Yes,No,Yes
Hyundai,Creta,2013,120k+,1000-1500cc,Excellent (24+ km/l),Manual,CNG,Second Owner,Yes,Yes,No
Maruti Suzuki,Alto,2011,120k+,1500-2000cc,Good (18-24 km/l),Manual,Petrol,Fourth & Above,No,No,No
Mercedes-Benz,GLA,2016,120k+,2000cc+,Average (12-18 km/l),Manual,Diesel,Third Owner,Yes,Yes,No
Hyundai,Creta,2022,0-20k,1000-1500cc,Good (18-24 km/l),Automatic,Diesel,First Owner,Yes,No,Yes
Toyota,Yaris,2018,0-20k,1000-1500cc,Average (12-18 km/l),Automatic,Petrol,First Owner,No,No,Yes
Maruti Suzuki,Dzire,2013,80k-120k,1000-1500cc,Average (12-18 km/l),Manual,Petrol,Third Owner,Yes,No,No
Honda,WR-V,2018,20k-50k,1000-1500cc,Good (18-24 km/l),Automatic,Petrol,First Owner,Yes,No,Yes
Kia,Sonet,2020,20k-50k,1000-1500cc,Excellent (24+ km/l),Manual,Electric,Second Owner,Yes,Yes,Yes
Tata,Nexon,2007,20k-50k,2000cc+,Good (18-24 km/l),Manual,Diesel,Third Owner,No,No,No
Toyota,Glanza,2021,50k-80k,2000cc+,Good (18-24 km/l),Manual,Petrol,First Owner,Yes,Yes,Yes
Hyundai,i20,2018,50k-80k,1000-1500cc,Good (18-24 km/l),Automatic,Petrol,Third Owner,Yes,Yes,No
Toyota,Glanza,2006,80k-120k,1500-2000cc,Good (18-24 km/l),Manual,Diesel,Second Owner,No,Yes,No
Tata,Punch,2021,0-20k,2000cc+,Average (12-18 km/l),Automatic,Petrol,First Owner,No,No,Yes
Hyundai,i10,2021,20k-50k,1000-1500cc,Good (18-24 km/l),Manual,Petrol,First Owner,Yes,No,Yes
Hyundai,i10,2021,20k-50k,<1000cc,Good (18-24 km/l),Manual,Petrol,Second Owner,Yes,No,Yes
Maruti Suzuki,Alto,2017,20k-50k,1000-1500cc,Good (18-24 km/l),Manual,Petrol,First Owner,No,Yes,No
Kia,Sonet,2020,0-20k,1000-1500cc,Good (18-24 km/l),Manual,Petrol,First Owner,No,No,Yes
Tata,Harrier,2018,50k-80k,2000cc+,Good (18-24 km/l),Automatic,Diesel,First Owner,No,Yes,Yes
Hyundai,Venue,2021,20k-50k,<1000cc,Good (18-24 km/l),Automatic,Diesel,Second Owner,No,Yes,Yes
Mahindra,Bolero,2020,0-20k,2000cc+,Good (18-24 km/l),Automatic,Diesel,First Owner,Yes,No,Yes
Tata,Altroz,2010,120k+,1500-2000cc,Good (18-24 km/l),Manual,Diesel,First Owner,Yes,Yes,No
Volkswagen,Taigun,2021,20k-50k,1500-2000cc,Average (12-18 km/l),Manual,Petrol,First Owner,No,No,Yes
Audi,A4,2021,20k-50k,2000cc+,Good (18-24 km/l),Automatic,Petrol,First Owner,Yes,No,Yes
Mahindra,Thar,2018,80k-120k,1000-1500cc,Average (12-18 km/l),Automatic,Petrol,Second Owner,No,No,No
Skoda,Kushaq,2023,0-20k,1500-2000cc,Good (18-24 km/l),Manual,Petrol,First Owner,Yes,No,Yes
Honda,WR-V,2022,0-20k,1000-1500cc,Excellent (24+ km/l),Manual,CNG,First Owner,Yes,No,Yes
Maruti Suzuki,Alto,2014,0-20k,1000-1500cc,Good (18-24 km/l),Manual,Petrol,Second Owner,Yes,No,Yes
Ford,Figo,2023,0-20k,1000-1500cc,Good (18-24 km/l),Manual,Petrol,First Owner,Yes,Yes,Yes
Mahindra,Bolero,2019,50k-80k,2000cc+,Good (18-24 km/l),Automatic,Petrol,First Owner,Yes,No,Yes
Toyota,Fortuner,2022,0-20k,2000cc+,Good (18-24 km/l),Manual,Petrol,First Owner,Yes,No,Yes
Kia,Seltos,2022,0-20k,1000-1500cc,Good (18-24 km/l),Automatic,Petrol,Second Owner,Yes,No,Yes
Mahindra,XUV500,2019,50k-80k,2000cc+,Average (12-18 km/l),Manual,Petrol,Third Owner,Yes,Yes,No
Kia,Sonet,2018,50k-80k,<1000cc,Good (18-24 km/l),Manual,Petrol,Third Owner,Yes,No,No
Volkswagen,Taigun,2023,20k-50k,1000-1500cc,Good (18-24 km/l),Manual,Petrol,Second Owner,Yes,No,Yes
Mahindra,XUV300,2015,50k-80k,1500-2000cc,Good (18-24 km/l),Manual,Diesel,Third Owner,No,Yes,No
Honda,City,2016,80k-120k,<1000cc,Good (18-24 km/l),Manual,Diesel,Third Owner,No,Yes,No
Tata,Harrier,2018,20k-50k,1000-1500cc,Good (18-24 km/l),Automatic,Petrol,First Owner,Yes,No,Yes
Mercedes-Benz,C-Class,2023,0-20k,1500-2000cc,Average (12-18 km/l),Automatic,Diesel,First Owner,Yes,No,Yes
Toyota,Fortuner,2023,0-20k,2000cc+,Average (12-18 km/l),Automatic,Petrol,First Owner,Yes,No,Yes
Maruti Suzuki,Ertiga,2015,120k+,1000-1500cc,Good (18-24 km/l),Manual,Petrol,Third Owner,No,Yes,No
Tata,Altroz,2023,0-20k,1000-1500cc,Good (18-24 km/l),Manual,Diesel,First Owner,Yes,No,Yes
Toyota,Innova,2016,20k-50k,2000cc+,Average (12-18 km/l),Manual,Hybrid,Second Owner,Yes,No,Yes
Maruti Suzuki,Ertiga,2023,0-20k,1000-1500cc,Good (18-24 km/l),Manual,Petrol,First Owner,Yes,No,Yes
Maruti Suzuki,Dzire,2020,20k-50k,1000-1500cc,Good (18-24 km/l),Manual,Diesel,Second Owner,Yes,No,Yes
Mahindra,Thar,2005,20k-50k,1500-2000cc,Good (18-24 km/l),Manual,Diesel,Second Owner,No,Yes,No
Tata,Nexon,2008,120k+,1500-2000cc,Excellent (24+ km/l),Manual,Diesel,Second Owner,No,Yes,No
Mahindra,Scorpio,2013,80k-120k,2000cc+,Average (12-18 km/l),Manual,Petrol,Third Owner,No,Yes,No
Hyundai,i20,2014,20k-50k,1500-2000cc,Average (12-18 km/l),Automatic,Diesel,Third Owner,No,No,No
Maruti Suzuki,WagonR,2022,20k-50k,1000-1500cc,Good (18-24 km/l),Manual,Petrol,First Owner,Yes,No,Yes
Ford,Endeavour,2015,20k-50k,1000-1500cc,Average (12-18 km/l),Manual,Petrol,Third Owner,Yes,No,No
Mahindra,Thar,2023,0-20k,2000cc+,Average (12-18 km/l),Automatic,Diesel,First Owner,Yes,No,Yes
Hyundai,Venue,2021,0-20k,1000-1500cc,Average (12-18 km/l),Manual,Diesel,First Owner,Yes,No,Yes
Hyundai,Verna,2021,0-20k,1000-1500cc,Excellent (24+ km/l),Automatic,CNG,First Owner,No,No,Yes
Honda,Jazz,2015,50k-80k,<1000cc,Good (18-24 km/l),Manual,Petrol,First Owner,No,Yes,No
Maruti Suzuki,Dzire,2023,0-20k,1000-1500cc,Good (18-24 km/l),Manual,Petrol,First Owner,Yes,No,Yes
Maruti Suzuki,Swift,2021,20k-50k,1000-1500cc,Good (18-24 km/l),Automatic,Petrol,First Owner,No,Yes,No
Maruti Suzuki,Dzire,2023,0-20k,1000-1500cc,Excellent (24+ km/l),Manual,Petrol,First Owner,Yes,No,Yes
Renault,Kwid,2023,0-20k,1000-1500cc,Good (18-24 km/l),Manual,Petrol,First Owner,Yes,No,Yes
Volkswagen,Vento,2012,20k-50k,1000-1500cc,Good (18-24 km/l),Manual,Diesel,Third Owner,Yes,No,No
Volkswagen,Vento,2011,120k+,1000-1500cc,Good (18-24 km/l),Automatic,Petrol,Third Owner,No,Yes,No
Ford,Figo,2022,0-20k,1000-1500cc,Good (18-24 km/l),Manual,Diesel,First Owner,Yes,Yes,Yes
Toyota,Glanza,2023,0-20k,1500-2000cc,Average (12-18 km/l),Automatic,Petrol,First Owner,Yes,No,Yes
Mahindra,Bolero,2020,20k-50k,1500-2000cc,Good (18-24 km/l),Manual,Petrol,First Owner,Yes,No,Yes
Toyota,Fortuner,2018,50k-80k,1000-1500cc,Good (18-24 km/l),Automatic,Diesel,First Owner,Yes,Yes,Yes
Maruti Suzuki,Swift,2021,0-20k,<1000cc,Good (18-24 km/l),Manual,Petrol,First Owner,Yes,No,Yes
Toyota,Fortuner,2017,20k-50k,1500-2000cc,Good (18-24 km/l),Manual,Petrol,Second Owner,Yes,Yes,No
Volkswagen,Taigun,2015,0-20k,1000-1500cc,Good (18-24 km/l),Manual,Diesel,First Owner,Yes,No,Yes
Mahindra,Thar,2019,20k-50k,2000cc+,Good (18-24 km/l),Manual,Diesel,First Owner,Yes,No,Yes
Tata,Harrier,2015,80k-120k,2000cc+,Average (12-18 km/l),Manual,Petrol,Third Owner,No,Yes,No
Hyundai,i10,2019,20k-50k,<1000cc,Good (18-24 km/l),Manual,Petrol,Second Owner,Yes,Yes,Yes
Toyota,Yaris,2023,0-20k,1000-1500cc,Good (18-24 km/l),Automatic,Hybrid,First Owner,Yes,No,Yes
Ford,EcoSport,2022,20k-50k,1000-1500cc,Good (18-24 km/l),Manual,Diesel,First Owner,Yes,No,Yes
Kia,Sonet,2023,0-20k,1000-1500cc,Good (18-24 km/l),Automatic,Diesel,First Owner,Yes,No,Yes
Tata,Nexon,2022,20k-50k,2000cc+,Average (12-18 km/l),Manual,Petrol,First Owner,Yes,No,Yes
Volkswagen,Polo,2017,120k+,1000-1500cc,Good (18-24 km/l),Manual,Diesel,Second Owner,Yes,Yes,No
Honda,Amaze,2022,20k-50k,1000-1500cc,Good (18-24 km/l),Manual,Hybrid,First Owner,Yes,Yes,Yes
Kia,Sonet,2023,0-20k,1000-1500cc,Excellent (24+ km/l),Manual,Diesel,First Owner,Yes,No,Yes
Mahindra,Bolero,2023,0-20k,1500-2000cc,Good (18-24 km/l),Automatic,Petrol,Second Owner,Yes,No,Yes
Mahindra,Thar,2021,0-20k,1500-2000cc,Excellent (24+ km/l),Manual,Electric,First Owner,Yes,Yes,Yes
Honda,Amaze,2015,120k+,1000-1500cc,Good (18-24 km/l),Manual,Diesel,First Owner,No,Yes,No
Volkswagen,Taigun,2008,20k-50k,1000-1500cc,Good (18-24 km/l),Manual,Petrol,First Owner,No,Yes,No
Audi,Q3,2013,80k-120k,1500-2000cc,Good (18-24 km/l),Automatic,Diesel,First Owner,Yes,No,No
Maruti Suzuki,Baleno,2023,0-20k,1000-1500cc,Good (18-24 km/l),Automatic,Petrol,First Owner,Yes,No,Yes
Maruti Suzuki,Alto,2019,20k-50k,1000-1500cc,Good (18-24 km/l),Manual,Diesel,First Owner,Yes,Yes,No
BMW,X1,2023,0-20k,2000cc+,Average (12-18 km/l),Automatic,Diesel,First Owner,Yes,No,Yes
Mahindra,Bolero,2019,50k-80k,1000-1500cc,Good (18-24 km/l),Manual,Diesel,Second Owner,Yes,Yes,Yes
Toyota,Fortuner,2021,20k-50k,2000cc+,Average (12-18 km/l),Automatic,Petrol,First Owner,No,No,Yes
Mahindra,Scorpio,2007,120k+,1500-2000cc,Good (18-24 km/l),Automatic,CNG,Second Owner,No,No,No
Maruti Suzuki,Swift,2016,120k+,1500-2000cc,Excellent (24+ km/l),Manual,CNG,First Owner,Yes,Yes,No
Volkswagen,Vento,2019,20k-50k,1000-1500cc,Good (18-24 km/l),Manual,Petrol,First Owner,Yes,No,Yes
Volkswagen,Polo,2021,20k-50k,<1000cc,Average (12-18 km/l),Automatic,Petrol,First Owner,Yes,Yes,Yes
Hyundai,i10,2014,50k-80k,1000-1500cc,Good (18-24 km/l),Manual,Hybrid,Third Owner,No,No,No
Hyundai,Creta,2022,0-20k,1000-1500cc,Average (12-18 km/l),Manual,Petrol,First Owner,Yes,No,Yes
Skoda,Kushaq,2018,20k-50k,1500-2000cc,Good (18-24 km/l),Manual,Petrol,First Owner,Yes,No,Yes
Maruti Suzuki,Alto,2022,0-20k,1000-1500cc,Average (12-18 km/l),Automatic,Petrol,First Owner,Yes,No,Yes
Kia,Carens,2011,20k-50k,1000-1500cc,Good (18-24 km/l),Manual,Petrol,Fourth & Above,No,Yes,No
Hyundai,i20,2021,20k-50k,1500-2000cc,Average (12-18 km/l),Automatic,Petrol,First Owner,No,No,Yes
Honda,Amaze,2016,50k-80k,1000-1500cc,Excellent (24+ km/l),Manual,Diesel,Second Owner,Yes,No,Yes
BMW,3 Series,2022,20k-50k,2000cc+,Low (<12 km/l),Automatic,Petrol,First Owner,Yes,Yes,Yes
Toyota,Fortuner,2018,80k-120k,2000cc+,Good (18-24 km/l),Manual,Diesel,First Owner,Yes,Yes,No
Tata,Punch,2021,0-20k,1000-1500cc,Average (12-18 km/l),Manual,Petrol,First Owner,Yes,No,Yes
Ford,Endeavour,2023,0-20k,1000-1500cc,Good (18-24 km/l),Automatic,Petrol,First Owner,Yes,No,Yes
Tata,Harrier,2007,120k+,1000-1500cc,Good (18-24 km/l),Manual,Diesel,Second Owner,No,No,No
Hyundai,Venue,2006,80k-120k,1000-1500cc,Excellent (24+ km/l),Manual,Diesel,Second Owner,No,Yes,No
Mercedes-Benz,C-Class,2022,0-20k,1500-2000cc,Good (18-24 km/l),Automatic,Diesel,Second Owner,Yes,No,Yes
Volkswagen,Taigun,2021,0-20k,1500-2000cc,Average (12-18 km/l),Manual,Petrol,Third Owner,Yes,Yes,Yes
Toyota,Innova,2016,120k+,2000cc+,Good (18-24 km/l),Manual,Petrol,Third Owner,No,Yes,No
Tata,Punch,2019,50k-80k,2000cc+,Average (12-18 km/l),Manual,Petrol,First Owner,Yes,No,Yes
Maruti Suzuki,Ertiga,2008,120k+,1500-2000cc,Excellent (24+ km/l),Manual,Diesel,Fourth & Above,No,No,No
Maruti Suzuki,Dzire,2014,50k-80k,1000-1500cc,Good (18-24 km/l),Manual,Petrol,Third Owner,Yes,Yes,No
Honda,Amaze,2018,20k-50k,1000-1500cc,Good (18-24 km/l),Manual,Hybrid,First Owner,Yes,No,Yes
Volkswagen,Polo,2022,0-20k,<1000cc,Good (18-24 km/l),Automatic,Diesel,First Owner,Yes,No,Yes
Honda,City,2019,20k-50k,1000-1500cc,Good (18-24 km/l),Manual,Petrol,Third Owner,Yes,Yes,No
Skoda,Octavia,2020,0-20k,1000-1500cc,Excellent (24+ km/l),Automatic,CNG,First Owner,Yes,Yes,No
Maruti Suzuki,Swift,2023,0-20k,1000-1500cc,Good (18-24 km/l),Manual,Petrol,First Owner,Yes,Yes,Yes
Tata,Nexon,2017,50k-80k,2000cc+,Good (18-24 km/l),Manual,Petrol,First Owner,No,Yes,No
Hyundai,i20,2021,20k-50k,1500-2000cc,Good (18-24 km/l),Manual,Petrol,First Owner,Yes,No,Yes
Mahindra,XUV300,2023,0-20k,1000-1500cc,Good (18-24 km/l),Automatic,Petrol,First Owner,Yes,No,Yes
Maruti Suzuki,Ertiga,2014,120k+,1500-2000cc,Good (18-24 km/l),Manual,Petrol,Fourth & Above,No,No,No
Audi,Q3,2017,20k-50k,2000cc+,Good (18-24 km/l),Manual,Petrol,Second Owner,No,Yes,No
Hyundai,i10,2023,0-20k,1500-2000cc,Good (18-24 km/l),Automatic,Diesel,First Owner,Yes,No,Yes
BMW,3 Series,2023,0-20k,1500-2000cc,Average (12-18 km/l),Automatic,Petrol,First Owner,No,No,Yes
Tata,Altroz,2015,20k-50k,1000-1500cc,Good (18-24 km/l),Manual,Diesel,First Owner,Yes,No,Yes
Mercedes-Benz,GLA,2010,50k-80k,2000cc+,Average (12-18 km/l),Automatic,Petrol,Third Owner,Yes,Yes,No
Honda,Jazz,2016,50k-80k,1500-2000cc,Good (18-24 km/l),Manual,Diesel,Second Owner,No,No,Yes
BMW,X1,2018,20k-50k,2000cc+,Average (12-18 km/l),Automatic,Petrol,Fourth & Above,No,No,Yes
Maruti Suzuki,Alto,2019,120k+,<1000cc,Excellent (24+ km/l),Automatic,CNG,First Owner,Yes,Yes,No
Volkswagen,Polo,2021,20k-50k,1500-2000cc,Good (18-24 km/l),Manual,Hybrid,First Owner,Yes,No,Yes
Kia,Sonet,2023,0-20k,1000-1500cc,Excellent (24+ km/l),Automatic,CNG,First Owner,Yes,No,Yes
Maruti Suzuki,Dzire,2017,20k-50k,1000-1500cc,Average (12-18 km/l),Automatic,Petrol,Third Owner,Yes,No,No
Maruti Suzuki,Dzire,2023,0-20k,1000-1500cc,Good (18-24 km/l),Manual,Petrol,First Owner,No,No,Yes
Tata,Altroz,2011,120k+,1000-1500cc,Good (18-24 km/l),Manual,Petrol,Second Owner,Yes,No,No
BMW,3 Series,2008,20k-50k,2000cc+,Good (18-24 km/l),Automatic,Diesel,First Owner,Yes,Yes,No
Honda,WR-V,2019,80k-120k,1000-1500cc,Good (18-24 km/l),Manual,Petrol,Second Owner,No,Yes,No
Mahindra,Thar,2009,120k+,1000-1500cc,Good (18-24 km/l),Manual,Diesel,Third Owner,No,No,No
Maruti Suzuki,Swift,2018,50k-80k,1500-2000cc,Good (18-24 km/l),Automatic,Diesel,First Owner,Yes,No,Yes
Maruti Suzuki,Swift,2023,20k-50k,<1000cc,Good (18-24 km/l),Automatic,Petrol,First Owner,Yes,No,Yes
Renault,Kwid,2015,50k-80k,<1000cc,Good (18-24 km/l),Automatic,Diesel,Second Owner,Yes,No,No
Maruti Suzuki,Dzire,2021,0-20k,1500-2000cc,Average (12-18 km/l),Manual,Petrol,First Owner,Yes,Yes,Yes
Toyota,Innova,2017,20k-50k,1000-1500cc,Good (18-24 km/l),Manual,Petrol,Fourth & Above,Yes,No,Yes
BMW,3 Series,2008,120k+,1500-2000cc,Good (18-24 km/l),Manual,Petrol,Third Owner,No,Yes,No
Hyundai,i10,2020,20k-50k,1000-1500cc,Good (18-24 km/l),Manual,Petrol,First Owner,Yes,No,Yes
Toyota,Innova,2022,20k-50k,1000-1500cc,Good (18-24 km/l),Manual,Petrol,Second Owner,No,No,Yes
Maruti Suzuki,Baleno,2018,0-20k,1000-1500cc,Good (18-24 km/l),Manual,Diesel,First Owner,Yes,No,Yes
Honda,Amaze,2021,20k-50k,1000-1500cc,Excellent (24+ km/l),Manual,Electric,Second Owner,Yes,No,Yes
Maruti Suzuki,Baleno,2023,0-20k,1000-1500cc,Good (18-24 km/l),Automatic,Diesel,First Owner,Yes,No,Yes
Volkswagen,Vento,2022,0-20k,1000-1500cc,Good (18-24 km/l),Automatic,Petrol,First Owner,Yes,No,Yes
Hyundai,Verna,2014,20k-50k,1000-1500cc,Good (18-24 km/l),Manual,Petrol,First Owner,Yes,No,Yes
Mahindra,XUV500,2022,0-20k,2000cc+,Good (18-24 km/l),Manual,Diesel,First Owner,Yes,No,Yes
Honda,WR-V,2019,20k-50k,1000-1500cc,Excellent (24+ km/l),Manual,CNG,First Owner,No,Yes,Yes
Maruti Suzuki,WagonR,2022,20k-50k,1000-1500cc,Good (18-24 km/l),Manual,Petrol,First Owner,Yes,No,Yes
Volkswagen,Taigun,2019,0-20k,1000-1500cc,Good (18-24 km/l),Manual,Petrol,First Owner,Yes,No,Yes
Hyundai,Venue,2012,50k-80k,1000-1500cc,Excellent (24+ km/l),Manual,Petrol,Third Owner,Yes,Yes,No
Toyota,Fortuner,2020,20k-50k,2000cc+,Good (18-24 km/l),Automatic,CNG,Second Owner,Yes,Yes,No
Maruti Suzuki,Swift,2019,50k-80k,1000-1500cc,Excellent (24+ km/l),Manual,Diesel,First Owner,Yes,Yes,No
Ford,EcoSport,2020,20k-50k,1000-1500cc,Good (18-24 km/l),Automatic,Diesel,First Owner,No,No,Yes
Maruti Suzuki,Alto,2023,0-20k,1000-1500cc,Good (18-24 km/l),Automatic,Petrol,First Owner,Yes,No,Yes
Tata,Altroz,2023,0-20k,1500-2000cc,Average (12-18 km/l),Automatic,Petrol,First Owner,Yes,No,Yes
Hyundai,i20,2019,0-20k,1000-1500cc,Good (18-24 km/l),Manual,Diesel,First Owner,Yes,No,Yes
Volkswagen,Polo,2019,20k-50k,<1000cc,Excellent (24+ km/l),Manual,Diesel,First Owner,Yes,No,Yes
Hyundai,Venue,2020,20k-50k,1000-1500cc,Excellent (24+ km/l),Manual,CNG,First Owner,Yes,No,Yes
Kia,Seltos,2020,20k-50k,1000-1500cc,Good (18-24 km/l),Manual,Diesel,Second Owner,Yes,No,Yes
Kia,Carens,2023,0-20k,1000-1500cc,Good (18-24 km/l),Manual,Petrol,First Owner,Yes,No,Yes
Hyundai,i20,2021,20k-50k,<1000cc,Good (18-24 km/l),Manual,Diesel,First Owner,Yes,No,Yes
Toyota,Yaris,2016,80k-120k,1500-2000cc,Good (18-24 km/l),Manual,Diesel,Third Owner,Yes,No,No
Maruti Suzuki,Baleno,2020,20k-50k,1500-2000cc,Good (18-24 km/l),Automatic,Diesel,Third Owner,Yes,No,Yes
Tata,Nexon,2021,0-20k,1000-1500cc,Excellent (24+ km/l),Automatic,Electric,First Owner,Yes,No,Yes
Ford,Endeavour,2021,50k-80k,1000-1500cc,Good (18-24 km/l),Automatic,Petrol,First Owner,Yes,No,Yes
Toyota,Glanza,2020,0-20k,1500-2000cc,Average (12-18 km/l),Manual,Diesel,Third Owner,Yes,No,Yes
Toyota,Fortuner,2014,20k-50k,1500-2000cc,Average (12-18 km/l),Manual,Petrol,Second Owner,No,No,No
Hyundai,i20,2008,120k+,1500-2000cc,Good (18-24 km/l),Manual,Petrol,Third Owner,Yes,Yes,No
Tata,Tiago,2017,20k-50k,2000cc+,Average (12-18 km/l),Manual,Petrol,Second Owner,No,No,Yes
Maruti Suzuki,Ertiga,2018,80k-120k,1000-1500cc,Good (18-24 km/l),Manual,Diesel,Second Owner,No,Yes,No
Ford,EcoSport,2009,80k-120k,1000-1500cc,Excellent (24+ km/l),Manual,CNG,Third Owner,Yes,No,No
Mahindra,Thar,2022,20k-50k,2000cc+,Average (12-18 km/l),Automatic,Petrol,First Owner,Yes,No,Yes
Ford,EcoSport,2017,20k-50k,1000-1500cc,Good (18-24 km/l),Manual,Diesel,First Owner,Yes,Yes,Yes
Hyundai,Creta,2023,0-20k,<1000cc,Good (18-24 km/l),Manual,Petrol,First Owner,Yes,No,Yes
Tata,Punch,2013,120k+,1500-2000cc,Average (12-18 km/l),Manual,Petrol,Third Owner,Yes,No,No
Tata,Nexon,2009,120k+,1500-2000cc,Average (12-18 km/l),Automatic,Diesel,Fourth & Above,No,Yes,No
Maruti Suzuki,Swift,2019,0-20k,1000-1500cc,Good (18-24 km/l),Manual,Petrol,Second Owner,No,No,Yes
Tata,Harrier,2014,50k-80k,1000-1500cc,Good (18-24 km/l),Manual,Petrol,Second Owner,Yes,Yes,No
Renault,Kwid,2023,0-20k,1000-1500cc,Excellent (24+ km/l),Manual,CNG,First Owner,No,Yes,Yes
Kia,Carens,2006,0-20k,<1000cc,Good (18-24 km/l),Manual,Diesel,First Owner,Yes,No,Yes
Mahindra,XUV500,2018,20k-50k,1000-1500cc,Excellent (24+ km/l),Manual,CNG,First Owner,No,Yes,No
Mahindra,Scorpio,2023,0-20k,2000cc+,Good (18-24 km/l),Manual,Diesel,First Owner,Yes,No,Yes
Maruti Suzuki,Ertiga,2018,0-20k,1000-1500cc,Excellent (24+ km/l),Manual,CNG,First Owner,No,No,Yes
Kia,Seltos,2011,120k+,1000-1500cc,Good (18-24 km/l),Automatic,Petrol,First Owner,No,No,No
Maruti Suzuki,WagonR,2017,20k-50k,1000-1500cc,Good (18-24 km/l),Manual,Hybrid,First Owner,Yes,Yes,Yes
BMW,3 Series,2019,80k-120k,2000cc+,Good (18-24 km/l),Automatic,Diesel,First Owner,Yes,No,Yes
Mahindra,XUV300,2014,20k-50k,1500-2000cc,Good (18-24 km/l),Manual,Petrol,Second Owner,No,Yes,No
Tata,Tiago,2019,50k-80k,1500-2000cc,Excellent (24+ km/l),Manual,CNG,First Owner,Yes,No,Yes
BMW,X1,2022,0-20k,2000cc+,Average (12-18 km/l),Automatic,Diesel,Second Owner,No,No,Yes
Maruti Suzuki,Baleno,2023,0-20k,1000-1500cc,Good (18-24 km/l),Automatic,Diesel,Second Owner,Yes,No,Yes
Honda,Amaze,2009,80k-120k,1000-1500cc,Good (18-24 km/l),Manual,Petrol,First Owner,No,No,No
Honda,Jazz,2013,80k-120k,1000-1500cc,Good (18-24 km/l),Automatic,Petrol,Fourth & Above,No,No,No
Hyundai,i10,2016,80k-120k,1000-1500cc,Excellent (24+ km/l),Manual,Diesel,First Owner,Yes,Yes,No
Tata,Altroz,2020,50k-80k,1500-2000cc,Good (18-24 km/l),Manual,Petrol,First Owner,Yes,Yes,Yes
Toyota,Fortuner,2018,20k-50k,2000cc+,Excellent (24+ km/l),Manual,Petrol,Second Owner,No,No,Yes
Ford,Figo,2022,20k-50k,1500-2000cc,Good (18-24 km/l),Automatic,Petrol,First Owner,Yes,No,Yes
Maruti Suzuki,Dzire,2021,20k-50k,1000-1500cc,Excellent (24+ km/l),Manual,Diesel,First Owner,Yes,No,Yes
BMW,X1,2011,120k+,2000cc+,Good (18-24 km/l),Manual,Petrol,Fourth & Above,No,No,No
Maruti Suzuki,Baleno,2021,20k-50k,<1000cc,Good (18-24 km/l),Manual,Diesel,First Owner,Yes,No,Yes
Hyundai,Venue,2012,0-20k,1000-1500cc,Good (18-24 km/l),Manual,Diesel,Fourth & Above,Yes,Yes,No
Hyundai,Venue,2016,120k+,1000-1500cc,Good (18-24 km/l),Manual,Petrol,Fourth & Above,Yes,Yes,No
Maruti Suzuki,Baleno,2014,80k-120k,<1000cc,Average (12-18 km/l),Manual,Petrol,Fourth & Above,No,Yes,No
Maruti Suzuki,Swift,2014,20k-50k,1500-2000cc,Good (18-24 km/l),Manual,Petrol,Second Owner,Yes,Yes,No
Mercedes-Benz,GLA,2021,0-20k,2000cc+,Excellent (24+ km/l),Automatic,Electric,First Owner,Yes,No,Yes
Hyundai,Verna,2020,50k-80k,1000-1500cc,Good (18-24 km/l),Manual,Petrol,Third Owner,No,No,Yes
Maruti Suzuki,Baleno,2014,20k-50k,1000-1500cc,Good (18-24 km/l),Manual,Diesel,First Owner,No,Yes,No
Maruti Suzuki,Alto,2023,0-20k,1000-1500cc,Excellent (24+ km/l),Manual,Diesel,First Owner,Yes,No,Yes
Ford,Figo,2018,20k-50k,1000-1500cc,Excellent (24+ km/l),Manual,Petrol,First Owner,Yes,No,Yes
Skoda,Octavia,2011,80k-120k,1000-1500cc,Good (18-24 km/l),Manual,Diesel,Fourth & Above,Yes,No,No
Hyundai,i20,2012,0-20k,1000-1500cc,Good (18-24 km/l),Manual,Petrol,First Owner,Yes,Yes,No
Maruti Suzuki,Alto,2020,50k-80k,<1000cc,Good (18-24 km/l),Manual,Petrol,Second Owner,Yes,No,Yes
Hyundai,Creta,2023,0-20k,1000-1500cc,Good (18-24 km/l),Automatic,Petrol,First Owner,Yes,No,Yes
Maruti Suzuki,Swift,2020,20k-50k,1000-1500cc,Average (12-18 km/l),Automatic,Petrol,First Owner,Yes,No,Yes
Maruti Suzuki,Ertiga,2023,0-20k,1000-1500cc,Good (18-24 km/l),Manual,Petrol,First Owner,Yes,No,Yes
Mahindra,Thar,2019,50k-80k,1500-2000cc,Good (18-24 km/l),Manual,Petrol,First Owner,No,Yes,No
Hyundai,i10,2019,0-20k,1000-1500cc,Excellent (24+ km/l),Manual,Diesel,First Owner,Yes,No,Yes
Mahindra,XUV500,2019,0-20k,1000-1500cc,Average (12-18 km/l),Automatic,Petrol,First Owner,No,No,Yes
Hyundai,i20,2021,20k-50k,1000-1500cc,Good (18-24 km/l),Automatic,Diesel,First Owner,Yes,No,Yes
BMW,X1,2018,20k-50k,1500-2000cc,Average (12-18 km/l),Automatic,Petrol,First Owner,No,No,Yes
Kia,Sonet,2023,0-20k,1000-1500cc,Good (18-24 km/l),Manual,Petrol,Second Owner,Yes,No,Yes
Honda,City,2007,50k-80k,<1000cc,Excellent (24+ km/l),Manual,Diesel,Second Owner,No,Yes,No
Tata,Punch,2019,0-20k,1000-1500cc,Good (18-24 km/l),Manual,Diesel,First Owner,Yes,No,Yes
Tata,Harrier,2019,20k-50k,1000-1500cc,Good (18-24 km/l),Automatic,Petrol,First Owner,Yes,No,Yes
Tata,Altroz,2021,20k-50k,1500-2000cc,Good (18-24 km/l),Automatic,Diesel,First Owner,No,Yes,Yes
Ford,EcoSport,2016,20k-50k,1000-1500cc,Good (18-24 km/l),Automatic,Petrol,First Owner,No,No,Yes
Mahindra,XUV300,2018,80k-120k,1000-1500cc,Good (18-24 km/l),Manual,Petrol,Second Owner,No,No,No
Skoda,Kushaq,2019,20k-50k,1000-1500cc,Average (12-18 km/l),Automatic,Diesel,Second Owner,Yes,Yes,Yes
BMW,5 Series,2021,20k-50k,2000cc+,Average (12-18 km/l),Manual,Petrol,First Owner,Yes,Yes,Yes
Tata,Harrier,2022,0-20k,2000cc+,Good (18-24 km/l),Manual,Petrol,First Owner,Yes,No,Yes
Honda,Jazz,2022,0-20k,1500-2000cc,Good (18-24 km/l),Automatic,Petrol,First Owner,No,No,Yes
Maruti Suzuki,Swift,2017,20k-50k,1000-1500cc,Good (18-24 km/l),Automatic,Petrol,Fourth & Above,No,No,Yes
Hyundai,i20,2023,0-20k,1500-2000cc,Good (18-24 km/l),Automatic,Diesel,First Owner,No,No,Yes
Tata,Punch,2023,0-20k,2000cc+,Average (12-18 km/l),Manual,Petrol,First Owner,Yes,No,Yes
Hyundai,Venue,2016,0-20k,1500-2000cc,Good (18-24 km/l),Manual,Diesel,Third Owner,Yes,No,Yes
Kia,Seltos,2014,20k-50k,<1000cc,Good (18-24 km/l),Manual,Petrol,First Owner,No,No,Yes
Maruti Suzuki,Baleno,2017,50k-80k,1000-1500cc,Good (18-24 km/l),Manual,Petrol,First Owner,Yes,No,Yes
Mahindra,Bolero,2019,0-20k,1500-2000cc,Good (18-24 km/l),Automatic,Diesel,Second Owner,Yes,No,Yes
Honda,WR-V,2023,0-20k,1000-1500cc,Good (18-24 km/l),Automatic,Petrol,First Owner,No,No,Yes
Ford,Endeavour,2022,0-20k,1000-1500cc,Excellent (24+ km/l),Automatic,CNG,Second Owner,Yes,No,Yes
Tata,Nexon,2023,0-20k,2000cc+,Good (18-24 km/l),Automatic,Diesel,First Owner,Yes,No,Yes
Skoda,Rapid,2016,0-20k,1500-2000cc,Good (18-24 km/l),Manual,Petrol,Second Owner,No,No,Yes
Honda,WR-V,2020,20k-50k,1500-2000cc,Average (12-18 km/l),Automatic,Petrol,First Owner,No,No,Yes
Mahindra,XUV500,2016,120k+,2000cc+,Average (12-18 km/l),Manual,Petrol,First Owner,No,No,No
Maruti Suzuki,Swift,2012,120k+,1000-1500cc,Good (18-24 km/l),Manual,Diesel,Fourth & Above,No,No,No
Mahindra,Bolero,2021,0-20k,1500-2000cc,Good (18-24 km/l),Manual,Petrol,Second Owner,No,No,Yes
Renault,Duster,2013,80k-120k,1000-1500cc,Good (18-24 km/l),Manual,Petrol,Third Owner,Yes,No,No
Toyota,Glanza,2021,0-20k,2000cc+,Average (12-18 km/l),Manual,Petrol,Third Owner,Yes,No,Yes
Skoda,Rapid,2021,0-20k,1000-1500cc,Good (18-24 km/l),Automatic,Petrol,First Owner,Yes,No,Yes
Mahindra,Bolero,2022,0-20k,2000cc+,Average (12-18 km/l),Manual,Petrol,First Owner,Yes,No,Yes
Maruti Suzuki,Dzire,2013,120k+,1500-2000cc,Excellent (24+ km/l),Manual,CNG,Second Owner,Yes,No,Yes
Maruti Suzuki,Alto,2022,0-20k,1000-1500cc,Good (18-24 km/l),Automatic,Diesel,First Owner,Yes,No,Yes
Hyundai,Verna,2023,0-20k,<1000cc,Good (18-24 km/l),Manual,Diesel,First Owner,Yes,No,Yes
Ford,EcoSport,2023,0-20k,1000-1500cc,Good (18-24 km/l),Automatic,Diesel,First Owner,Yes,No,Yes
Renault,Kwid,2022,0-20k,1000-1500cc,Good (18-24 km/l),Automatic,Petrol,First Owner,Yes,No,Yes
Hyundai,i20,2021,0-20k,1000-1500cc,Good (18-24 km/l),Automatic,Hybrid,Third Owner,Yes,No,Yes
Mahindra,XUV300,2018,0-20k,2000cc+,Average (12-18 km/l),Automatic,Petrol,First Owner,Yes,No,Yes
Tata,Harrier,2022,0-20k,2000cc+,Average (12-18 km/l),Manual,Petrol,First Owner,Yes,No,Yes
Tata,Punch,2022,0-20k,2000cc+,Good (18-24 km/l),Manual,Petrol,First Owner,No,Yes,Yes
Hyundai,Creta,2021,20k-50k,1000-1500cc,Good (18-24 km/l),Automatic,Diesel,First Owner,No,Yes,Yes
Maruti Suzuki,Alto,2022,20k-50k,<1000cc,Good (18-24 km/l),Manual,Petrol,First Owner,Yes,No,Yes
Hyundai,Verna,2019,20k-50k,1000-1500cc,Good (18-24 km/l),Manual,Diesel,Second Owner,Yes,No,Yes
Maruti Suzuki,WagonR,2012,80k-120k,1500-2000cc,Average (12-18 km/l),Manual,Petrol,Second Owner,No,Yes,No
Hyundai,Creta,2020,20k-50k,1000-1500cc,Good (18-24 km/l),Manual,Diesel,First Owner,Yes,No,Yes
Maruti Suzuki,Swift,2016,20k-50k,<1000cc,Good (18-24 km/l),Manual,Diesel,Third Owner,No,No,No
Toyota,Innova,2018,20k-50k,1000-1500cc,Excellent (24+ km/l),Manual,CNG,First Owner,No,No,Yes
Hyundai,Venue,2006,80k-120k,1500-2000cc,Good (18-24 km/l),Manual,Diesel,Fourth & Above,No,Yes,No
Audi,Q3,2018,50k-80k,2000cc+,Good (18-24 km/l),Manual,Diesel,First Owner,Yes,Yes,Yes
Hyundai,Venue,2022,20k-50k,1000-1500cc,Good (18-24 km/l),Automatic,Hybrid,First Owner,Yes,No,Yes
Tata,Altroz,2020,20k-50k,1000-1500cc,Good (18-24 km/l),Manual,Diesel,Second Owner,Yes,No,Yes
Tata,Nexon,2006,120k+,1500-2000cc,Good (18-24 km/l),Manual,Diesel,Fourth & Above,No,Yes,No
Maruti Suzuki,Baleno,2019,20k-50k,1000-1500cc,Good (18-24 km/l),Manual,Petrol,First Owner,Yes,No,Yes
Skoda,Kushaq,2016,0-20k,1500-2000cc,Good (18-24 km/l),Manual,Petrol,Second Owner,Yes,No,Yes
Maruti Suzuki,Ertiga,2019,20k-50k,1000-1500cc,Average (12-18 km/l),Manual,Petrol,First Owner,Yes,No,Yes
BMW,5 Series,2018,50k-80k,2000cc+,Good (18-24 km/l),Automatic,Diesel,Second Owner,Yes,No,Yes
Kia,Carens,2023,0-20k,1000-1500cc,Good (18-24 km/l),Manual,Petrol,First Owner,Yes,No,Yes
Honda,Jazz,2008,120k+,1000-1500cc,Good (18-24 km/l),Manual,Petrol,Fourth & Above,No,Yes,No
Honda,WR-V,2021,20k-50k,1000-1500cc,Good (18-24 km/l),Manual,Petrol,Second Owner,No,No,Yes
Toyota,Innova,2023,0-20k,1000-1500cc,Good (18-24 km/l),Automatic,Petrol,First Owner,Yes,No,Yes
Tata,Punch,2023,0-20k,1000-1500cc,Good (18-24 km/l),Automatic,Petrol,First Owner,Yes,No,Yes
Toyota,Glanza,2014,20k-50k,2000cc+,Good (18-24 km/l),Manual,Diesel,Second Owner,No,No,Yes
Maruti Suzuki,Baleno,2020,50k-80k,1500-2000cc,Good (18-24 km/l),Manual,Petrol,Second Owner,Yes,Yes,Yes
Maruti Suzuki,WagonR,2008,20k-50k,1000-1500cc,Good (18-24 km/l),Automatic,Petrol,Second Owner,No,Yes,No
Mahindra,Bolero,2019,20k-50k,2000cc+,Average (12-18 km/l),Manual,Petrol,Second Owner,Yes,No,Yes
Honda,Amaze,2012,50k-80k,1000-1500cc,Good (18-24 km/l),Automatic,Petrol,First Owner,Yes,No,Yes
Kia,Carens,2022,0-20k,1500-2000cc,Average (12-18 km/l),Manual,Petrol,First Owner,Yes,No,Yes
Maruti Suzuki,Swift,2012,120k+,<1000cc,Good (18-24 km/l),Manual,Petrol,Second Owner,Yes,Yes,No
Renault,Duster,2020,20k-50k,1000-1500cc,Average (12-18 km/l),Manual,Petrol,Second Owner,Yes,No,Yes
Hyundai,Verna,2020,0-20k,1000-1500cc,Good (18-24 km/l),Manual,Petrol,Second Owner,Yes,No,Yes
Tata,Altroz,2023,0-20k,2000cc+,Average (12-18 km/l),Manual,Petrol,First Owner,Yes,No,Yes
Hyundai,Venue,2021,20k-50k,1000-1500cc,Good (18-24 km/l),Manual,Diesel,First Owner,Yes,No,Yes
Tata,Tiago,2016,0-20k,1500-2000cc,Average (12-18 km/l),Manual,Petrol,Third Owner,Yes,No,Yes
Maruti Suzuki,Ertiga,2015,80k-120k,1000-1500cc,Good (18-24 km/l),Manual,Diesel,Second Owner,Yes,Yes,No
Mahindra,XUV500,2012,20k-50k,2000cc+,Average (12-18 km/l),Manual,Diesel,Fourth & Above,Yes,Yes,No
Renault,Duster,2022,0-20k,1000-1500cc,Good (18-24 km/l),Manual,Petrol,First Owner,Yes,No,Yes
Mahindra,Scorpio,2021,20k-50k,1500-2000cc,Good (18-24 km/l),Manual,Petrol,First Owner,Yes,No,Yes
Mahindra,Scorpio,2021,0-20k,1500-2000cc,Good (18-24 km/l),Manual,Diesel,First Owner,Yes,No,Yes
Skoda,Octavia,2008,120k+,1000-1500cc,Good (18-24 km/l),Automatic,Petrol,Second Owner,No,No,No
Ford,Endeavour,2022,0-20k,1000-1500cc,Good (18-24 km/l),Manual,Petrol,Fourth & Above,Yes,No,Yes
Mahindra,XUV500,2021,0-20k,1500-2000cc,Good (18-24 km/l),Automatic,Diesel,First Owner,Yes,Yes,Yes
Hyundai,Creta,2023,0-20k,<1000cc,Good (18-24 km/l),Manual,Diesel,First Owner,Yes,No,Yes
Kia,Sonet,2020,20k-50k,1500-2000cc,Average (12-18 km/l),Automatic,Petrol,Second Owner,No,No,Yes
Honda,City,2017,50k-80k,1000-1500cc,Excellent (24+ km/l),Manual,CNG,First Owner,Yes,No,Yes
Hyundai,i10,2018,0-20k,1000-1500cc,Good (18-24 km/l),Manual,Petrol,First Owner,Yes,No,Yes
Hyundai,i10,2014,120k+,1000-1500cc,Good (18-24 km/l),Manual,Petrol,Second Owner,Yes,Yes,No
Renault,Duster,2022,20k-50k,1000-1500cc,Excellent (24+ km/l),Manual,Diesel,First Owner,Yes,Yes,Yes
Maruti Suzuki,WagonR,2021,20k-50k,1500-2000cc,Excellent (24+ km/l),Automatic,Electric,First Owner,Yes,Yes,Yes
Mercedes-Benz,GLA,2014,20k-50k,1500-2000cc,Good (18-24 km/l),Automatic,Diesel,First Owner,No,Yes,No
Maruti Suzuki,Alto,2013,80k-120k,1500-2000cc,Excellent (24+ km/l),Manual,CNG,Second Owner,No,Yes,No
Renault,Duster,2010,20k-50k,1500-2000cc,Good (18-24 km/l),Manual,Petrol,Third Owner,No,No,No
Tata,Nexon,2023,0-20k,1500-2000cc,Average (12-18 km/l),Manual,Petrol,First Owner,Yes,No,Yes
Mahindra,XUV500,2015,0-20k,2000cc+,Average (12-18 km/l),Manual,Petrol,Second Owner,Yes,No,Yes
Kia,Carens,2017,20k-50k,1500-2000cc,Good (18-24 km/l),Automatic,Diesel,Third Owner,No,No,No
Tata,Harrier,2016,0-20k,2000cc+,Average (12-18 km/l),Manual,Petrol,Fourth & Above,Yes,Yes,No
Honda,City,2018,50k-80k,1000-1500cc,Good (18-24 km/l),Manual,Petrol,Second Owner,Yes,No,Yes
Maruti Suzuki,Dzire,2021,0-20k,1000-1500cc,Average (12-18 km/l),Automatic,Petrol,First Owner,Yes,No,Yes
Maruti Suzuki,Swift,2023,0-20k,<1000cc,Excellent (24+ km/l),Manual,Diesel,First Owner,Yes,No,Yes
Hyundai,i20,2014,120k+,1000-1500cc,Good (18-24 km/l),Manual,Diesel,Second Owner,No,Yes,No
Ford,Endeavour,2021,120k+,1000-1500cc,Good (18-24 km/l),Manual,Petrol,Second Owner,Yes,No,Yes
Maruti Suzuki,Alto,2017,20k-50k,<1000cc,Good (18-24 km/l),Automatic,Petrol,Second Owner,Yes,No,Yes
Maruti Suzuki,WagonR,2023,0-20k,1000-1500cc,Average (12-18 km/l),Automatic,Petrol,First Owner,Yes,No,Yes
Tata,Nexon,2016,20k-50k,2000cc+,Average (12-18 km/l),Manual,Petrol,Second Owner,Yes,No,Yes
Toyota,Fortuner,2005,80k-120k,1500-2000cc,Good (18-24 km/l),Manual,Diesel,Second Owner,Yes,Yes,No
Ford,Figo,2020,50k-80k,<1000cc,Excellent (24+ km/l),Manual,Diesel,First Owner,No,No,Yes
Maruti Suzuki,Ertiga,2013,80k-120k,1000-1500cc,Average (12-18 km/l),Automatic,Diesel,Third Owner,Yes,Yes,No
Maruti Suzuki,Ertiga,2008,120k+,1000-1500cc,Good (18-24 km/l),Manual,Petrol,Second Owner,No,Yes,No
BMW,5 Series,2021,0-20k,1500-2000cc,Good (18-24 km/l),Automatic,Petrol,First Owner,Yes,No,Yes
Hyundai,i10,2022,0-20k,1000-1500cc,Good (18-24 km/l),Manual,Petrol,First Owner,Yes,No,Yes
Skoda,Rapid,2019,80k-120k,1000-1500cc,Good (18-24 km/l),Manual,Petrol,First Owner,No,No,Yes
Skoda,Kushaq,2021,20k-50k,1000-1500cc,Good (18-24 km/l),Manual,Petrol,First Owner,Yes,Yes,Yes
Volkswagen,Polo,2020,20k-50k,<1000cc,Excellent (24+ km/l),Manual,Petrol,First Owner,No,No,Yes
Maruti Suzuki,Baleno,2021,0-20k,1500-2000cc,Good (18-24 km/l),Manual,Petrol,First Owner,No,No,Yes
Renault,Duster,2020,0-20k,<1000cc,Good (18-24 km/l),Manual,Diesel,Second Owner,Yes,No,Yes
Volkswagen,Taigun,2021,0-20k,1000-1500cc,Good (18-24 km/l),Automatic,Diesel,Second Owner,Yes,No,Yes
Honda,City,2014,120k+,1000-1500cc,Average (12-18 km/l),Manual,Petrol,Second Owner,Yes,Yes,No
Tata,Altroz,2016,50k-80k,2000cc+,Good (18-24 km/l),Manual,Diesel,Second Owner,Yes,No,Yes
Hyundai,Creta,2019,50k-80k,1500-2000cc,Good (18-24 km/l),Automatic,Petrol,Second Owner,Yes,Yes,Yes
Maruti Suzuki,Alto,2019,20k-50k,1000-1500cc,Good (18-24 km/l),Manual,Petrol,First Owner,No,No,Yes
Mahindra,Scorpio,2022,0-20k,1000-1500cc,Good (18-24 km/l),Manual,Diesel,First Owner,Yes,No,Yes
Honda,Jazz,2018,20k-50k,1000-1500cc,Excellent (24+ km/l),Manual,Petrol,Second Owner,No,Yes,No
Tata,Punch,2013,80k-120k,2000cc+,Average (12-18 km/l),Manual,Diesel,Third Owner,No,Yes,No
Mahindra,XUV500,2016,20k-50k,2000cc+,Good (18-24 km/l),Automatic,CNG,Second Owner,Yes,Yes,No
Tata,Punch,2015,120k+,2000cc+,Average (12-18 km/l),Manual,Petrol,Fourth & Above,Yes,Yes,No
Toyota,Fortuner,2022,20k-50k,1000-1500cc,Good (18-24 km/l),Automatic,Petrol,First Owner,No,No,Yes
Kia,Seltos,2019,20k-50k,<1000cc,Good (18-24 km/l),Manual,Petrol,Second Owner,Yes,No,Yes
Maruti Suzuki,Ertiga,2021,20k-50k,<1000cc,Good (18-24 km/l),Manual,Petrol,Second Owner,Yes,No,Yes
Tata,Punch,2018,80k-120k,1000-1500cc,Good (18-24 km/l),Automatic,Petrol,Third Owner,Yes,No,Yes
Maruti Suzuki,Swift,2023,0-20k,1000-1500cc,Good (18-24 km/l),Automatic,Diesel,First Owner,No,No,Yes
Toyota,Yaris,2023,0-20k,2000cc+,Average (12-18 km/l),Manual,Petrol,First Owner,Yes,No,Yes
Ford,EcoSport,2021,0-20k,1500-2000cc,Good (18-24 km/l),Automatic,Petrol,First Owner,Yes,No,Yes
BMW,X1,2023,0-20k,2000cc+,Good (18-24 km/l),Manual,Petrol,First Owner,Yes,Yes,Yes
Hyundai,Creta,2019,50k-80k,1000-1500cc,Average (12-18 km/l),Manual,Petrol,Second Owner,Yes,No,Yes
Audi,A4,2023,0-20k,1500-2000cc,Average (12-18 km/l),Automatic,Petrol,First Owner,Yes,No,Yes
Maruti Suzuki,Alto,2022,20k-50k,1000-1500cc,Good (18-24 km/l),Manual,Diesel,First Owner,Yes,Yes,Yes
Honda,WR-V,2023,0-20k,1000-1500cc,Excellent (24+ km/l),Automatic,Electric,First Owner,Yes,Yes,Yes
Maruti Suzuki,Alto,2021,0-20k,1000-1500cc,Good (18-24 km/l),Manual,Petrol,First Owner,Yes,No,Yes
Kia,Seltos,2022,0-20k,<1000cc,Good (18-24 km/l),Manual,Diesel,First Owner,Yes,Yes,Yes
Mahindra,Thar,2020,50k-80k,1500-2000cc,Good (18-24 km/l),Manual,Diesel,First Owner,No,Yes,Yes
Toyota,Glanza,2016,80k-120k,2000cc+,Good (18-24 km/l),Manual,Petrol,Third Owner,No,No,No
Skoda,Rapid,2017,50k-80k,1500-2000cc,Good (18-24 km/l),Manual,Petrol,First Owner,No,No,Yes
Maruti Suzuki,Dzire,2023,0-20k,1000-1500cc,Excellent (24+ km/l),Manual,Electric,Second Owner,Yes,No,Yes
Maruti Suzuki,Baleno,2009,120k+,1000-1500cc,Excellent (24+ km/l),Automatic,CNG,Third Owner,Yes,Yes,No
Kia,Carens,2020,0-20k,1000-1500cc,Good (18-24 km/l),Automatic,Petrol,Third Owner,No,No,Yes
Hyundai,Creta,2018,20k-50k,<1000cc,Good (18-24 km/l),Manual,Diesel,First Owner,Yes,No,Yes
Maruti Suzuki,Swift,2018,0-20k,1000-1500cc,Good (18-24 km/l),Manual,Diesel,First Owner,No,Yes,Yes
Mahindra,XUV500,2023,0-20k,1500-2000cc,Good (18-24 km/l),Automatic,Diesel,First Owner,Yes,No,Yes
Honda,WR-V,2023,0-20k,<1000cc,Good (18-24 km/l),Manual,Diesel,First Owner,Yes,No,Yes
Maruti Suzuki,Dzire,2020,50k-80k,1500-2000cc,Good (18-24 km/l),Manual,Diesel,First Owner,Yes,Yes,No
Hyundai,i10,2016,20k-50k,1000-1500cc,Good (18-24 km/l),Automatic,Petrol,Third Owner,No,No,No
Maruti Suzuki,Dzire,2019,20k-50k,1000-1500cc,Good (18-24 km/l),Manual,Diesel,First Owner,No,No,Yes
Tata,Punch,2018,50k-80k,2000cc+,Average (12-18 km/l),Manual,Petrol,Second Owner,Yes,No,Yes
Kia,Sonet,2017,20k-50k,1000-1500cc,Good (18-24 km/l),Manual,Diesel,Fourth & Above,Yes,No,Yes
Mercedes-Benz,GLA,2011,20k-50k,2000cc+,Average (12-18 km/l),Automatic,Diesel,Third Owner,No,No,No
Toyota,Yaris,2020,20k-50k,1500-2000cc,Excellent (24+ km/l),Manual,CNG,First Owner,Yes,No,Yes
Maruti Suzuki,Baleno,2017,50k-80k,1000-1500cc,Good (18-24 km/l),Manual,Hybrid,Second Owner,No,No,Yes
Kia,Sonet,2021,20k-50k,<1000cc,Good (18-24 km/l),Automatic,Diesel,First Owner,No,No,Yes
Mahindra,XUV500,2017,0-20k,1500-2000cc,Good (18-24 km/l),Manual,Petrol,First Owner,Yes,Yes,Yes
Maruti Suzuki,Baleno,2019,80k-120k,1000-1500cc,Excellent (24+ km/l),Manual,Diesel,First Owner,Yes,No,Yes
BMW,X1,2009,20k-50k,2000cc+,Good (18-24 km/l),Automatic,Diesel,Third Owner,No,No,No
Volkswagen,Vento,2023,0-20k,<1000cc,Good (18-24 km/l),Manual,Diesel,First Owner,Yes,Yes,Yes
Volkswagen,Taigun,2019,80k-120k,1000-1500cc,Average (12-18 km/l),Manual,Petrol,First Owner,Yes,No,Yes
Ford,EcoSport,2007,120k+,1000-1500cc,Good (18-24 km/l),Manual,Petrol,Fourth & Above,No,No,No
Hyundai,i20,2020,20k-50k,1000-1500cc,Good (18-24 km/l),Manual,Petrol,Second Owner,Yes,Yes,Yes
Hyundai,i10,2023,0-20k,1000-1500cc,Good (18-24 km/l),Automatic,Petrol,First Owner,Yes,No,Yes
Ford,Figo,2022,0-20k,1000-1500cc,Good (18-24 km/l),Automatic,Diesel,First Owner,Yes,No,Yes
Hyundai,i20,2021,0-20k,1500-2000cc,Excellent (24+ km/l),Automatic,CNG,First Owner,No,No,Yes
Mahindra,Scorpio,2013,50k-80k,2000cc+,Good (18-24 km/l),Manual,CNG,Third Owner,No,Yes,No
Renault,Kwid,2021,20k-50k,1000-1500cc,Good (18-24 km/l),Manual,Petrol,First Owner,No,No,Yes
Renault,Triber,2022,0-20k,1000-1500cc,Excellent (24+ km/l),Manual,Diesel,First Owner,Yes,No,Yes
Mahindra,XUV500,2020,20k-50k,2000cc+,Good (18-24 km/l),Manual,Diesel,First Owner,Yes,No,Yes
Renault,Duster,2023,0-20k,1000-1500cc,Average (12-18 km/l),Manual,Petrol,First Owner,Yes,No,Yes
Skoda,Octavia,2016,120k+,1000-1500cc,Good (18-24 km/l),Manual,Petrol,Third Owner,No,No,No
Toyota,Yaris,2015,50k-80k,2000cc+,Good (18-24 km/l),Manual,Diesel,Second Owner,No,No,Yes
Hyundai,Creta,2023,0-20k,<1000cc,Good (18-24 km/l),Automatic,Petrol,First Owner,Yes,Yes,Yes
Hyundai,i20,2021,0-20k,1000-1500cc,Good (18-24 km/l),Manual,Diesel,First Owner,Yes,No,Yes
Hyundai,i10,2005,20k-50k,1000-1500cc,Good (18-24 km/l),Manual,Diesel,Fourth & Above,Yes,No,No
Maruti Suzuki,Baleno,2017,80k-120k,1500-2000cc,Good (18-24 km/l),Manual,Diesel,First Owner,No,Yes,No
Hyundai,Venue,2023,0-20k,<1000cc,Excellent (24+ km/l),Automatic,Diesel,First Owner,Yes,No,Yes
Hyundai,Venue,2007,120k+,1000-1500cc,Good (18-24 km/l),Manual,Diesel,Fourth & Above,Yes,No,No
Mahindra,XUV500,2005,120k+,2000cc+,Good (18-24 km/l),Manual,Diesel,First Owner,No,No,No
Kia,Seltos,2016,50k-80k,<1000cc,Good (18-24 km/l),Manual,Hybrid,Third Owner,Yes,No,Yes
Maruti Suzuki,Swift,2023,0-20k,1000-1500cc,Excellent (24+ km/l),Manual,CNG,Second Owner,Yes,No,Yes
Ford,Endeavour,2023,0-20k,1000-1500cc,Good (18-24 km/l),Manual,Petrol,First Owner,Yes,No,Yes
Ford,EcoSport,2020,20k-50k,1000-1500cc,Excellent (24+ km/l),Automatic,Electric,Third Owner,Yes,No,Yes
Maruti Suzuki,Alto,2020,20k-50k,1000-1500cc,Good (18-24 km/l),Manual,Petrol,Fourth & Above,Yes,No,Yes
BMW,5 Series,2017,50k-80k,2000cc+,Good (18-24 km/l),Automatic,Diesel,First Owner,Yes,No,Yes
Honda,Jazz,2015,20k-50k,1000-1500cc,Excellent (24+ km/l),Automatic,Electric,Second Owner,No,No,No
Tata,Harrier,2022,0-20k,2000cc+,Average (12-18 km/l),Automatic,Petrol,First Owner,No,No,Yes
Volkswagen,Taigun,2011,20k-50k,1000-1500cc,Good (18-24 km/l),Manual,CNG,Second Owner,No,No,No
Hyundai,Verna,2019,120k+,1000-1500cc,Excellent (24+ km/l),Manual,Electric,Second Owner,Yes,No,Yes
Ford,Endeavour,2021,0-20k,<1000cc,Excellent (24+ km/l),Manual,CNG,First Owner,No,No,Yes
Maruti Suzuki,Dzire,2011,80k-120k,1000-1500cc,Excellent (24+ km/l),Manual,Diesel,Second Owner,No,Yes,No
Skoda,Rapid,2020,50k-80k,1000-1500cc,Good (18-24 km/l),Automatic,Petrol,Second Owner,Yes,No,Yes
Mahindra,XUV300,2020,0-20k,1500-2000cc,Average (12-18 km/l),Automatic,Petrol,First Owner,Yes,Yes,Yes
Toyota,Glanza,2022,20k-50k,2000cc+,Average (12-18 km/l),Manual,Diesel,First Owner,Yes,Yes,Yes
Hyundai,i20,2015,80k-120k,1000-1500cc,Good (18-24 km/l),Automatic,Petrol,Third Owner,Yes,Yes,No
Toyota,Glanza,2016,20k-50k,1500-2000cc,Good (18-24 km/l),Automatic,CNG,Third Owner,No,No,Yes
Volkswagen,Polo,2020,0-20k,1000-1500cc,Good (18-24 km/l),Manual,Petrol,First Owner,Yes,Yes,Yes
Mahindra,Bolero,2023,0-20k,1500-2000cc,Good (18-24 km/l),Automatic,Diesel,First Owner,Yes,No,Yes
Toyota,Glanza,2015,50k-80k,1000-1500cc,Good (18-24 km/l),Manual,Petrol,First Owner,No,No,Yes
Mahindra,Scorpio,2023,0-20k,1500-2000cc,Good (18-24 km/l),Manual,Petrol,First Owner,Yes,No,Yes
Kia,Seltos,2021,0-20k,1000-1500cc,Good (18-24 km/l),Manual,Diesel,First Owner,Yes,No,Yes
Mahindra,XUV300,2022,20k-50k,2000cc+,Average (12-18 km/l),Automatic,Diesel,First Owner,No,No,Yes
Skoda,Octavia,2011,80k-120k,<1000cc,Excellent (24+ km/l),Manual,Petrol,First Owner,No,No,No
Renault,Kwid,2017,20k-50k,1500-2000cc,Good (18-24 km/l),Manual,Petrol,First Owner,Yes,No,Yes
Tata,Altroz,2009,120k+,2000cc+,Good (18-24 km/l),Manual,Diesel,Third Owner,No,Yes,No
Hyundai,i20,2018,20k-50k,1000-1500cc,Good (18-24 km/l),Manual,Diesel,First Owner,No,Yes,No
Tata,Nexon,2023,0-20k,1500-2000cc,Good (18-24 km/l),Manual,Petrol,First Owner,No,No,Yes
Renault,Triber,2011,120k+,<1000cc,Good (18-24 km/l),Manual,Diesel,Second Owner,No,No,No
Hyundai,i20,2020,20k-50k,1000-1500cc,Good (18-24 km/l),Manual,Petrol,First Owner,Yes,No,Yes
Mahindra,XUV500,2005,120k+,2000cc+,Excellent (24+ km/l),Automatic,Electric,Fourth & Above,No,No,No
Renault,Triber,2021,20k-50k,1000-1500cc,Good (18-24 km/l),Manual,Petrol,Third Owner,Yes,No,Yes
Tata,Nexon,2014,80k-120k,1000-1500cc,Good (18-24 km/l),Manual,Petrol,Second Owner,Yes,No,Yes
Toyota,Fortuner,2012,120k+,2000cc+,Average (12-18 km/l),Manual,Petrol,Fourth & Above,Yes,No,No
Hyundai,i10,2017,0-20k,1000-1500cc,Good (18-24 km/l),Manual,Diesel,First Owner,Yes,No,Yes
Maruti Suzuki,Baleno,2022,20k-50k,1000-1500cc,Excellent (24+ km/l),Manual,CNG,First Owner,Yes,No,Yes
Renault,Kwid,2011,120k+,1000-1500cc,Good (18-24 km/l),Manual,Diesel,Fourth & Above,No,No,No
Maruti Suzuki,Alto,2015,120k+,1000-1500cc,Average (12-18 km/l),Automatic,Diesel,Second Owner,Yes,No,No
Hyundai,Verna,2005,120k+,1000-1500cc,Good (18-24 km/l),Manual,Petrol,Second Owner,Yes,Yes,No
Skoda,Octavia,2023,0-20k,1000-1500cc,Good (18-24 km/l),Automatic,Petrol,First Owner,Yes,No,Yes
Tata,Altroz,2020,0-20k,2000cc+,Good (18-24 km/l),Automatic,CNG,Second Owner,Yes,No,Yes
Audi,A4,2022,20k-50k,2000cc+,Good (18-24 km/l),Automatic,Diesel,Second Owner,Yes,No,Yes
Mercedes-Benz,C-Class,2021,20k-50k,2000cc+,Average (12-18 km/l),Automatic,Petrol,First Owner,No,Yes,No
Hyundai,i10,2013,20k-50k,1000-1500cc,Good (18-24 km/l),Manual,Diesel,Third Owner,No,Yes,No
Maruti Suzuki,WagonR,2020,0-20k,1000-1500cc,Good (18-24 km/l),Automatic,Petrol,First Owner,No,No,Yes
Ford,EcoSport,2012,50k-80k,<1000cc,Excellent (24+ km/l),Manual,CNG,Third Owner,Yes,Yes,No
Mahindra,Scorpio,2018,20k-50k,2000cc+,Good (18-24 km/l),Manual,Diesel,Second Owner,Yes,No,Yes
Maruti Suzuki,Ertiga,2020,20k-50k,<1000cc,Good (18-24 km/l),Manual,Petrol,Second Owner,Yes,No,Yes
Ford,Endeavour,2020,20k-50k,1000-1500cc,Good (18-24 km/l),Automatic,Petrol,Second Owner,Yes,No,Yes
Maruti Suzuki,Swift,2012,50k-80k,1000-1500cc,Good (18-24 km/l),Manual,Diesel,Second Owner,No,No,No
Kia,Seltos,2008,80k-120k,1000-1500cc,Good (18-24 km/l),Manual,Petrol,First Owner,No,No,No
Maruti Suzuki,Alto,2022,20k-50k,1000-1500cc,Good (18-24 km/l),Automatic,Petrol,Second Owner,Yes,No,Yes
Maruti Suzuki,Baleno,2022,0-20k,1500-2000cc,Good (18-24 km/l),Manual,Petrol,First Owner,Yes,No,Yes
Maruti Suzuki,WagonR,2010,20k-50k,1500-2000cc,Good (18-24 km/l),Manual,Petrol,Second Owner,No,No,No
Audi,Q3,2012,120k+,2000cc+,Average (12-18 km/l),Manual,Petrol,Second Owner,Yes,Yes,No
Ford,Figo,2023,0-20k,1000-1500cc,Good (18-24 km/l),Automatic,Diesel,First Owner,Yes,No,Yes
Renault,Duster,2022,0-20k,1000-1500cc,Excellent (24+ km/l),Automatic,CNG,First Owner,Yes,Yes,Yes
Tata,Tiago,2023,0-20k,1500-2000cc,Good (18-24 km/l),Automatic,Diesel,First Owner,Yes,No,Yes
Tata,Nexon,2016,20k-50k,2000cc+,Average (12-18 km/l),Manual,Diesel,First Owner,Yes,No,No
Hyundai,i10,2019,20k-50k,1000-1500cc,Excellent (24+ km/l),Automatic,CNG,Second Owner,Yes,Yes,No
Mahindra,XUV300,2015,20k-50k,2000cc+,Excellent (24+ km/l),Manual,CNG,Second Owner,Yes,No,Yes
Honda,Jazz,2021,50k-80k,1000-1500cc,Good (18-24 km/l),Manual,Diesel,First Owner,Yes,No,Yes
Toyota,Fortuner,2012,50k-80k,1500-2000cc,Good (18-24 km/l),Manual,Petrol,First Owner,Yes,Yes,No
Hyundai,i10,2012,120k+,1000-1500cc,Good (18-24 km/l),Manual,Petrol,Third Owner,No,Yes,No
Audi,A4,2010,120k+,2000cc+,Average (12-18 km/l),Manual,Petrol,Second Owner,Yes,No,No
Maruti Suzuki,Ertiga,2021,80k-120k,<1000cc,Good (18-24 km/l),Manual,Hybrid,First Owner,Yes,No,Yes
Audi,Q3,2019,20k-50k,2000cc+,Good (18-24 km/l),Manual,Petrol,First Owner,Yes,No,Yes
Maruti Suzuki,Ertiga,2021,0-20k,<1000cc,Average (12-18 km/l),Automatic,Diesel,First Owner,Yes,No,Yes
Mahindra,Scorpio,2023,0-20k,2000cc+,Good (18-24 km/l),Manual,Diesel,First Owner,No,No,Yes
Tata,Harrier,2022,0-20k,2000cc+,Average (12-18 km/l),Manual,Diesel,First Owner,No,No,Yes
Mahindra,Thar,2019,50k-80k,2000cc+,Average (12-18 km/l),Manual,Petrol,First Owner,Yes,No,Yes
Honda,WR-V,2023,0-20k,1000-1500cc,Good (18-24 km/l),Manual,Petrol,First Owner,Yes,No,Yes
Mahindra,Bolero,2019,0-20k,1500-2000cc,Good (18-24 km/l),Manual,Diesel,Second Owner,No,No,No
Tata,Nexon,2012,0-20k,1500-2000cc,Good (18-24 km/l),Automatic,Diesel,Second Owner,No,No,Yes
Volkswagen,Polo,2023,0-20k,1000-1500cc,Excellent (24+ km/l),Manual,Diesel,First Owner,Yes,No,Yes
Ford,EcoSport,2007,120k+,1500-2000cc,Good (18-24 km/l),Manual,Petrol,Third Owner,Yes,No,No
Skoda,Rapid,2020,0-20k,1000-1500cc,Good (18-24 km/l),Automatic,Petrol,First Owner,No,No,Yes
Hyundai,Creta,2017,0-20k,1000-1500cc,Average (12-18 km/l),Manual,Petrol,First Owner,No,Yes,Yes
Honda,WR-V,2019,120k+,1000-1500cc,Good (18-24 km/l),Manual,Diesel,First Owner,No,Yes,No
Honda,WR-V,2020,50k-80k,1000-1500cc,Good (18-24 km/l),Automatic,Diesel,First Owner,Yes,Yes,Yes
Tata,Punch,2015,50k-80k,1000-1500cc,Excellent (24+ km/l),Manual,Electric,Second Owner,No,Yes,No
Mahindra,XUV300,2020,0-20k,2000cc+,Excellent (24+ km/l),Manual,Electric,Third Owner,Yes,Yes,Yes
Hyundai,i20,2022,0-20k,1000-1500cc,Good (18-24 km/l),Manual,Diesel,First Owner,Yes,No,Yes
Maruti Suzuki,WagonR,2016,20k-50k,1000-1500cc,Excellent (24+ km/l),Manual,Diesel,Fourth & Above,No,Yes,No
Hyundai,i20,2018,50k-80k,1000-1500cc,Good (18-24 km/l),Manual,Diesel,Second Owner,Yes,No,Yes
Maruti Suzuki,Baleno,2016,50k-80k,1000-1500cc,Good (18-24 km/l),Manual,Diesel,Fourth & Above,No,Yes,No
Ford,EcoSport,2022,0-20k,1000-1500cc,Good (18-24 km/l),Manual,Petrol,First Owner,No,No,Yes
Toyota,Yaris,2022,20k-50k,1000-1500cc,Good (18-24 km/l),Manual,Petrol,First Owner,Yes,No,Yes
Audi,Q3,2023,0-20k,1500-2000cc,Good (18-24 km/l),Automatic,Petrol,Third Owner,No,No,Yes
Ford,Endeavour,2014,20k-50k,1500-2000cc,Excellent (24+ km/l),Manual,CNG,Second Owner,No,No,No
Maruti Suzuki,Dzire,2010,80k-120k,1000-1500cc,Excellent (24+ km/l),Manual,Diesel,Fourth & Above,Yes,Yes,No
Kia,Seltos,2012,120k+,1500-2000cc,Good (18-24 km/l),Manual,Petrol,Fourth & Above,No,No,No
Skoda,Rapid,2013,50k-80k,1000-1500cc,Good (18-24 km/l),Manual,Petrol,Second Owner,No,No,No
Mahindra,Thar,2020,20k-50k,1500-2000cc,Excellent (24+ km/l),Manual,Diesel,First Owner,Yes,No,Yes
Honda,City,2023,20k-50k,1000-1500cc,Good (18-24 km/l),Automatic,Petrol,First Owner,Yes,Yes,Yes
Mercedes-Benz,C-Class,2017,20k-50k,2000cc+,Average (12-18 km/l),Automatic,Petrol,First Owner,Yes,Yes,No
Honda,WR-V,2023,0-20k,1000-1500cc,Good (18-24 km/l),Manual,Diesel,First Owner,Yes,Yes,Yes
Kia,Sonet,2008,120k+,1000-1500cc,Good (18-24 km/l),Manual,Petrol,Second Owner,No,Yes,No
Maruti Suzuki,Baleno,2023,20k-50k,1500-2000cc,Average (12-18 km/l),Automatic,Petrol,First Owner,No,No,Yes
Hyundai,Verna,2014,80k-120k,1000-1500cc,Excellent (24+ km/l),Manual,CNG,First Owner,Yes,No,Yes
Mahindra,XUV500,2023,0-20k,2000cc+,Good (18-24 km/l),Manual,Diesel,First Owner,No,Yes,Yes
Honda,Amaze,2009,120k+,1000-1500cc,Good (18-24 km/l),Manual,Petrol,Fourth & Above,No,Yes,No
Renault,Duster,2023,0-20k,1000-1500cc,Good (18-24 km/l),Manual,CNG,First Owner,Yes,No,Yes
Mercedes-Benz,GLA,2014,120k+,2000cc+,Average (12-18 km/l),Automatic,Diesel,Second Owner,Yes,Yes,No
Tata,Tiago,2017,50k-80k,1500-2000cc,Average (12-18 km/l),Manual,Petrol,First Owner,No,No,Yes
Maruti Suzuki,WagonR,2019,120k+,1500-2000cc,Good (18-24 km/l),Manual,Petrol,Second Owner,Yes,Yes,No
Renault,Kwid,2018,20k-50k,1000-1500cc,Good (18-24 km/l),Manual,Petrol,First Owner,Yes,No,Yes
Honda,Jazz,2021,20k-50k,1000-1500cc,Excellent (24+ km/l),Automatic,CNG,Second Owner,Yes,Yes,Yes
Hyundai,Venue,2023,0-20k,1000-1500cc,Good (18-24 km/l),Automatic,Diesel,First Owner,Yes,No,Yes
Mahindra,XUV300,2020,50k-80k,1000-1500cc,Average (12-18 km/l),Automatic,Petrol,First Owner,Yes,Yes,Yes
Volkswagen,Vento,2022,0-20k,1000-1500cc,Good (18-24 km/l),Manual,Petrol,First Owner,Yes,No,Yes
Volkswagen,Taigun,2011,20k-50k,1500-2000cc,Good (18-24 km/l),Manual,Diesel,First Owner,No,Yes,No
Mahindra,XUV300,2021,50k-80k,2000cc+,Average (12-18 km/l),Manual,Petrol,First Owner,No,No,Yes
Hyundai,Venue,2019,0-20k,1000-1500cc,Good (18-24 km/l),Manual,Diesel,First Owner,Yes,No,Yes
Audi,A4,2023,0-20k,2000cc+,Average (12-18 km/l),Automatic,Petrol,First Owner,Yes,No,Yes
Toyota,Innova,2018,0-20k,1500-2000cc,Good (18-24 km/l),Manual,Petrol,First Owner,Yes,No,Yes
Tata,Punch,2021,20k-50k,1500-2000cc,Good (18-24 km/l),Manual,Petrol,First Owner,Yes,Yes,Yes
Hyundai,i20,2015,20k-50k,1000-1500cc,Excellent (24+ km/l),Manual,Electric,Third Owner,No,No,No
Volkswagen,Taigun,2016,80k-120k,1000-1500cc,Excellent (24+ km/l),Manual,CNG,First Owner,Yes,No,Yes
Hyundai,i20,2018,20k-50k,1500-2000cc,Excellent (24+ km/l),Manual,CNG,Third Owner,Yes,No,Yes
Maruti Suzuki,Alto,2017,0-20k,<1000cc,Excellent (24+ km/l),Manual,CNG,First Owner,Yes,No,Yes
Mahindra,Thar,2016,120k+,2000cc+,Average (12-18 km/l),Manual,Petrol,First Owner,Yes,No,No
Hyundai,Venue,2009,120k+,1000-1500cc,Excellent (24+ km/l),Manual,CNG,Second Owner,No,Yes,No
Toyota,Fortuner,2022,0-20k,2000cc+,Average (12-18 km/l),Automatic,Petrol,First Owner,Yes,No,Yes
Maruti Suzuki,Baleno,2009,80k-120k,1500-2000cc,Good (18-24 km/l),Manual,Diesel,Third Owner,Yes,Yes,No
Toyota,Innova,2023,0-20k,2000cc+,Average (12-18 km/l),Automatic,Diesel,First Owner,Yes,No,Yes
Hyundai,i20,2012,120k+,<1000cc,Good (18-24 km/l),Manual,Petrol,Second Owner,No,Yes,No
Maruti Suzuki,Dzire,2010,50k-80k,1500-2000cc,Good (18-24 km/l),Manual,Petrol,Second Owner,No,No,No
Maruti Suzuki,Baleno,2020,50k-80k,1000-1500cc,Average (12-18 km/l),Manual,Petrol,First Owner,No,No,Yes
BMW,3 Series,2019,0-20k,1500-2000cc,Good (18-24 km/l),Manual,Diesel,Third Owner,Yes,No,Yes
Skoda,Rapid,2019,20k-50k,1500-2000cc,Good (18-24 km/l),Manual,Diesel,First Owner,No,No,Yes
Hyundai,i10,2020,20k-50k,1500-2000cc,Excellent (24+ km/l),Manual,Diesel,Second Owner,Yes,No,Yes
Volkswagen,Polo,2016,50k-80k,1000-1500cc,Good (18-24 km/l),Manual,Petrol,Second Owner,No,Yes,No
Honda,City,2021,20k-50k,<1000cc,Good (18-24 km/l),Manual,Diesel,Third Owner,Yes,No,Yes
Audi,Q3,2019,20k-50k,2000cc+,Average (12-18 km/l),Automatic,Diesel,Fourth & Above,Yes,No,Yes
Tata,Tiago,2017,20k-50k,2000cc+,Good (18-24 km/l),Manual,Petrol,Second Owner,Yes,No,Yes
Ford,EcoSport,2022,0-20k,1000-1500cc,Average (12-18 km/l),Automatic,Petrol,First Owner,Yes,No,Yes
Maruti Suzuki,Baleno,2022,0-20k,1500-2000cc,Excellent (24+ km/l),Automatic,CNG,First Owner,Yes,No,Yes
Tata,Tiago,2018,0-20k,2000cc+,Good (18-24 km/l),Automatic,Diesel,Second Owner,Yes,No,Yes
Audi,A4,2022,0-20k,2000cc+,Good (18-24 km/l),Automatic,Petrol,First Owner,No,No,Yes
Honda,Amaze,2023,0-20k,1000-1500cc,Average (12-18 km/l),Automatic,Petrol,First Owner,Yes,No,Yes
Hyundai,Venue,2020,20k-50k,1000-1500cc,Good (18-24 km/l),Manual,Petrol,Second Owner,Yes,No,Yes
Maruti Suzuki,Ertiga,2015,120k+,1000-1500cc,Good (18-24 km/l),Manual,Petrol,Fourth & Above,Yes,No,No
Ford,EcoSport,2023,0-20k,1000-1500cc,Good (18-24 km/l),Automatic,Petrol,First Owner,Yes,No,Yes
Toyota,Glanza,2014,20k-50k,2000cc+,Good (18-24 km/l),Manual,Petrol,Fourth & Above,Yes,No,Yes
Tata,Harrier,2009,120k+,1500-2000cc,Average (12-18 km/l),Manual,Petrol,Second Owner,No,No,No
Audi,A4,2017,20k-50k,1500-2000cc,Average (12-18 km/l),Automatic,Petrol,Third Owner,No,Yes,No
Maruti Suzuki,Baleno,2022,0-20k,1500-2000cc,Good (18-24 km/l),Manual,Diesel,First Owner,Yes,No,Yes
Hyundai,Venue,2023,0-20k,1000-1500cc,Good (18-24 km/l),Manual,Petrol,First Owner,No,No,Yes
BMW,X1,2021,50k-80k,2000cc+,Good (18-24 km/l),Automatic,Diesel,First Owner,Yes,Yes,Yes
Tata,Tiago,2023,0-20k,1500-2000cc,Good (18-24 km/l),Manual,Petrol,First Owner,Yes,No,Yes
Hyundai,i20,2011,120k+,1000-1500cc,Good (18-24 km/l),Manual,Petrol,Fourth & Above,Yes,No,No
Honda,City,2009,120k+,1000-1500cc,Good (18-24 km/l),Manual,Petrol,Second Owner,No,No,No
Renault,Duster,2020,20k-50k,1000-1500cc,Good (18-24 km/l),Manual,Petrol,First Owner,Yes,No,Yes
Maruti Suzuki,WagonR,2023,0-20k,1000-1500cc,Good (18-24 km/l),Automatic,Hybrid,First Owner,Yes,No,Yes
BMW,5 Series,2019,80k-120k,2000cc+,Average (12-18 km/l),Automatic,Petrol,First Owner,No,No,No
Renault,Duster,2009,120k+,<1000cc,Good (18-24 km/l),Automatic,Petrol,First Owner,No,No,Yes
Hyundai,Venue,2015,50k-80k,<1000cc,Good (18-24 km/l),Manual,Petrol,Second Owner,No,Yes,No
Ford,Figo,2015,0-20k,1500-2000cc,Average (12-18 km/l),Automatic,Petrol,First Owner,Yes,No,Yes
Tata,Altroz,2017,50k-80k,1000-1500cc,Average (12-18 km/l),Automatic,Diesel,First Owner,Yes,No,Yes
Tata,Punch,2008,80k-120k,1500-2000cc,Average (12-18 km/l),Manual,Petrol,Third Owner,No,No,No
Renault,Kwid,2023,20k-50k,1000-1500cc,Good (18-24 km/l),Automatic,Petrol,First Owner,Yes,No,Yes
Audi,Q3,2020,0-20k,1500-2000cc,Average (12-18 km/l),Automatic,Petrol,First Owner,Yes,No,Yes
Maruti Suzuki,Baleno,2021,20k-50k,1000-1500cc,Good (18-24 km/l),Manual,Diesel,First Owner,No,No,Yes
Tata,Punch,2010,20k-50k,1500-2000cc,Good (18-24 km/l),Manual,Diesel,Third Owner,Yes,Yes,No
Mahindra,XUV300,2009,80k-120k,1000-1500cc,Good (18-24 km/l),Manual,Petrol,Second Owner,No,Yes,No
Tata,Nexon,2020,50k-80k,1000-1500cc,Average (12-18 km/l),Automatic,Petrol,First Owner,Yes,No,Yes
Tata,Altroz,2023,0-20k,2000cc+,Average (12-18 km/l),Automatic,Petrol,First Owner,Yes,No,Yes
Maruti Suzuki,Alto,2020,20k-50k,1000-1500cc,Good (18-24 km/l),Automatic,Petrol,First Owner,No,Yes,Yes
Ford,EcoSport,2023,0-20k,1000-1500cc,Excellent (24+ km/l),Manual,Electric,Second Owner,Yes,No,Yes
Mahindra,XUV500,2022,20k-50k,1500-2000cc,Average (12-18 km/l),Manual,Petrol,First Owner,Yes,No,Yes
Hyundai,Creta,2010,80k-120k,1500-2000cc,Good (18-24 km/l),Manual,Diesel,Third Owner,No,No,No
Renault,Duster,2014,50k-80k,<1000cc,Good (18-24 km/l),Manual,Petrol,First Owner,No,Yes,No
Renault,Kwid,2021,0-20k,1500-2000cc,Good (18-24 km/l),Automatic,Petrol,First Owner,Yes,No,Yes
Mahindra,XUV300,2019,20k-50k,1000-1500cc,Excellent (24+ km/l),Manual,Diesel,First Owner,No,No,Yes
Hyundai,Creta,2016,0-20k,1000-1500cc,Good (18-24 km/l),Manual,Diesel,First Owner,No,No,Yes
Toyota,Innova,2018,20k-50k,1500-2000cc,Good (18-24 km/l),Manual,Diesel,Second Owner,Yes,No,Yes
Hyundai,i10,2019,50k-80k,1000-1500cc,Good (18-24 km/l),Manual,Diesel,First Owner,Yes,Yes,Yes
Hyundai,Venue,2023,0-20k,1000-1500cc,Excellent (24+ km/l),Manual,Diesel,First Owner,Yes,No,Yes
Volkswagen,Taigun,2011,20k-50k,1500-2000cc,Good (18-24 km/l),Manual,Diesel,Fourth & Above,No,Yes,No
Maruti Suzuki,Dzire,2016,20k-50k,1000-1500cc,Average (12-18 km/l),Manual,Petrol,First Owner,Yes,No,Yes
Maruti Suzuki,Baleno,2020,20k-50k,<1000cc,Good (18-24 km/l),Manual,Hybrid,First Owner,Yes,Yes,Yes
Maruti Suzuki,Baleno,2021,20k-50k,1000-1500cc,Good (18-24 km/l),Manual,Diesel,First Owner,Yes,No,Yes
Maruti Suzuki,WagonR,2021,0-20k,1000-1500cc,Good (18-24 km/l),Automatic,Petrol,Third Owner,No,No,Yes
Maruti Suzuki,Swift,2023,0-20k,1000-1500cc,Average (12-18 km/l),Manual,Petrol,First Owner,Yes,No,Yes
Mercedes-Benz,GLA,2022,0-20k,2000cc+,Average (12-18 km/l),Automatic,Petrol,First Owner,Yes,No,Yes
Hyundai,i10,2020,0-20k,1000-1500cc,Good (18-24 km/l),Manual,Petrol,First Owner,Yes,Yes,Yes
Maruti Suzuki,Alto,2015,20k-50k,1000-1500cc,Good (18-24 km/l),Automatic,Petrol,Second Owner,Yes,No,Yes
Hyundai,Creta,2019,80k-120k,1000-1500cc,Good (18-24 km/l),Automatic,Petrol,Second Owner,Yes,No,No
BMW,5 Series,2021,20k-50k,2000cc+,Average (12-18 km/l),Automatic,Diesel,First Owner,No,No,Yes
Mahindra,Bolero,2022,20k-50k,2000cc+,Average (12-18 km/l),Automatic,Petrol,First Owner,No,No,Yes
Tata,Harrier,2023,0-20k,1500-2000cc,Good (18-24 km/l),Automatic,Petrol,Second Owner,Yes,No,Yes
Kia,Carens,2020,0-20k,<1000cc,Good (18-24 km/l),Automatic,Diesel,Third Owner,Yes,No,Yes
Tata,Harrier,2020,50k-80k,1500-2000cc,Good (18-24 km/l),Automatic,Petrol,First Owner,Yes,No,Yes
Tata,Tiago,2006,50k-80k,2000cc+,Good (18-24 km/l),Automatic,Diesel,Third Owner,Yes,Yes,No
Hyundai,Verna,2010,80k-120k,1500-2000cc,Good (18-24 km/l),Manual,Diesel,Second Owner,No,Yes,No
Tata,Altroz,2013,20k-50k,2000cc+,Good (18-24 km/l),Manual,Diesel,Fourth & Above,Yes,No,No
Hyundai,Creta,2009,80k-120k,1000-1500cc,Good (18-24 km/l),Manual,Petrol,Third Owner,No,Yes,No
Toyota,Innova,2018,20k-50k,1500-2000cc,Good (18-24 km/l),Manual,Petrol,First Owner,No,Yes,Yes
Hyundai,Venue,2017,20k-50k,1000-1500cc,Good (18-24 km/l),Manual,Petrol,Second Owner,No,Yes,No
Honda,WR-V,2021,0-20k,<1000cc,Excellent (24+ km/l),Manual,Diesel,First Owner,Yes,Yes,Yes
Maruti Suzuki,Ertiga,2020,20k-50k,1000-1500cc,Excellent (24+ km/l),Manual,CNG,Second Owner,Yes,No,Yes
Hyundai,Verna,2020,20k-50k,1000-1500cc,Good (18-24 km/l),Manual,Diesel,Second Owner,Yes,No,Yes
Tata,Tiago,2019,120k+,1500-2000cc,Good (18-24 km/l),Manual,Diesel,First Owner,Yes,Yes,No
BMW,3 Series,2016,80k-120k,2000cc+,Excellent (24+ km/l),Manual,Electric,Second Owner,Yes,No,No
Tata,Harrier,2023,0-20k,1000-1500cc,Good (18-24 km/l),Automatic,Diesel,First Owner,Yes,No,Yes
Toyota,Glanza,2011,120k+,2000cc+,Good (18-24 km/l),Manual,Diesel,Second Owner,Yes,Yes,No
Hyundai,Verna,2023,0-20k,1000-1500cc,Good (18-24 km/l),Manual,Petrol,First Owner,Yes,No,Yes
Maruti Suzuki,Dzire,2017,20k-50k,1000-1500cc,Good (18-24 km/l),Manual,Petrol,Second Owner,Yes,Yes,No
Maruti Suzuki,Ertiga,2020,50k-80k,1000-1500cc,Good (18-24 km/l),Automatic,Petrol,First Owner,Yes,No,Yes
Hyundai,i10,2012,50k-80k,1500-2000cc,Good (18-24 km/l),Manual,Petrol,Third Owner,No,Yes,No
Maruti Suzuki,Alto,2010,20k-50k,1500-2000cc,Good (18-24 km/l),Manual,Petrol,Fourth & Above,Yes,No,No
Maruti Suzuki,Alto,2018,50k-80k,1000-1500cc,Excellent (24+ km/l),Manual,CNG,Second Owner,Yes,Yes,Yes
Volkswagen,Vento,2022,20k-50k,1000-1500cc,Good (18-24 km/l),Manual,Diesel,First Owner,Yes,No,Yes
Maruti Suzuki,WagonR,2016,80k-120k,1000-1500cc,Good (18-24 km/l),Manual,Diesel,Second Owner,Yes,Yes,No
Honda,Amaze,2020,20k-50k,1000-1500cc,Good (18-24 km/l),Manual,Petrol,Second Owner,Yes,Yes,No
Tata,Nexon,2016,80k-120k,1000-1500cc,Good (18-24 km/l),Manual,Petrol,Second Owner,Yes,Yes,Yes
Mahindra,Thar,2018,0-20k,2000cc+,Good (18-24 km/l),Manual,Petrol,First Owner,Yes,No,Yes
Honda,WR-V,2023,0-20k,1000-1500cc,Good (18-24 km/l),Manual,Petrol,First Owner,Yes,No,Yes
Hyundai,i10,2023,0-20k,1000-1500cc,Good (18-24 km/l),Manual,Petrol,First Owner,Yes,No,Yes
Hyundai,i20,2020,20k-50k,1000-1500cc,Good (18-24 km/l),Manual,Petrol,First Owner,Yes,No,Yes
Volkswagen,Vento,2015,20k-50k,<1000cc,Good (18-24 km/l),Manual,Petrol,Second Owner,Yes,No,Yes
Kia,Carens,2014,50k-80k,1000-1500cc,Good (18-24 km/l),Manual,Petrol,Second Owner,Yes,No,Yes
Hyundai,Verna,2023,0-20k,1000-1500cc,Good (18-24 km/l),Manual,Petrol,First Owner,Yes,No,Yes
Maruti Suzuki,Swift,2014,0-20k,1000-1500cc,Average (12-18 km/l),Automatic,Petrol,First Owner,No,No,Yes
Kia,Carens,2022,0-20k,1000-1500cc,Excellent (24+ km/l),Manual,CNG,First Owner,Yes,No,Yes
Tata,Altroz,2018,120k+,1000-1500cc,Good (18-24 km/l),Manual,Diesel,Second Owner,Yes,Yes,No
Honda,Jazz,2023,0-20k,<1000cc,Good (18-24 km/l),Automatic,Diesel,First Owner,Yes,No,Yes
Tata,Nexon,2018,20k-50k,1000-1500cc,Good (18-24 km/l),Manual,Petrol,Second Owner,No,No,Yes
Maruti Suzuki,Baleno,2017,80k-120k,1000-1500cc,Average (12-18 km/l),Manual,Diesel,First Owner,Yes,No,Yes
Honda,Amaze,2021,0-20k,1500-2000cc,Good (18-24 km/l),Manual,Diesel,First Owner,Yes,No,Yes
Mahindra,Bolero,2023,0-20k,1500-2000cc,Excellent (24+ km/l),Manual,CNG,First Owner,Yes,No,Yes
Hyundai,Verna,2023,0-20k,1000-1500cc,Average (12-18 km/l),Manual,Petrol,First Owner,Yes,No,Yes
Mahindra,Thar,2021,50k-80k,1500-2000cc,Good (18-24 km/l),Automatic,Diesel,First Owner,Yes,Yes,Yes
Renault,Kwid,2022,0-20k,1000-1500cc,Good (18-24 km/l),Manual,Hybrid,First Owner,Yes,No,Yes
Honda,Jazz,2020,20k-50k,1500-2000cc,Good (18-24 km/l),Manual,Petrol,First Owner,Yes,No,Yes
Maruti Suzuki,Swift,2022,20k-50k,1000-1500cc,Good (18-24 km/l),Automatic,Petrol,First Owner,Yes,No,Yes
Honda,City,2023,0-20k,1000-1500cc,Good (18-24 km/l),Automatic,Petrol,First Owner,Yes,No,Yes
Ford,EcoSport,2019,0-20k,<1000cc,Good (18-24 km/l),Manual,Diesel,First Owner,No,No,Yes
Renault,Triber,2021,0-20k,1000-1500cc,Good (18-24 km/l),Manual,Petrol,First Owner,Yes,No,Yes
Toyota,Glanza,2020,20k-50k,1000-1500cc,Excellent (24+ km/l),Manual,Diesel,Second Owner,No,No,Yes
Maruti Suzuki,WagonR,2020,0-20k,1000-1500cc,Excellent (24+ km/l),Automatic,CNG,First Owner,Yes,Yes,Yes
Ford,Figo,2023,0-20k,1000-1500cc,Good (18-24 km/l),Manual,Petrol,First Owner,Yes,No,Yes
Toyota,Fortuner,2017,50k-80k,2000cc+,Good (18-24 km/l),Manual,Petrol,First Owner,No,No,Yes
Maruti Suzuki,WagonR,2015,20k-50k,<1000cc,Excellent (24+ km/l),Manual,Hybrid,Fourth & Above,Yes,No,Yes
Tata,Nexon,2019,20k-50k,1500-2000cc,Good (18-24 km/l),Manual,Diesel,Second Owner,Yes,Yes,No
Tata,Harrier,2015,120k+,2000cc+,Good (18-24 km/l),Manual,Diesel,Second Owner,No,No,No
Toyota,Glanza,2019,50k-80k,1500-2000cc,Good (18-24 km/l),Manual,Petrol,First Owner,No,Yes,No
Hyundai,i10,2023,20k-50k,1000-1500cc,Excellent (24+ km/l),Automatic,CNG,First Owner,No,Yes,Yes
Honda,WR-V,2021,0-20k,1500-2000cc,Good (18-24 km/l),Automatic,CNG,First Owner,No,No,Yes
BMW,3 Series,2023,0-20k,2000cc+,Good (18-24 km/l),Automatic,Diesel,First Owner,Yes,Yes,Yes
Renault,Kwid,2013,20k-50k,1000-1500cc,Good (18-24 km/l),Manual,Petrol,Second Owner,Yes,Yes,Yes
BMW,5 Series,2023,20k-50k,1500-2000cc,Good (18-24 km/l),Automatic,Diesel,First Owner,Yes,No,Yes
Mercedes-Benz,GLA,2020,0-20k,2000cc+,Average (12-18 km/l),Automatic,Petrol,Second Owner,Yes,No,Yes
Maruti Suzuki,Dzire,2007,20k-50k,1000-1500cc,Good (18-24 km/l),Manual,Petrol,Second Owner,No,Yes,No
Toyota,Innova,2021,20k-50k,1000-1500cc,Good (18-24 km/l),Manual,Diesel,First Owner,Yes,No,Yes
Tata,Altroz,2023,0-20k,2000cc+,Average (12-18 km/l),Automatic,Petrol,First Owner,Yes,No,Yes
Skoda,Octavia,2010,120k+,1500-2000cc,Good (18-24 km/l),Manual,Petrol,Second Owner,Yes,Yes,No
Hyundai,Creta,2020,20k-50k,1000-1500cc,Good (18-24 km/l),Manual,Petrol,Second Owner,Yes,No,Yes
Mercedes-Benz,C-Class,2023,0-20k,2000cc+,Average (12-18 km/l),Automatic,Petrol,First Owner,Yes,No,Yes
Toyota,Yaris,2006,0-20k,1000-1500cc,Good (18-24 km/l),Manual,Petrol,Second Owner,No,Yes,No
Renault,Triber,2021,0-20k,1000-1500cc,Good (18-24 km/l),Automatic,Petrol,First Owner,No,No,Yes
Maruti Suzuki,Ertiga,2019,20k-50k,1000-1500cc,Good (18-24 km/l),Manual,Diesel,First Owner,Yes,No,Yes
Hyundai,Creta,2017,80k-120k,<1000cc,Good (18-24 km/l),Manual,Petrol,Second Owner,Yes,Yes,No
Volkswagen,Polo,2021,50k-80k,1000-1500cc,Good (18-24 km/l),Manual,Petrol,First Owner,No,No,Yes
Maruti Suzuki,Baleno,2009,50k-80k,1000-1500cc,Good (18-24 km/l),Automatic,Petrol,Third Owner,No,No,Yes
Renault,Triber,2022,20k-50k,<1000cc,Good (18-24 km/l),Manual,Petrol,First Owner,Yes,No,Yes
Maruti Suzuki,WagonR,2005,50k-80k,1000-1500cc,Excellent (24+ km/l),Manual,CNG,Third Owner,No,No,No
Toyota,Fortuner,2017,50k-80k,1500-2000cc,Good (18-24 km/l),Manual,Petrol,First Owner,Yes,Yes,Yes
Tata,Altroz,2019,0-20k,1000-1500cc,Good (18-24 km/l),Manual,Diesel,First Owner,No,No,Yes
Toyota,Yaris,2018,50k-80k,2000cc+,Good (18-24 km/l),Manual,Diesel,First Owner,Yes,No,Yes
Ford,Endeavour,2017,50k-80k,1000-1500cc,Good (18-24 km/l),Manual,Petrol,Third Owner,Yes,Yes,No
Tata,Nexon,2022,20k-50k,1500-2000cc,Average (12-18 km/l),Manual,Petrol,First Owner,Yes,Yes,Yes
Maruti Suzuki,Ertiga,2023,0-20k,1000-1500cc,Excellent (24+ km/l),Manual,CNG,First Owner,Yes,No,Yes
Maruti Suzuki,Ertiga,2023,0-20k,1500-2000cc,Good (18-24 km/l),Manual,Petrol,First Owner,No,No,Yes
Honda,City,2020,0-20k,<1000cc,Average (12-18 km/l),Automatic,Petrol,Second Owner,Yes,Yes,Yes
Mahindra,XUV500,2023,0-20k,1000-1500cc,Good (18-24 km/l),Manual,Diesel,First Owner,No,No,Yes
Volkswagen,Polo,2023,0-20k,1000-1500cc,Good (18-24 km/l),Manual,Petrol,First Owner,Yes,No,Yes
Mahindra,XUV300,2018,20k-50k,2000cc+,Good (18-24 km/l),Manual,Diesel,First Owner,No,No,Yes
Tata,Altroz,2016,0-20k,2000cc+,Good (18-24 km/l),Manual,Petrol,First Owner,No,No,Yes
Tata,Nexon,2011,80k-120k,2000cc+,Good (18-24 km/l),Manual,Diesel,Second Owner,No,Yes,No
Maruti Suzuki,Ertiga,2019,20k-50k,1000-1500cc,Excellent (24+ km/l),Manual,Diesel,Second Owner,No,No,Yes
Tata,Punch,2023,0-20k,1000-1500cc,Excellent (24+ km/l),Manual,Diesel,First Owner,Yes,No,Yes
Mercedes-Benz,GLA,2020,0-20k,2000cc+,Good (18-24 km/l),Manual,Petrol,First Owner,Yes,No,Yes
Kia,Seltos,2021,0-20k,1000-1500cc,Good (18-24 km/l),Automatic,Diesel,First Owner,Yes,No,Yes
Tata,Altroz,2012,120k+,1000-1500cc,Excellent (24+ km/l),Manual,Diesel,Second Owner,No,Yes,No
Honda,Jazz,2013,80k-120k,1000-1500cc,Good (18-24 km/l),Manual,Petrol,First Owner,Yes,No,Yes
Skoda,Kushaq,2019,20k-50k,1000-1500cc,Good (18-24 km/l),Manual,Petrol,First Owner,Yes,No,Yes
Mahindra,Bolero,2023,0-20k,2000cc+,Good (18-24 km/l),Automatic,Petrol,Second Owner,Yes,No,Yes
Maruti Suzuki,Ertiga,2018,20k-50k,<1000cc,Good (18-24 km/l),Manual,Diesel,Second Owner,Yes,No,Yes
Maruti Suzuki,Ertiga,2023,0-20k,1000-1500cc,Excellent (24+ km/l),Manual,CNG,First Owner,Yes,No,Yes
Mahindra,XUV300,2012,120k+,1500-2000cc,Good (18-24 km/l),Manual,Diesel,Second Owner,Yes,Yes,No
Audi,A4,2021,0-20k,2000cc+,Good (18-24 km/l),Manual,Diesel,First Owner,Yes,No,Yes
Ford,Endeavour,2020,0-20k,<1000cc,Good (18-24 km/l),Manual,Diesel,Second Owner,Yes,No,Yes
Maruti Suzuki,Swift,2023,0-20k,1000-1500cc,Good (18-24 km/l),Manual,Petrol,First Owner,Yes,No,Yes
Hyundai,Venue,2005,120k+,1000-1500cc,Average (12-18 km/l),Manual,Petrol,Third Owner,No,No,No
Volkswagen,Vento,2014,50k-80k,1000-1500cc,Good (18-24 km/l),Automatic,Petrol,Second Owner,No,Yes,No
Skoda,Rapid,2015,120k+,<1000cc,Good (18-24 km/l),Automatic,Diesel,First Owner,Yes,No,Yes
Toyota,Innova,2023,0-20k,2000cc+,Good (18-24 km/l),Automatic,Petrol,First Owner,Yes,No,Yes
Toyota,Glanza,2013,80k-120k,1500-2000cc,Good (18-24 km/l),Manual,Diesel,Second Owner,Yes,Yes,No
Maruti Suzuki,Baleno,2008,80k-120k,1000-1500cc,Good (18-24 km/l),Automatic,Petrol,Second Owner,No,Yes,No
Renault,Duster,2020,50k-80k,1000-1500cc,Excellent (24+ km/l),Manual,Diesel,First Owner,No,Yes,No
Renault,Duster,2020,20k-50k,1000-1500cc,Excellent (24+ km/l),Automatic,Electric,Second Owner,Yes,No,Yes
Hyundai,Venue,2022,0-20k,1000-1500cc,Good (18-24 km/l),Manual,Petrol,First Owner,No,No,Yes
Ford,Endeavour,2023,20k-50k,1000-1500cc,Average (12-18 km/l),Automatic,Petrol,Second Owner,Yes,No,Yes
Hyundai,Creta,2020,0-20k,1000-1500cc,Good (18-24 km/l),Automatic,Diesel,First Owner,No,No,Yes
Maruti Suzuki,WagonR,2023,0-20k,1000-1500cc,Average (12-18 km/l),Automatic,Petrol,First Owner,Yes,No,Yes
Hyundai,i20,2022,0-20k,1000-1500cc,Good (18-24 km/l),Manual,Petrol,First Owner,Yes,No,Yes
Maruti Suzuki,Dzire,2016,50k-80k,1000-1500cc,Good (18-24 km/l),Manual,Diesel,Second Owner,No,No,No
Tata,Altroz,2023,0-20k,2000cc+,Average (12-18 km/l),Automatic,Diesel,Second Owner,Yes,No,Yes
Tata,Altroz,2021,20k-50k,2000cc+,Good (18-24 km/l),Manual,Diesel,First Owner,Yes,Yes,Yes
Mahindra,Scorpio,2018,50k-80k,2000cc+,Excellent (24+ km/l),Manual,Electric,First Owner,No,Yes,No
Mahindra,XUV500,2021,20k-50k,2000cc+,Excellent (24+ km/l),Manual,Electric,First Owner,Yes,No,Yes
Hyundai,Creta,2018,0-20k,1000-1500cc,Excellent (24+ km/l),Manual,CNG,First Owner,No,No,Yes
Maruti Suzuki,Ertiga,2012,50k-80k,1000-1500cc,Good (18-24 km/l),Manual,Petrol,Fourth & Above,No,No,No
Honda,Amaze,2022,20k-50k,1000-1500cc,Excellent (24+ km/l),Manual,Petrol,First Owner,Yes,No,Yes
Tata,Altroz,2022,0-20k,2000cc+,Good (18-24 km/l),Manual,Diesel,First Owner,No,No,Yes
Hyundai,i20,2022,50k-80k,1000-1500cc,Good (18-24 km/l),Manual,Diesel,First Owner,Yes,No,Yes
Skoda,Octavia,2015,20k-50k,1500-2000cc,Good (18-24 km/l),Manual,Petrol,First Owner,No,No,Yes
Volkswagen,Taigun,2023,20k-50k,1500-2000cc,Good (18-24 km/l),Manual,Petrol,First Owner,Yes,Yes,Yes
Skoda,Octavia,2007,120k+,1000-1500cc,Excellent (24+ km/l),Manual,CNG,Second Owner,No,Yes,No
Mahindra,Bolero,2017,120k+,2000cc+,Good (18-24 km/l),Automatic,Petrol,First Owner,Yes,No,Yes
Maruti Suzuki,WagonR,2016,20k-50k,1000-1500cc,Excellent (24+ km/l),Manual,Electric,Second Owner,Yes,No,Yes
Ford,Endeavour,2009,120k+,<1000cc,Good (18-24 km/l),Manual,Diesel,Third Owner,Yes,Yes,No
Hyundai,Verna,2018,50k-80k,1000-1500cc,Excellent (24+ km/l),Manual,Diesel,First Owner,Yes,No,Yes
Mahindra,Thar,2021,20k-50k,1000-1500cc,Average (12-18 km/l),Automatic,Petrol,First Owner,Yes,No,Yes
Maruti Suzuki,Swift,2023,0-20k,1000-1500cc,Good (18-24 km/l),Automatic,Diesel,First Owner,Yes,No,Yes
Renault,Triber,2023,0-20k,1000-1500cc,Good (18-24 km/l),Manual,Diesel,First Owner,Yes,No,Yes
Maruti Suzuki,Dzire,2022,20k-50k,1000-1500cc,Good (18-24 km/l),Automatic,Petrol,First Owner,Yes,Yes,Yes
Kia,Sonet,2019,20k-50k,<1000cc,Good (18-24 km/l),Manual,Petrol,Third Owner,Yes,No,Yes
Skoda,Rapid,2022,0-20k,1000-1500cc,Good (18-24 km/l),Automatic,Diesel,First Owner,Yes,Yes,Yes
Mahindra,XUV500,2022,20k-50k,2000cc+,Good (18-24 km/l),Automatic,Petrol,First Owner,Yes,No,Yes
Volkswagen,Vento,2019,20k-50k,1000-1500cc,Excellent (24+ km/l),Manual,CNG,Second Owner,Yes,No,Yes
Toyota,Yaris,2022,0-20k,1500-2000cc,Excellent (24+ km/l),Manual,CNG,First Owner,No,No,Yes
Renault,Duster,2019,20k-50k,1000-1500cc,Good (18-24 km/l),Manual,Petrol,First Owner,Yes,No,Yes
Mahindra,Scorpio,2018,20k-50k,2000cc+,Excellent (24+ km/l),Manual,CNG,Third Owner,No,No,Yes
Renault,Triber,2020,0-20k,1000-1500cc,Good (18-24 km/l),Automatic,Diesel,First Owner,No,No,Yes
Mahindra,Scorpio,2021,20k-50k,1500-2000cc,Average (12-18 km/l),Manual,Petrol,First Owner,No,Yes,Yes
BMW,5 Series,2022,0-20k,2000cc+,Average (12-18 km/l),Automatic,Petrol,First Owner,Yes,No,Yes
Mahindra,Bolero,2017,50k-80k,2000cc+,Average (12-18 km/l),Automatic,Petrol,First Owner,No,No,Yes
Mahindra,XUV500,2020,20k-50k,1500-2000cc,Excellent (24+ km/l),Manual,Diesel,First Owner,Yes,Yes,Yes
Renault,Triber,2023,0-20k,1000-1500cc,Good (18-24 km/l),Automatic,Petrol,First Owner,Yes,No,Yes
Renault,Kwid,2023,0-20k,1000-1500cc,Good (18-24 km/l),Automatic,Petrol,First Owner,Yes,No,Yes
Honda,Amaze,2015,20k-50k,1000-1500cc,Good (18-24 km/l),Manual,Petrol,Second Owner,Yes,No,Yes
Maruti Suzuki,WagonR,2014,50k-80k,1000-1500cc,Good (18-24 km/l),Automatic,Diesel,First Owner,No,No,No
Mahindra,XUV500,2021,0-20k,1500-2000cc,Average (12-18 km/l),Automatic,Diesel,Second Owner,Yes,No,Yes
Audi,A4,2018,50k-80k,2000cc+,Good (18-24 km/l),Automatic,Hybrid,Second Owner,Yes,Yes,No
Volkswagen,Taigun,2007,20k-50k,<1000cc,Good (18-24 km/l),Automatic,Petrol,Second Owner,No,Yes,No
Renault,Kwid,2017,80k-120k,<1000cc,Good (18-24 km/l),Automatic,Petrol,Second Owner,Yes,No,Yes
Maruti Suzuki,WagonR,2022,0-20k,1000-1500cc,Average (12-18 km/l),Manual,Petrol,First Owner,Yes,No,Yes
Mahindra,Thar,2022,0-20k,2000cc+,Good (18-24 km/l),Automatic,Petrol,First Owner,Yes,No,Yes
Toyota,Fortuner,2019,20k-50k,1000-1500cc,Good (18-24 km/l),Manual,Diesel,Second Owner,No,Yes,No
Skoda,Octavia,2019,0-20k,1500-2000cc,Average (12-18 km/l),Manual,Petrol,First Owner,Yes,No,Yes
Maruti Suzuki,Baleno,2020,50k-80k,1000-1500cc,Good (18-24 km/l),Manual,Petrol,Fourth & Above,Yes,No,Yes
Skoda,Octavia,2015,20k-50k,<1000cc,Good (18-24 km/l),Automatic,Diesel,Second Owner,Yes,Yes,No
Honda,WR-V,2020,50k-80k,1000-1500cc,Good (18-24 km/l),Manual,Petrol,First Owner,Yes,No,Yes
Hyundai,Venue,2006,120k+,<1000cc,Good (18-24 km/l),Manual,Petrol,Fourth & Above,No,No,No
Hyundai,Creta,2019,20k-50k,1000-1500cc,Good (18-24 km/l),Manual,Diesel,First Owner,No,No,Yes
Hyundai,i20,2017,20k-50k,1000-1500cc,Excellent (24+ km/l),Manual,CNG,First Owner,Yes,Yes,No
Honda,Amaze,2021,0-20k,1000-1500cc,Good (18-24 km/l),Automatic,Petrol,First Owner,Yes,No,Yes
Maruti Suzuki,Dzire,2021,20k-50k,1000-1500cc,Good (18-24 km/l),Manual,Diesel,First Owner,Yes,No,Yes
Maruti Suzuki,Ertiga,2018,80k-120k,1000-1500cc,Good (18-24 km/l),Manual,Petrol,First Owner,Yes,No,Yes
Renault,Kwid,2005,120k+,1000-1500cc,Good (18-24 km/l),Automatic,Petrol,First Owner,Yes,No,Yes
Maruti Suzuki,Baleno,2016,50k-80k,1000-1500cc,Average (12-18 km/l),Manual,Petrol,Second Owner,No,No,No
Hyundai,Creta,2021,20k-50k,1000-1500cc,Good (18-24 km/l),Manual,Diesel,First Owner,No,No,Yes
Mahindra,XUV300,2010,50k-80k,1500-2000cc,Good (18-24 km/l),Manual,Petrol,Second Owner,Yes,No,Yes
Mahindra,Scorpio,2011,0-20k,1000-1500cc,Good (18-24 km/l),Manual,Diesel,Second Owner,No,Yes,No
Volkswagen,Vento,2021,20k-50k,1000-1500cc,Good (18-24 km/l),Manual,Hybrid,First Owner,Yes,No,Yes
Mahindra,Thar,2022,0-20k,1000-1500cc,Good (18-24 km/l),Automatic,Diesel,First Owner,Yes,No,Yes
Renault,Triber,2017,20k-50k,1000-1500cc,Good (18-24 km/l),Manual,CNG,Second Owner,Yes,Yes,Yes
Toyota,Yaris,2019,20k-50k,2000cc+,Good (18-24 km/l),Manual,Petrol,First Owner,No,No,Yes
Maruti Suzuki,Ertiga,2023,0-20k,1500-2000cc,Good (18-24 km/l),Manual,Petrol,First Owner,Yes,No,Yes
Maruti Suzuki,Dzire,2023,0-20k,<1000cc,Good (18-24 km/l),Manual,Petrol,First Owner,Yes,No,Yes
Mahindra,Bolero,2017,50k-80k,1500-2000cc,Good (18-24 km/l),Manual,Petrol,Second Owner,No,Yes,No
Tata,Harrier,2022,0-20k,2000cc+,Average (12-18 km/l),Automatic,Petrol,First Owner,Yes,No,Yes
Volkswagen,Polo,2020,20k-50k,1000-1500cc,Good (18-24 km/l),Manual,Diesel,Second Owner,No,No,Yes
Honda,WR-V,2023,0-20k,<1000cc,Average (12-18 km/l),Automatic,Petrol,Second Owner,Yes,No,Yes
Tata,Altroz,2019,0-20k,1000-1500cc,Excellent (24+ km/l),Manual,Diesel,Second Owner,Yes,No,Yes
Maruti Suzuki,Baleno,2022,20k-50k,1000-1500cc,Average (12-18 km/l),Automatic,Petrol,First Owner,Yes,Yes,Yes
Hyundai,i20,2022,0-20k,1000-1500cc,Good (18-24 km/l),Manual,Petrol,First Owner,Yes,No,Yes
Honda,City,2019,0-20k,1500-2000cc,Average (12-18 km/l),Manual,Petrol,First Owner,No,No,Yes
Tata,Tiago,2022,0-20k,2000cc+,Good (18-24 km/l),Manual,Diesel,First Owner,Yes,No,Yes
Mahindra,Bolero,2016,50k-80k,2000cc+,Average (12-18 km/l),Manual,Hybrid,First Owner,Yes,No,No
Maruti Suzuki,Swift,2012,120k+,1000-1500cc,Good (18-24 km/l),Manual,Petrol,Third Owner,No,No,No
Toyota,Yaris,2018,50k-80k,1500-2000cc,Good (18-24 km/l),Manual,Diesel,Second Owner,Yes,No,Yes
Skoda,Kushaq,2023,0-20k,<1000cc,Good (18-24 km/l),Manual,Diesel,First Owner,Yes,No,Yes
Hyundai,Venue,2019,0-20k,<1000cc,Good (18-24 km/l),Manual,Petrol,First Owner,No,No,Yes
Mahindra,XUV500,2021,20k-50k,1000-1500cc,Excellent (24+ km/l),Manual,CNG,First Owner,Yes,Yes,Yes
Mercedes-Benz,C-Class,2021,20k-50k,2000cc+,Average (12-18 km/l),Manual,Petrol,First Owner,Yes,No,Yes
Tata,Tiago,2012,50k-80k,1500-2000cc,Excellent (24+ km/l),Automatic,Electric,Second Owner,No,No,Yes
Honda,City,2018,20k-50k,1000-1500cc,Average (12-18 km/l),Manual,Petrol,Second Owner,Yes,No,Yes
Maruti Suzuki,Alto,2021,0-20k,1000-1500cc,Good (18-24 km/l),Automatic,Diesel,Second Owner,Yes,No,Yes
Honda,WR-V,2023,0-20k,1000-1500cc,Good (18-24 km/l),Manual,Diesel,First Owner,Yes,No,Yes
Maruti Suzuki,WagonR,2014,0-20k,1000-1500cc,Good (18-24 km/l),Manual,Petrol,Second Owner,Yes,No,Yes
Audi,A4,2018,50k-80k,2000cc+,Low (<12 km/l),Automatic,Petrol,First Owner,Yes,No,Yes
Ford,Figo,2011,80k-120k,1000-1500cc,Good (18-24 km/l),Manual,Petrol,Second Owner,No,Yes,No
Renault,Triber,2015,50k-80k,1000-1500cc,Good (18-24 km/l),Manual,Petrol,Third Owner,Yes,Yes,No
Ford,Figo,2018,20k-50k,1000-1500cc,Excellent (24+ km/l),Manual,Diesel,Fourth & Above,Yes,No,Yes
Honda,City,2020,0-20k,1500-2000cc,Good (18-24 km/l),Manual,Diesel,First Owner,Yes,No,Yes
Mahindra,Scorpio,2015,50k-80k,2000cc+,Average (12-18 km/l),Manual,Petrol,Second Owner,Yes,No,Yes
Skoda,Rapid,2015,50k-80k,<1000cc,Good (18-24 km/l),Manual,Petrol,First Owner,Yes,No,Yes
Audi,Q3,2022,0-20k,2000cc+,Average (12-18 km/l),Automatic,Petrol,First Owner,Yes,No,Yes
Mahindra,Thar,2023,0-20k,2000cc+,Good (18-24 km/l),Manual,Petrol,Second Owner,Yes,No,Yes
BMW,5 Series,2017,50k-80k,2000cc+,Good (18-24 km/l),Manual,Diesel,Second Owner,Yes,Yes,Yes
Honda,Amaze,2021,20k-50k,<1000cc,Excellent (24+ km/l),Automatic,Petrol,First Owner,Yes,No,Yes
Honda,Jazz,2016,80k-120k,1000-1500cc,Good (18-24 km/l),Manual,Petrol,Second Owner,No,Yes,No
Mahindra,Bolero,2023,0-20k,1500-2000cc,Good (18-24 km/l),Automatic,Petrol,First Owner,Yes,No,Yes
Hyundai,i10,2021,20k-50k,<1000cc,Good (18-24 km/l),Automatic,Petrol,Second Owner,Yes,Yes,Yes
Maruti Suzuki,Ertiga,2022,20k-50k,1000-1500cc,Good (18-24 km/l),Automatic,Petrol,Second Owner,No,No,Yes
Hyundai,Verna,2009,80k-120k,<1000cc,Good (18-24 km/l),Manual,Petrol,Third Owner,No,Yes,No
Mahindra,XUV300,2020,0-20k,2000cc+,Good (18-24 km/l),Manual,Petrol,First Owner,Yes,No,Yes
Tata,Tiago,2020,20k-50k,1000-1500cc,Good (18-24 km/l),Automatic,Diesel,First Owner,No,No,Yes
Mahindra,Scorpio,2016,20k-50k,1000-1500cc,Good (18-24 km/l),Manual,Petrol,First Owner,Yes,No,Yes
Mercedes-Benz,C-Class,2016,20k-50k,2000cc+,Average (12-18 km/l),Automatic,Diesel,First Owner,No,No,Yes
Tata,Punch,2020,0-20k,1500-2000cc,Good (18-24 km/l),Manual,Petrol,First Owner,Yes,No,Yes
Mahindra,XUV500,2021,20k-50k,2000cc+,Good (18-24 km/l),Manual,Petrol,First Owner,No,No,Yes
Maruti Suzuki,Swift,2008,80k-120k,1000-1500cc,Good (18-24 km/l),Manual,Petrol,Fourth & Above,No,Yes,No
Maruti Suzuki,Ertiga,2020,0-20k,1000-1500cc,Good (18-24 km/l),Automatic,Petrol,First Owner,No,No,Yes
Volkswagen,Taigun,2014,20k-50k,1000-1500cc,Good (18-24 km/l),Manual,Petrol,First Owner,No,No,Yes
Honda,City,2013,50k-80k,1000-1500cc,Excellent (24+ km/l),Manual,CNG,Fourth & Above,No,Yes,No
Volkswagen,Taigun,2021,0-20k,1000-1500cc,Good (18-24 km/l),Automatic,Petrol,First Owner,No,No,Yes
Maruti Suzuki,Baleno,2017,50k-80k,1000-1500cc,Good (18-24 km/l),Manual,Petrol,Second Owner,Yes,No,Yes
Honda,WR-V,2019,50k-80k,1000-1500cc,Good (18-24 km/l),Manual,Diesel,First Owner,Yes,No,Yes
Hyundai,Verna,2018,80k-120k,1000-1500cc,Good (18-24 km/l),Manual,Petrol,First Owner,No,No,Yes
Hyundai,Creta,2021,20k-50k,1000-1500cc,Good (18-24 km/l),Automatic,Diesel,First Owner,Yes,No,Yes
Maruti Suzuki,Baleno,2019,80k-120k,1000-1500cc,Good (18-24 km/l),Automatic,Petrol,First Owner,No,Yes,No
Maruti Suzuki,Baleno,2023,0-20k,1000-1500cc,Good (18-24 km/l),Automatic,Diesel,First Owner,Yes,No,Yes
Hyundai,i20,2017,120k+,1000-1500cc,Good (18-24 km/l),Manual,Diesel,First Owner,No,Yes,No
Maruti Suzuki,WagonR,2022,20k-50k,1000-1500cc,Good (18-24 km/l),Automatic,Petrol,First Owner,Yes,No,Yes
Mercedes-Benz,C-Class,2016,50k-80k,2000cc+,Average (12-18 km/l),Automatic,Hybrid,Second Owner,Yes,Yes,No
Hyundai,i10,2019,20k-50k,1000-1500cc,Good (18-24 km/l),Manual,Diesel,First Owner,Yes,No,Yes
Maruti Suzuki,Swift,2020,0-20k,1000-1500cc,Good (18-24 km/l),Manual,Diesel,Third Owner,Yes,Yes,Yes
Hyundai,Venue,2017,0-20k,1000-1500cc,Average (12-18 km/l),Manual,Petrol,First Owner,Yes,No,Yes
Honda,WR-V,2019,0-20k,1000-1500cc,Good (18-24 km/l),Manual,CNG,First Owner,Yes,No,Yes
Maruti Suzuki,Baleno,2016,0-20k,1000-1500cc,Good (18-24 km/l),Manual,Petrol,First Owner,Yes,No,Yes
Skoda,Kushaq,2005,120k+,1000-1500cc,Excellent (24+ km/l),Manual,Electric,Third Owner,No,Yes,No
Audi,A4,2015,0-20k,2000cc+,Average (12-18 km/l),Manual,Petrol,Second Owner,Yes,Yes,No
Hyundai,Creta,2021,20k-50k,1000-1500cc,Excellent (24+ km/l),Manual,CNG,First Owner,No,Yes,Yes
Mahindra,XUV500,2022,0-20k,2000cc+,Average (12-18 km/l),Manual,Diesel,First Owner,Yes,Yes,Yes
Maruti Suzuki,Alto,2016,80k-120k,1000-1500cc,Good (18-24 km/l),Manual,Diesel,Fourth & Above,No,No,No
Toyota,Fortuner,2018,20k-50k,2000cc+,Good (18-24 km/l),Manual,Petrol,Third Owner,No,No,No
Tata,Altroz,2008,120k+,1500-2000cc,Good (18-24 km/l),Manual,Petrol,Third Owner,No,No,No
Hyundai,i20,2015,80k-120k,1500-2000cc,Good (18-24 km/l),Manual,Diesel,First Owner,Yes,Yes,No
Hyundai,Verna,2022,0-20k,1000-1500cc,Good (18-24 km/l),Manual,Petrol,First Owner,No,Yes,Yes
Toyota,Glanza,2020,20k-50k,1000-1500cc,Excellent (24+ km/l),Manual,Diesel,Third Owner,Yes,No,Yes
Tata,Altroz,2015,80k-120k,1000-1500cc,Good (18-24 km/l),Manual,Hybrid,First Owner,Yes,Yes,No
Maruti Suzuki,Baleno,2016,80k-120k,1000-1500cc,Good (18-24 km/l),Manual,Petrol,First Owner,Yes,Yes,No
Ford,Endeavour,2022,0-20k,1000-1500cc,Good (18-24 km/l),Automatic,Petrol,First Owner,Yes,No,Yes
Honda,Amaze,2015,0-20k,1000-1500cc,Excellent (24+ km/l),Manual,Petrol,Second Owner,Yes,Yes,Yes
Skoda,Kushaq,2017,50k-80k,1000-1500cc,Good (18-24 km/l),Manual,Petrol,First Owner,Yes,No,Yes
Maruti Suzuki,Swift,2021,0-20k,1000-1500cc,Excellent (24+ km/l),Manual,Diesel,First Owner,Yes,No,Yes
Renault,Kwid,2020,20k-50k,1000-1500cc,Good (18-24 km/l),Manual,Petrol,First Owner,No,Yes,No
Toyota,Yaris,2019,0-20k,1000-1500cc,Good (18-24 km/l),Manual,Petrol,Second Owner,No,No,Yes
Maruti Suzuki,Dzire,2023,20k-50k,1500-2000cc,Average (12-18 km/l),Automatic,Hybrid,Second Owner,Yes,No,Yes
Ford,EcoSport,2015,20k-50k,1000-1500cc,Good (18-24 km/l),Manual,Petrol,Second Owner,Yes,No,Yes
Mahindra,Scorpio,2022,20k-50k,2000cc+,Good (18-24 km/l),Automatic,CNG,First Owner,Yes,No,Yes
BMW,3 Series,2013,20k-50k,2000cc+,Average (12-18 km/l),Automatic,Petrol,Third Owner,Yes,Yes,No
Maruti Suzuki,Ertiga,2021,20k-50k,1500-2000cc,Average (12-18 km/l),Automatic,Petrol,First Owner,Yes,No,Yes
Toyota,Fortuner,2023,20k-50k,1000-1500cc,Good (18-24 km/l),Automatic,Petrol,Second Owner,Yes,No,Yes
Tata,Altroz,2019,50k-80k,2000cc+,Average (12-18 km/l),Automatic,Petrol,First Owner,Yes,No,Yes
Audi,Q3,2022,20k-50k,2000cc+,Good (18-24 km/l),Automatic,Diesel,Second Owner,Yes,No,Yes
Tata,Tiago,2022,20k-50k,1500-2000cc,Good (18-24 km/l),Automatic,Petrol,Second Owner,Yes,No,Yes
Audi,Q3,2013,50k-80k,2000cc+,Average (12-18 km/l),Manual,Diesel,First Owner,Yes,Yes,No
Kia,Carens,2021,50k-80k,1000-1500cc,Good (18-24 km/l),Manual,Petrol,First Owner,Yes,No,Yes
Hyundai,i20,2023,0-20k,<1000cc,Good (18-24 km/l),Manual,Diesel,First Owner,Yes,No,Yes
Renault,Duster,2020,0-20k,<1000cc,Good (18-24 km/l),Manual,Petrol,First Owner,No,No,Yes
Mercedes-Benz,C-Class,2014,50k-80k,2000cc+,Average (12-18 km/l),Automatic,Diesel,Third Owner,Yes,No,No
Hyundai,i10,2012,50k-80k,1000-1500cc,Excellent (24+ km/l),Manual,Petrol,Third Owner,No,Yes,No
Mahindra,XUV300,2016,50k-80k,2000cc+,Average (12-18 km/l),Manual,Petrol,First Owner,Yes,Yes,Yes
Mahindra,Scorpio,2011,20k-50k,1500-2000cc,Average (12-18 km/l),Automatic,Diesel,Fourth & Above,Yes,No,No
Hyundai,Verna,2020,20k-50k,1000-1500cc,Excellent (24+ km/l),Manual,CNG,First Owner,Yes,Yes,Yes
Maruti Suzuki,Alto,2010,50k-80k,1000-1500cc,Good (18-24 km/l),Manual,Diesel,Third Owner,No,No,No
Hyundai,i10,2015,50k-80k,1000-1500cc,Excellent (24+ km/l),Manual,Diesel,Second Owner,No,No,Yes
Hyundai,i20,2019,50k-80k,1000-1500cc,Excellent (24+ km/l),Manual,CNG,First Owner,No,No,Yes
Mahindra,XUV500,2019,20k-50k,2000cc+,Average (12-18 km/l),Manual,Petrol,Second Owner,Yes,Yes,No
Maruti Suzuki,Ertiga,2020,20k-50k,1000-1500cc,Good (18-24 km/l),Automatic,Petrol,Third Owner,Yes,No,No
Kia,Carens,2021,0-20k,1000-1500cc,Good (18-24 km/l),Automatic,Diesel,First Owner,Yes,No,Yes
Ford,Figo,2008,120k+,1000-1500cc,Excellent (24+ km/l),Manual,CNG,Third Owner,No,Yes,No
Maruti Suzuki,Ertiga,2010,20k-50k,1000-1500cc,Average (12-18 km/l),Automatic,Diesel,Second Owner,No,No,No
Toyota,Yaris,2009,20k-50k,1000-1500cc,Excellent (24+ km/l),Manual,Electric,Fourth & Above,Yes,Yes,No
Toyota,Innova,2018,20k-50k,1500-2000cc,Average (12-18 km/l),Manual,Petrol,Third Owner,No,Yes,No
Audi,A4,2008,50k-80k,2000cc+,Good (18-24 km/l),Manual,Diesel,Second Owner,No,Yes,No
Maruti Suzuki,Baleno,2022,20k-50k,1000-1500cc,Good (18-24 km/l),Automatic,Petrol,Second Owner,No,No,Yes
Hyundai,Venue,2015,120k+,1000-1500cc,Good (18-24 km/l),Manual,Diesel,First Owner,No,No,No
BMW,5 Series,2023,0-20k,2000cc+,Average (12-18 km/l),Automatic,Diesel,First Owner,Yes,No,Yes
BMW,3 Series,2019,0-20k,2000cc+,Good (18-24 km/l),Automatic,Diesel,First Owner,Yes,No,Yes
Ford,Figo,2019,0-20k,1000-1500cc,Good (18-24 km/l),Manual,Petrol,First Owner,Yes,No,Yes
Volkswagen,Vento,2022,0-20k,1000-1500cc,Good (18-24 km/l),Automatic,Hybrid,First Owner,Yes,No,Yes
Maruti Suzuki,Alto,2021,20k-50k,1000-1500cc,Good (18-24 km/l),Automatic,Petrol,First Owner,Yes,No,Yes
Mahindra,XUV300,2021,20k-50k,1500-2000cc,Good (18-24 km/l),Automatic,Petrol,First Owner,Yes,No,Yes
Hyundai,i10,2023,0-20k,1000-1500cc,Good (18-24 km/l),Manual,Diesel,First Owner,Yes,No,Yes
Hyundai,Venue,2018,0-20k,<1000cc,Good (18-24 km/l),Automatic,Diesel,Second Owner,Yes,No,Yes
Renault,Duster,2022,0-20k,1000-1500cc,Excellent (24+ km/l),Manual,Diesel,First Owner,Yes,Yes,Yes
Maruti Suzuki,Alto,2018,20k-50k,1000-1500cc,Excellent (24+ km/l),Manual,CNG,Second Owner,Yes,No,Yes
Mahindra,XUV300,2022,20k-50k,2000cc+,Average (12-18 km/l),Manual,Petrol,First Owner,Yes,No,Yes
BMW,X1,2016,0-20k,1500-2000cc,Good (18-24 km/l),Manual,Petrol,Second Owner,Yes,No,Yes
Hyundai,Verna,2016,0-20k,1000-1500cc,Excellent (24+ km/l),Automatic,Electric,First Owner,Yes,No,Yes
Mercedes-Benz,GLA,2021,20k-50k,1500-2000cc,Average (12-18 km/l),Automatic,Diesel,First Owner,Yes,No,Yes
Mercedes-Benz,C-Class,2015,50k-80k,1500-2000cc,Average (12-18 km/l),Automatic,Petrol,First Owner,Yes,No,Yes
Honda,WR-V,2015,120k+,1500-2000cc,Excellent (24+ km/l),Manual,CNG,Second Owner,No,No,No
Maruti Suzuki,Baleno,2017,20k-50k,1500-2000cc,Good (18-24 km/l),Manual,Diesel,First Owner,Yes,No,Yes
Hyundai,i10,2021,50k-80k,1000-1500cc,Good (18-24 km/l),Automatic,Diesel,First Owner,Yes,Yes,Yes
Tata,Nexon,2023,0-20k,2000cc+,Average (12-18 km/l),Manual,Petrol,Second Owner,Yes,No,Yes
Hyundai,Verna,2021,0-20k,1000-1500cc,Good (18-24 km/l),Manual,Petrol,First Owner,Yes,No,Yes
Hyundai,Verna,2022,0-20k,<1000cc,Excellent (24+ km/l),Manual,Diesel,First Owner,Yes,No,Yes
Audi,A4,2020,20k-50k,1500-2000cc,Good (18-24 km/l),Automatic,Diesel,First Owner,Yes,No,Yes
Maruti Suzuki,WagonR,2010,120k+,1000-1500cc,Excellent (24+ km/l),Manual,Diesel,Third Owner,Yes,Yes,No
Volkswagen,Polo,2011,120k+,1000-1500cc,Good (18-24 km/l),Manual,Petrol,Fourth & Above,No,No,No
Maruti Suzuki,Dzire,2020,0-20k,1000-1500cc,Good (18-24 km/l),Automatic,Petrol,First Owner,No,No,Yes
Honda,Jazz,2017,20k-50k,1000-1500cc,Good (18-24 km/l),Manual,Petrol,First Owner,No,No,Yes
BMW,3 Series,2015,120k+,1500-2000cc,Good (18-24 km/l),Automatic,Diesel,First Owner,Yes,Yes,No
Hyundai,Venue,2019,0-20k,1000-1500cc,Good (18-24 km/l),Manual,Diesel,Second Owner,No,No,Yes
Hyundai,Venue,2021,20k-50k,1500-2000cc,Good (18-24 km/l),Manual,Petrol,First Owner,Yes,Yes,Yes
Toyota,Yaris,2018,0-20k,2000cc+,Good (18-24 km/l),Manual,Diesel,First Owner,No,No,Yes
Ford,Figo,2022,0-20k,<1000cc,Good (18-24 km/l),Manual,Petrol,First Owner,Yes,No,Yes
Ford,EcoSport,2022,0-20k,1500-2000cc,Good (18-24 km/l),Manual,Diesel,First Owner,Yes,No,Yes
Hyundai,Verna,2022,20k-50k,1000-1500cc,Good (18-24 km/l),Manual,Petrol,First Owner,Yes,No,Yes
Hyundai,i10,2023,0-20k,1000-1500cc,Good (18-24 km/l),Automatic,Diesel,First Owner,Yes,No,Yes
Audi,Q3,2016,50k-80k,2000cc+,Average (12-18 km/l),Automatic,Petrol,Second Owner,Yes,Yes,No
BMW,3 Series,2021,20k-50k,2000cc+,Good (18-24 km/l),Automatic,Petrol,Fourth & Above,Yes,No,Yes
Mahindra,XUV500,2023,0-20k,1500-2000cc,Good (18-24 km/l),Manual,Petrol,First Owner,Yes,No,Yes
Skoda,Kushaq,2020,50k-80k,<1000cc,Excellent (24+ km/l),Manual,Electric,Second Owner,No,No,Yes
Mahindra,Bolero,2022,0-20k,2000cc+,Average (12-18 km/l),Automatic,Petrol,First Owner,Yes,No,Yes
Tata,Altroz,2018,20k-50k,1000-1500cc,Good (18-24 km/l),Manual,Petrol,Third Owner,Yes,No,Yes
Maruti Suzuki,Baleno,2020,0-20k,1500-2000cc,Good (18-24 km/l),Manual,Petrol,First Owner,Yes,No,Yes
Tata,Nexon,2009,120k+,1000-1500cc,Good (18-24 km/l),Manual,CNG,First Owner,No,Yes,No
Honda,City,2023,0-20k,1000-1500cc,Good (18-24 km/l),Automatic,Petrol,First Owner,Yes,No,Yes
Maruti Suzuki,Alto,2022,20k-50k,1000-1500cc,Average (12-18 km/l),Manual,Petrol,First Owner,Yes,Yes,Yes
Mahindra,Scorpio,2023,0-20k,2000cc+,Good (18-24 km/l),Manual,Petrol,First Owner,Yes,No,Yes
Renault,Kwid,2021,50k-80k,1000-1500cc,Average (12-18 km/l),Manual,Hybrid,First Owner,Yes,No,Yes
Ford,Figo,2014,0-20k,<1000cc,Good (18-24 km/l),Manual,Hybrid,Fourth & Above,Yes,No,Yes
Toyota,Innova,2007,120k+,1500-2000cc,Good (18-24 km/l),Manual,Petrol,Second Owner,No,Yes,No
Kia,Sonet,2023,0-20k,1000-1500cc,Good (18-24 km/l),Manual,Diesel,First Owner,Yes,No,Yes
Maruti Suzuki,Baleno,2018,20k-50k,1500-2000cc,Average (12-18 km/l),Manual,Petrol,Second Owner,Yes,No,No
Honda,Jazz,2016,0-20k,1000-1500cc,Good (18-24 km/l),Manual,Petrol,First Owner,Yes,No,Yes
Renault,Kwid,2020,20k-50k,1000-1500cc,Good (18-24 km/l),Automatic,Diesel,First Owner,Yes,No,Yes
Honda,WR-V,2018,20k-50k,1000-1500cc,Good (18-24 km/l),Manual,Petrol,Fourth & Above,No,No,No
Tata,Tiago,2021,20k-50k,2000cc+,Average (12-18 km/l),Manual,Petrol,First Owner,Yes,Yes,Yes
Maruti Suzuki,Baleno,2019,0-20k,1000-1500cc,Excellent (24+ km/l),Manual,CNG,First Owner,Yes,No,Yes
Kia,Carens,2021,0-20k,1000-1500cc,Good (18-24 km/l),Manual,Petrol,First Owner,Yes,No,Yes
Mahindra,Scorpio,2023,0-20k,2000cc+,Good (18-24 km/l),Manual,Petrol,First Owner,Yes,No,Yes
Kia,Seltos,2014,80k-120k,1500-2000cc,Average (12-18 km/l),Automatic,Diesel,Fourth & Above,No,No,No
Honda,City,2017,50k-80k,<1000cc,Good (18-24 km/l),Manual,Petrol,First Owner,Yes,No,Yes
Toyota,Yaris,2019,50k-80k,2000cc+,Good (18-24 km/l),Manual,Petrol,Third Owner,Yes,Yes,Yes
Renault,Kwid,2023,0-20k,1500-2000cc,Average (12-18 km/l),Manual,Petrol,First Owner,Yes,No,Yes
Toyota,Yaris,2018,20k-50k,2000cc+,Good (18-24 km/l),Manual,Petrol,First Owner,Yes,No,Yes
Tata,Altroz,2018,0-20k,2000cc+,Average (12-18 km/l),Manual,Petrol,Second Owner,No,No,Yes
Mahindra,XUV500,2021,20k-50k,1500-2000cc,Good (18-24 km/l),Automatic,Petrol,Second Owner,No,No,Yes
Renault,Duster,2018,50k-80k,1000-1500cc,Average (12-18 km/l),Automatic,Petrol,First Owner,Yes,No,Yes
Tata,Altroz,2023,0-20k,1500-2000cc,Excellent (24+ km/l),Automatic,Electric,First Owner,Yes,No,Yes
Tata,Punch,2023,0-20k,1500-2000cc,Average (12-18 km/l),Manual,Petrol,First Owner,Yes,No,Yes
Maruti Suzuki,Alto,2020,20k-50k,1000-1500cc,Good (18-24 km/l),Manual,Diesel,First Owner,Yes,Yes,Yes
BMW,5 Series,2021,0-20k,2000cc+,Average (12-18 km/l),Automatic,Petrol,First Owner,Yes,Yes,Yes
Maruti Suzuki,Swift,2009,0-20k,1000-1500cc,Excellent (24+ km/l),Manual,CNG,Second Owner,Yes,Yes,No
Toyota,Yaris,2021,20k-50k,2000cc+,Good (18-24 km/l),Manual,Diesel,First Owner,Yes,No,Yes
Tata,Tiago,2021,50k-80k,2000cc+,Good (18-24 km/l),Manual,Diesel,First Owner,Yes,No,Yes
Tata,Tiago,2017,50k-80k,1500-2000cc,Good (18-24 km/l),Automatic,Petrol,Second Owner,Yes,No,Yes
Toyota,Yaris,2015,20k-50k,2000cc+,Good (18-24 km/l),Manual,Petrol,Second Owner,No,Yes,No
Maruti Suzuki,Baleno,2023,0-20k,<1000cc,Good (18-24 km/l),Manual,Petrol,First Owner,Yes,Yes,Yes
Honda,Jazz,2018,20k-50k,1000-1500cc,Good (18-24 km/l),Manual,Hybrid,Third Owner,Yes,No,Yes
Volkswagen,Polo,2021,20k-50k,1500-2000cc,Good (18-24 km/l),Manual,Petrol,First Owner,Yes,No,Yes
Renault,Duster,2008,20k-50k,<1000cc,Good (18-24 km/l),Manual,Petrol,Third Owner,No,No,Yes
Maruti Suzuki,Ertiga,2018,20k-50k,1500-2000cc,Good (18-24 km/l),Manual,Petrol,Second Owner,Yes,No,Yes
Kia,Carens,2022,20k-50k,1500-2000cc,Good (18-24 km/l),Automatic,Petrol,First Owner,Yes,No,Yes
Toyota,Fortuner,2018,50k-80k,2000cc+,Good (18-24 km/l),Manual,Diesel,Third Owner,Yes,No,Yes
Kia,Sonet,2020,20k-50k,1000-1500cc,Good (18-24 km/l),Automatic,Diesel,Second Owner,Yes,No,Yes
Mahindra,Thar,2015,50k-80k,1000-1500cc,Good (18-24 km/l),Manual,Petrol,Third Owner,Yes,No,Yes
Honda,Amaze,2018,0-20k,<1000cc,Good (18-24 km/l),Manual,Petrol,First Owner,No,No,Yes
BMW,X1,2023,0-20k,1500-2000cc,Average (12-18 km/l),Manual,Petrol,First Owner,Yes,No,Yes
Kia,Sonet,2020,20k-50k,1000-1500cc,Good (18-24 km/l),Automatic,Petrol,Third Owner,No,No,No
Mahindra,Scorpio,2023,0-20k,2000cc+,Good (18-24 km/l),Automatic,Hybrid,First Owner,Yes,No,Yes
Hyundai,i10,2023,0-20k,1000-1500cc,Good (18-24 km/l),Manual,Diesel,First Owner,No,No,Yes
Tata,Punch,2023,0-20k,1500-2000cc,Excellent (24+ km/l),Manual,CNG,First Owner,Yes,No,Yes
Tata,Tiago,2023,0-20k,1500-2000cc,Good (18-24 km/l),Manual,Petrol,First Owner,Yes,No,Yes
Hyundai,Creta,2005,80k-120k,1500-2000cc,Good (18-24 km/l),Manual,CNG,First Owner,No,Yes,No
Hyundai,i20,2023,0-20k,<1000cc,Good (18-24 km/l),Manual,Petrol,First Owner,Yes,No,Yes
Skoda,Rapid,2013,80k-120k,1000-1500cc,Good (18-24 km/l),Manual,Petrol,Second Owner,No,Yes,No
Maruti Suzuki,Dzire,2008,20k-50k,1000-1500cc,Good (18-24 km/l),Manual,Petrol,First Owner,No,No,No
Toyota,Yaris,2009,50k-80k,2000cc+,Good (18-24 km/l),Manual,Diesel,First Owner,No,Yes,No
Maruti Suzuki,Swift,2017,20k-50k,1000-1500cc,Good (18-24 km/l),Manual,Petrol,First Owner,Yes,No,Yes
Tata,Altroz,2021,0-20k,1000-1500cc,Excellent (24+ km/l),Manual,Diesel,First Owner,Yes,No,Yes
Maruti Suzuki,Swift,2018,20k-50k,1000-1500cc,Excellent (24+ km/l),Manual,CNG,Second Owner,No,No,Yes
Hyundai,i10,2007,120k+,1000-1500cc,Good (18-24 km/l),Manual,Diesel,Second Owner,Yes,No,No
Volkswagen,Polo,2019,0-20k,1000-1500cc,Excellent (24+ km/l),Manual,Electric,Second Owner,Yes,No,Yes
Kia,Carens,2019,80k-120k,1500-2000cc,Good (18-24 km/l),Manual,Petrol,Fourth & Above,Yes,No,No
Hyundai,i10,2022,0-20k,<1000cc,Good (18-24 km/l),Manual,Petrol,First Owner,Yes,No,Yes
Mahindra,XUV300,2016,80k-120k,1000-1500cc,Good (18-24 km/l),Manual,Diesel,Third Owner,Yes,Yes,No
Mahindra,XUV500,2015,20k-50k,1500-2000cc,Good (18-24 km/l),Manual,Petrol,Fourth & Above,No,Yes,No
Kia,Seltos,2016,50k-80k,1000-1500cc,Good (18-24 km/l),Manual,Petrol,Second Owner,No,No,Yes
Volkswagen,Polo,2017,50k-80k,1500-2000cc,Good (18-24 km/l),Manual,Petrol,Second Owner,No,No,No
Mahindra,Scorpio,2020,20k-50k,1500-2000cc,Good (18-24 km/l),Manual,Diesel,Second Owner,Yes,No,Yes
Toyota,Glanza,2019,20k-50k,2000cc+,Good (18-24 km/l),Manual,Diesel,Fourth & Above,Yes,Yes,No
Skoda,Kushaq,2017,120k+,1000-1500cc,Good (18-24 km/l),Manual,Diesel,Second Owner,No,Yes,No
Maruti Suzuki,Ertiga,2018,20k-50k,<1000cc,Good (18-24 km/l),Manual,Petrol,First Owner,No,No,Yes
Tata,Nexon,2018,20k-50k,2000cc+,Average (12-18 km/l),Manual,Petrol,First Owner,No,No,Yes
Kia,Seltos,2023,20k-50k,1000-1500cc,Good (18-24 km/l),Automatic,Petrol,First Owner,Yes,Yes,Yes
Volkswagen,Polo,2015,120k+,1000-1500cc,Good (18-24 km/l),Manual,Petrol,Third Owner,No,Yes,No
Honda,Jazz,2022,50k-80k,1000-1500cc,Good (18-24 km/l),Manual,Petrol,First Owner,No,No,Yes
Mahindra,Bolero,2021,0-20k,1000-1500cc,Excellent (24+ km/l),Manual,CNG,First Owner,Yes,No,Yes
Tata,Harrier,2005,0-20k,1000-1500cc,Excellent (24+ km/l),Automatic,CNG,Fourth & Above,No,Yes,No
Mahindra,XUV300,2023,0-20k,2000cc+,Good (18-24 km/l),Manual,Diesel,Third Owner,Yes,No,Yes
Toyota,Innova,2022,20k-50k,1500-2000cc,Good (18-24 km/l),Automatic,Petrol,First Owner,Yes,No,Yes
Tata,Harrier,2021,20k-50k,1000-1500cc,Good (18-24 km/l),Automatic,Petrol,First Owner,Yes,No,Yes
Ford,Figo,2018,80k-120k,1500-2000cc,Good (18-24 km/l),Manual,Diesel,Second Owner,No,No,Yes
Skoda,Octavia,2020,50k-80k,1000-1500cc,Good (18-24 km/l),Manual,Petrol,Third Owner,Yes,Yes,No
Maruti Suzuki,Ertiga,2016,20k-50k,<1000cc,Good (18-24 km/l),Manual,Diesel,Second Owner,Yes,No,Yes
Mahindra,Thar,2008,80k-120k,2000cc+,Excellent (24+ km/l),Automatic,CNG,Third Owner,No,Yes,No
Tata,Nexon,2022,0-20k,2000cc+,Average (12-18 km/l),Automatic,Petrol,First Owner,Yes,No,Yes
Ford,Endeavour,2023,0-20k,1000-1500cc,Excellent (24+ km/l),Automatic,Diesel,Second Owner,Yes,No,Yes
Hyundai,i10,2013,20k-50k,1000-1500cc,Excellent (24+ km/l),Manual,CNG,Third Owner,No,Yes,No
Toyota,Fortuner,2022,0-20k,1500-2000cc,Good (18-24 km/l),Manual,Petrol,First Owner,Yes,Yes,Yes
Kia,Sonet,2022,0-20k,<1000cc,Good (18-24 km/l),Automatic,Diesel,First Owner,Yes,Yes,Yes
Tata,Punch,2014,0-20k,2000cc+,Good (18-24 km/l),Manual,Diesel,First Owner,No,No,Yes
BMW,5 Series,2018,80k-120k,1500-2000cc,Good (18-24 km/l),Automatic,Petrol,First Owner,Yes,Yes,Yes
Mercedes-Benz,GLA,2018,80k-120k,2000cc+,Good (18-24 km/l),Automatic,Diesel,Second Owner,Yes,Yes,No
Maruti Suzuki,Baleno,2022,20k-50k,<1000cc,Good (18-24 km/l),Manual,Diesel,First Owner,Yes,No,Yes
Hyundai,Verna,2022,0-20k,1000-1500cc,Excellent (24+ km/l),Manual,Diesel,First Owner,Yes,No,Yes
Audi,Q3,2011,0-20k,1500-2000cc,Good (18-24 km/l),Automatic,Petrol,Third Owner,Yes,Yes,No
Audi,A4,2020,50k-80k,1500-2000cc,Good (18-24 km/l),Manual,Diesel,Second Owner,Yes,No,No
Maruti Suzuki,Swift,2022,20k-50k,1000-1500cc,Good (18-24 km/l),Manual,Petrol,Third Owner,Yes,Yes,No
Maruti Suzuki,Baleno,2022,0-20k,1000-1500cc,Average (12-18 km/l),Manual,Petrol,First Owner,Yes,No,Yes
Maruti Suzuki,Swift,2013,120k+,1000-1500cc,Good (18-24 km/l),Manual,Diesel,First Owner,Yes,No,No
Mercedes-Benz,GLA,2020,20k-50k,1500-2000cc,Good (18-24 km/l),Automatic,Diesel,Second Owner,No,Yes,No
Maruti Suzuki,Swift,2023,0-20k,<1000cc,Good (18-24 km/l),Manual,Petrol,First Owner,Yes,No,Yes
Mahindra,Scorpio,2017,50k-80k,2000cc+,Good (18-24 km/l),Manual,Petrol,First Owner,No,Yes,No
Skoda,Kushaq,2018,80k-120k,1000-1500cc,Good (18-24 km/l),Manual,Petrol,Second Owner,Yes,No,Yes
Maruti Suzuki,Alto,2022,0-20k,1000-1500cc,Good (18-24 km/l),Automatic,Petrol,First Owner,Yes,No,Yes
Honda,City,2011,50k-80k,1000-1500cc,Good (18-24 km/l),Manual,Petrol,Second Owner,No,No,No
Hyundai,i10,2023,0-20k,1500-2000cc,Average (12-18 km/l),Manual,Petrol,First Owner,Yes,No,Yes
Skoda,Rapid,2017,20k-50k,1500-2000cc,Good (18-24 km/l),Manual,Diesel,Second Owner,Yes,No,Yes
Hyundai,i10,2005,50k-80k,1000-1500cc,Good (18-24 km/l),Manual,Petrol,Third Owner,No,Yes,No
Ford,Endeavour,2015,120k+,1000-1500cc,Average (12-18 km/l),Manual,Petrol,Second Owner,No,Yes,No
Toyota,Fortuner,2011,120k+,2000cc+,Excellent (24+ km/l),Manual,CNG,Second Owner,Yes,No,No
Hyundai,Verna,2011,0-20k,1000-1500cc,Good (18-24 km/l),Manual,Diesel,Third Owner,No,No,No
Maruti Suzuki,Dzire,2021,20k-50k,<1000cc,Good (18-24 km/l),Manual,Petrol,First Owner,No,No,Yes
Tata,Tiago,2015,80k-120k,2000cc+,Good (18-24 km/l),Manual,Petrol,Third Owner,Yes,No,No
Hyundai,i20,2023,0-20k,1000-1500cc,Good (18-24 km/l),Manual,Diesel,First Owner,Yes,Yes,Yes
Renault,Duster,2020,0-20k,1000-1500cc,Good (18-24 km/l),Automatic,Petrol,First Owner,No,No,Yes
Renault,Kwid,2019,20k-50k,1000-1500cc,Good (18-24 km/l),Manual,Diesel,First Owner,Yes,No,Yes
Mahindra,XUV300,2019,50k-80k,2000cc+,Average (12-18 km/l),Manual,Petrol,First Owner,Yes,No,Yes
Honda,Jazz,2021,0-20k,1000-1500cc,Good (18-24 km/l),Automatic,Petrol,Second Owner,Yes,No,Yes
Honda,WR-V,2019,50k-80k,1500-2000cc,Excellent (24+ km/l),Manual,CNG,Second Owner,Yes,Yes,No
Renault,Duster,2012,120k+,1000-1500cc,Good (18-24 km/l),Manual,Petrol,First Owner,No,No,No
Tata,Harrier,2023,0-20k,2000cc+,Average (12-18 km/l),Automatic,Petrol,Second Owner,Yes,No,Yes
Hyundai,Verna,2018,20k-50k,<1000cc,Excellent (24+ km/l),Manual,Diesel,First Owner,Yes,No,Yes
Hyundai,Verna,2010,50k-80k,1000-1500cc,Good (18-24 km/l),Automatic,Hybrid,First Owner,No,No,No
Honda,City,2020,20k-50k,1000-1500cc,Good (18-24 km/l),Manual,Petrol,First Owner,Yes,No,Yes
Mahindra,XUV500,2021,0-20k,1000-1500cc,Good (18-24 km/l),Manual,Petrol,First Owner,No,No,Yes
Mahindra,Scorpio,2016,0-20k,2000cc+,Excellent (24+ km/l),Manual,CNG,Fourth & Above,No,No,Yes
Maruti Suzuki,WagonR,2022,0-20k,1000-1500cc,Good (18-24 km/l),Automatic,Diesel,First Owner,Yes,Yes,Yes
Ford,Endeavour,2021,50k-80k,1000-1500cc,Excellent (24+ km/l),Manual,CNG,Third Owner,Yes,No,Yes
Hyundai,i20,2021,0-20k,1000-1500cc,Good (18-24 km/l),Manual,Diesel,First Owner,Yes,No,Yes
Hyundai,Venue,2018,0-20k,1000-1500cc,Good (18-24 km/l),Manual,Petrol,Second Owner,Yes,Yes,Yes
Tata,Harrier,2023,0-20k,1500-2000cc,Average (12-18 km/l),Automatic,Petrol,Third Owner,Yes,No,Yes
Hyundai,Venue,2016,20k-50k,1000-1500cc,Good (18-24 km/l),Manual,Petrol,First Owner,Yes,Yes,No
Honda,WR-V,2020,0-20k,1500-2000cc,Good (18-24 km/l),Manual,Diesel,First Owner,Yes,Yes,No
Tata,Tiago,2017,20k-50k,1000-1500cc,Good (18-24 km/l),Manual,Petrol,Second Owner,No,No,Yes
Mahindra,Scorpio,2022,20k-50k,1500-2000cc,Good (18-24 km/l),Automatic,Diesel,First Owner,Yes,No,Yes
Honda,Amaze,2009,20k-50k,1500-2000cc,Good (18-24 km/l),Manual,Petrol,First Owner,No,No,No
Hyundai,Venue,2008,120k+,1500-2000cc,Average (12-18 km/l),Manual,Petrol,Third Owner,No,Yes,No
Maruti Suzuki,Swift,2022,0-20k,1000-1500cc,Good (18-24 km/l),Automatic,Petrol,First Owner,Yes,No,Yes
Kia,Seltos,2019,20k-50k,<1000cc,Good (18-24 km/l),Manual,Petrol,Third Owner,Yes,Yes,No
Mahindra,XUV300,2017,20k-50k,2000cc+,Good (18-24 km/l),Manual,Diesel,First Owner,No,No,Yes
Tata,Nexon,2021,0-20k,2000cc+,Good (18-24 km/l),Manual,Diesel,Second Owner,Yes,No,Yes
Maruti Suzuki,Baleno,2021,50k-80k,1000-1500cc,Good (18-24 km/l),Automatic,Petrol,First Owner,Yes,No,Yes
Mahindra,XUV500,2014,0-20k,2000cc+,Average (12-18 km/l),Manual,Petrol,First Owner,Yes,Yes,Yes
Honda,City,2014,50k-80k,<1000cc,Good (18-24 km/l),Manual,Petrol,Second Owner,Yes,No,Yes
Honda,WR-V,2023,0-20k,1000-1500cc,Good (18-24 km/l),Manual,Diesel,Second Owner,Yes,No,Yes
Ford,EcoSport,2020,20k-50k,1000-1500cc,Good (18-24 km/l),Manual,Diesel,First Owner,No,No,Yes
Maruti Suzuki,Swift,2018,20k-50k,<1000cc,Good (18-24 km/l),Manual,Petrol,First Owner,Yes,No,Yes
Hyundai,Creta,2022,0-20k,1500-2000cc,Good (18-24 km/l),Manual,Petrol,First Owner,Yes,No,Yes
Renault,Triber,2020,80k-120k,1000-1500cc,Good (18-24 km/l),Manual,Diesel,Second Owner,Yes,Yes,No
Audi,Q3,2015,50k-80k,1500-2000cc,Good (18-24 km/l),Manual,Diesel,Second Owner,No,Yes,No
Maruti Suzuki,WagonR,2015,50k-80k,1000-1500cc,Good (18-24 km/l),Automatic,Diesel,Second Owner,No,No,No
Mahindra,XUV300,2018,20k-50k,1500-2000cc,Good (18-24 km/l),Manual,Petrol,First Owner,Yes,No,Yes
Hyundai,Verna,2023,0-20k,1500-2000cc,Good (18-24 km/l),Manual,Diesel,Second Owner,Yes,No,Yes
Maruti Suzuki,WagonR,2009,20k-50k,1000-1500cc,Good (18-24 km/l),Manual,Petrol,Second Owner,No,Yes,No
Tata,Punch,2015,120k+,1500-2000cc,Average (12-18 km/l),Manual,Petrol,Third Owner,Yes,No,No
Maruti Suzuki,Ertiga,2023,0-20k,1000-1500cc,Good (18-24 km/l),Manual,Petrol,First Owner,Yes,No,Yes
Ford,Figo,2012,20k-50k,1000-1500cc,Excellent (24+ km/l),Manual,CNG,Second Owner,No,No,No
Honda,Amaze,2021,20k-50k,1000-1500cc,Excellent (24+ km/l),Automatic,Diesel,First Owner,Yes,No,Yes
Maruti Suzuki,Ertiga,2015,0-20k,1000-1500cc,Average (12-18 km/l),Manual,Petrol,First Owner,No,No,Yes
Maruti Suzuki,Baleno,2020,20k-50k,1500-2000cc,Good (18-24 km/l),Automatic,CNG,First Owner,Yes,No,Yes
Renault,Duster,2018,50k-80k,1000-1500cc,Good (18-24 km/l),Manual,Diesel,Third Owner,No,No,No
Maruti Suzuki,Ertiga,2011,120k+,<1000cc,Good (18-24 km/l),Manual,Petrol,First Owner,Yes,Yes,No
Honda,Amaze,2020,0-20k,1000-1500cc,Good (18-24 km/l),Manual,Hybrid,Second Owner,No,Yes,No
Tata,Tiago,2021,20k-50k,2000cc+,Good (18-24 km/l),Manual,Petrol,Second Owner,Yes,No,Yes
Honda,City,2021,20k-50k,<1000cc,Good (18-24 km/l),Automatic,Petrol,First Owner,Yes,No,Yes
Hyundai,Verna,2021,0-20k,1000-1500cc,Good (18-24 km/l),Manual,Diesel,First Owner,Yes,No,Yes
Maruti Suzuki,Dzire,2019,0-20k,1000-1500cc,Good (18-24 km/l),Manual,Diesel,Third Owner,Yes,No,Yes
Hyundai,i10,2020,20k-50k,1000-1500cc,Good (18-24 km/l),Manual,Petrol,Second Owner,Yes,No,Yes
Hyundai,Verna,2021,0-20k,1000-1500cc,Excellent (24+ km/l),Manual,Diesel,First Owner,No,No,Yes
Tata,Altroz,2021,0-20k,2000cc+,Good (18-24 km/l),Manual,Diesel,First Owner,Yes,No,Yes
Toyota,Innova,2021,20k-50k,1000-1500cc,Excellent (24+ km/l),Manual,CNG,Second Owner,Yes,No,Yes
Hyundai,i10,2020,20k-50k,<1000cc,Good (18-24 km/l),Automatic,Petrol,First Owner,Yes,Yes,Yes
Maruti Suzuki,Swift,2013,20k-50k,1000-1500cc,Good (18-24 km/l),Automatic,Diesel,First Owner,No,Yes,Yes
Mahindra,Bolero,2015,80k-120k,1500-2000cc,Good (18-24 km/l),Automatic,Petrol,Second Owner,Yes,Yes,No
Honda,Amaze,2016,80k-120k,1500-2000cc,Good (18-24 km/l),Manual,Petrol,First Owner,No,No,No
Audi,Q3,2023,0-20k,1500-2000cc,Good (18-24 km/l),Automatic,Petrol,First Owner,Yes,Yes,Yes
Honda,Amaze,2022,0-20k,1000-1500cc,Good (18-24 km/l),Manual,Petrol,First Owner,Yes,No,Yes
Mahindra,Scorpio,2020,0-20k,2000cc+,Average (12-18 km/l),Automatic,Petrol,Third Owner,Yes,Yes,Yes
Honda,WR-V,2016,120k+,1000-1500cc,Good (18-24 km/l),Manual,Petrol,Second Owner,Yes,Yes,No
BMW,5 Series,2012,120k+,2000cc+,Average (12-18 km/l),Automatic,Petrol,Fourth & Above,Yes,Yes,No
Renault,Kwid,2023,0-20k,1000-1500cc,Good (18-24 km/l),Manual,Petrol,First Owner,Yes,No,Yes
Tata,Punch,2023,0-20k,1500-2000cc,Good (18-24 km/l),Manual,Petrol,First Owner,Yes,No,Yes
Hyundai,Verna,2012,120k+,<1000cc,Excellent (24+ km/l),Manual,Diesel,Second Owner,No,Yes,No
Hyundai,Creta,2022,20k-50k,1000-1500cc,Average (12-18 km/l),Manual,Petrol,First Owner,Yes,No,Yes
Mahindra,Scorpio,2019,50k-80k,1000-1500cc,Good (18-24 km/l),Manual,Petrol,First Owner,Yes,Yes,Yes
Volkswagen,Vento,2017,50k-80k,<1000cc,Good (18-24 km/l),Automatic,Petrol,First Owner,No,No,Yes
Mahindra,XUV300,2022,0-20k,2000cc+,Good (18-24 km/l),Automatic,Diesel,First Owner,Yes,No,Yes
Maruti Suzuki,Dzire,2021,0-20k,1000-1500cc,Good (18-24 km/l),Manual,Diesel,First Owner,Yes,Yes,Yes
Ford,EcoSport,2022,50k-80k,1000-1500cc,Good (18-24 km/l),Manual,Petrol,First Owner,Yes,Yes,Yes
Renault,Triber,2010,20k-50k,1000-1500cc,Average (12-18 km/l),Automatic,Hybrid,Second Owner,No,No,No
Hyundai,i20,2017,20k-50k,1000-1500cc,Good (18-24 km/l),Manual,Diesel,First Owner,Yes,Yes,Yes
Toyota,Yaris,2017,120k+,2000cc+,Average (12-18 km/l),Manual,Petrol,Second Owner,No,No,No
Tata,Punch,2017,20k-50k,1000-1500cc,Good (18-24 km/l),Manual,Diesel,Second Owner,Yes,Yes,Yes
Kia,Carens,2019,20k-50k,1000-1500cc,Good (18-24 km/l),Manual,CNG,First Owner,No,No,Yes
Skoda,Kushaq,2016,50k-80k,<1000cc,Good (18-24 km/l),Automatic,Diesel,Third Owner,Yes,No,No
Mahindra,Scorpio,2019,20k-50k,2000cc+,Good (18-24 km/l),Manual,CNG,First Owner,No,No,Yes
Ford,Figo,2018,0-20k,1000-1500cc,Good (18-24 km/l),Manual,Petrol,Third Owner,Yes,No,Yes
Kia,Sonet,2022,20k-50k,1000-1500cc,Excellent (24+ km/l),Automatic,Electric,First Owner,No,Yes,No
Mahindra,XUV300,2020,20k-50k,2000cc+,Average (12-18 km/l),Automatic,Petrol,First Owner,Yes,No,Yes
Hyundai,i10,2021,0-20k,1000-1500cc,Excellent (24+ km/l),Manual,Diesel,First Owner,Yes,No,Yes
Volkswagen,Taigun,2015,80k-120k,1000-1500cc,Good (18-24 km/l),Manual,Petrol,Third Owner,No,No,No
Hyundai,Creta,2017,20k-50k,1000-1500cc,Good (18-24 km/l),Manual,Petrol,Second Owner,No,No,Yes
Tata,Harrier,2007,120k+,2000cc+,Good (18-24 km/l),Manual,CNG,Second Owner,No,Yes,No
Skoda,Octavia,2012,120k+,1500-2000cc,Good (18-24 km/l),Manual,Petrol,First Owner,No,No,No
Ford,EcoSport,2016,20k-50k,1000-1500cc,Excellent (24+ km/l),Manual,CNG,First Owner,No,No,Yes
Tata,Tiago,2010,80k-120k,1000-1500cc,Good (18-24 km/l),Manual,Petrol,Second Owner,No,No,No
Hyundai,i20,2020,0-20k,<1000cc,Good (18-24 km/l),Automatic,Diesel,First Owner,No,Yes,Yes
Tata,Nexon,2023,0-20k,1500-2000cc,Average (12-18 km/l),Automatic,Petrol,First Owner,Yes,Yes,Yes
Hyundai,Verna,2011,50k-80k,1000-1500cc,Good (18-24 km/l),Manual,Diesel,Fourth & Above,Yes,No,No
Maruti Suzuki,Swift,2022,0-20k,1000-1500cc,Good (18-24 km/l),Automatic,Diesel,First Owner,Yes,Yes,Yes
Volkswagen,Polo,2012,120k+,1000-1500cc,Good (18-24 km/l),Manual,Diesel,Third Owner,No,No,No
Hyundai,i20,2021,20k-50k,1000-1500cc,Good (18-24 km/l),Automatic,Petrol,First Owner,Yes,Yes,Yes
Mahindra,XUV300,2021,0-20k,1500-2000cc,Average (12-18 km/l),Automatic,Petrol,First Owner,Yes,No,Yes
Tata,Harrier,2023,0-20k,1000-1500cc,Good (18-24 km/l),Manual,Petrol,First Owner,Yes,No,Yes
Mercedes-Benz,GLA,2012,50k-80k,2000cc+,Average (12-18 km/l),Automatic,Diesel,Second Owner,Yes,No,Yes
Tata,Harrier,2017,0-20k,2000cc+,Average (12-18 km/l),Automatic,Diesel,Second Owner,No,No,Yes
Maruti Suzuki,Ertiga,2011,120k+,1000-1500cc,Good (18-24 km/l),Manual,Petrol,Second Owner,Yes,Yes,No
Maruti Suzuki,Dzire,2018,20k-50k,1500-2000cc,Average (12-18 km/l),Manual,Petrol,First Owner,Yes,Yes,Yes
Honda,Amaze,2023,0-20k,1500-2000cc,Good (18-24 km/l),Automatic,Petrol,Second Owner,Yes,Yes,Yes
Honda,WR-V,2022,0-20k,1000-1500cc,Good (18-24 km/l),Automatic,Diesel,First Owner,Yes,No,Yes
Tata,Altroz,2022,0-20k,2000cc+,Average (12-18 km/l),Manual,Petrol,First Owner,Yes,No,Yes
Mahindra,XUV500,2020,20k-50k,2000cc+,Good (18-24 km/l),Automatic,Petrol,First Owner,Yes,No,Yes
Maruti Suzuki,Dzire,2023,0-20k,1500-2000cc,Average (12-18 km/l),Manual,Petrol,First Owner,Yes,No,Yes
Mahindra,Scorpio,2019,20k-50k,1000-1500cc,Good (18-24 km/l),Automatic,Diesel,First Owner,Yes,No,Yes
Mahindra,Thar,2013,120k+,1500-2000cc,Good (18-24 km/l),Manual,Diesel,Second Owner,Yes,Yes,No
Maruti Suzuki,Baleno,2022,0-20k,1000-1500cc,Good (18-24 km/l),Manual,Petrol,First Owner,Yes,No,Yes
Maruti Suzuki,Baleno,2016,50k-80k,<1000cc,Good (18-24 km/l),Automatic,Petrol,First Owner,No,No,Yes
Maruti Suzuki,WagonR,2009,20k-50k,1000-1500cc,Good (18-24 km/l),Manual,Petrol,Second Owner,No,Yes,No
Maruti Suzuki,Swift,2012,80k-120k,1500-2000cc,Good (18-24 km/l),Manual,Petrol,First Owner,No,No,Yes
Honda,Jazz,2021,50k-80k,1000-1500cc,Good (18-24 km/l),Manual,Diesel,First Owner,Yes,No,Yes
Hyundai,i20,2021,0-20k,1000-1500cc,Good (18-24 km/l),Manual,Petrol,First Owner,Yes,No,Yes
Hyundai,Verna,2016,80k-120k,1000-1500cc,Good (18-24 km/l),Manual,Petrol,First Owner,Yes,Yes,No
Maruti Suzuki,WagonR,2022,20k-50k,1500-2000cc,Excellent (24+ km/l),Manual,Diesel,First Owner,No,Yes,Yes
Audi,Q3,2022,0-20k,1500-2000cc,Good (18-24 km/l),Automatic,Petrol,First Owner,Yes,No,Yes
Skoda,Rapid,2023,0-20k,1000-1500cc,Average (12-18 km/l),Automatic,Petrol,First Owner,Yes,Yes,Yes
Hyundai,Venue,2020,20k-50k,1500-2000cc,Good (18-24 km/l),Automatic,Petrol,Fourth & Above,Yes,No,Yes
Tata,Tiago,2022,0-20k,2000cc+,Average (12-18 km/l),Automatic,Petrol,First Owner,No,No,Yes
Hyundai,Creta,2022,20k-50k,1500-2000cc,Good (18-24 km/l),Manual,Petrol,First Owner,No,No,Yes
Mahindra,XUV300,2016,120k+,2000cc+,Good (18-24 km/l),Manual,Diesel,First Owner,Yes,No,Yes
Maruti Suzuki,Dzire,2017,120k+,1000-1500cc,Average (12-18 km/l),Automatic,Diesel,First Owner,No,Yes,No
Toyota,Glanza,2019,0-20k,1500-2000cc,Good (18-24 km/l),Manual,Petrol,Second Owner,Yes,No,Yes
Mahindra,Scorpio,2006,120k+,2000cc+,Good (18-24 km/l),Manual,Petrol,Fourth & Above,No,No,No
Kia,Carens,2016,120k+,1000-1500cc,Average (12-18 km/l),Manual,Petrol,Third Owner,No,Yes,No
Maruti Suzuki,WagonR,2019,50k-80k,1000-1500cc,Good (18-24 km/l),Manual,Petrol,Second Owner,No,Yes,No
Renault,Duster,2011,20k-50k,1000-1500cc,Good (18-24 km/l),Manual,Diesel,Third Owner,No,No,No
Renault,Duster,2012,120k+,1000-1500cc,Good (18-24 km/l),Manual,Petrol,First Owner,Yes,No,Yes
Maruti Suzuki,Alto,2019,50k-80k,1000-1500cc,Good (18-24 km/l),Manual,Diesel,First Owner,Yes,Yes,Yes
Tata,Nexon,2022,0-20k,2000cc+,Average (12-18 km/l),Automatic,Petrol,First Owner,Yes,No,Yes
Maruti Suzuki,WagonR,2022,0-20k,<1000cc,Good (18-24 km/l),Automatic,Diesel,First Owner,Yes,No,Yes
Hyundai,i20,2020,0-20k,1000-1500cc,Good (18-24 km/l),Automatic,Diesel,Second Owner,Yes,Yes,Yes
Hyundai,Creta,2019,50k-80k,<1000cc,Good (18-24 km/l),Manual,Petrol,First Owner,No,No,Yes
Honda,Jazz,2018,20k-50k,1000-1500cc,Good (18-24 km/l),Manual,Petrol,First Owner,Yes,No,Yes
Tata,Harrier,2014,50k-80k,1500-2000cc,Good (18-24 km/l),Manual,Diesel,First Owner,No,No,No
Audi,Q3,2013,50k-80k,2000cc+,Average (12-18 km/l),Automatic,Petrol,Fourth & Above,No,No,No
Maruti Suzuki,Ertiga,2022,0-20k,1000-1500cc,Excellent (24+ km/l),Manual,CNG,Second Owner,Yes,No,Yes
Audi,A4,2019,0-20k,2000cc+,Good (18-24 km/l),Automatic,Petrol,Third Owner,Yes,No,Yes
Hyundai,i20,2022,0-20k,1000-1500cc,Good (18-24 km/l),Manual,Diesel,Second Owner,Yes,No,Yes
Volkswagen,Polo,2021,20k-50k,1000-1500cc,Good (18-24 km/l),Automatic,Petrol,First Owner,Yes,No,Yes
Tata,Nexon,2014,120k+,2000cc+,Good (18-24 km/l),Manual,Petrol,First Owner,Yes,Yes,No
Maruti Suzuki,Swift,2019,0-20k,1000-1500cc,Average (12-18 km/l),Manual,Petrol,First Owner,No,No,Yes
Skoda,Octavia,2019,20k-50k,1000-1500cc,Average (12-18 km/l),Automatic,Petrol,First Owner,Yes,No,Yes
Hyundai,Verna,2018,20k-50k,1000-1500cc,Excellent (24+ km/l),Manual,Diesel,Second Owner,No,Yes,No
Toyota,Innova,2020,50k-80k,1500-2000cc,Excellent (24+ km/l),Manual,Diesel,Third Owner,Yes,No,Yes
Honda,Jazz,2023,0-20k,1000-1500cc,Good (18-24 km/l),Automatic,CNG,First Owner,Yes,No,Yes
Mahindra,Scorpio,2022,20k-50k,1500-2000cc,Average (12-18 km/l),Manual,Petrol,First Owner,Yes,Yes,Yes
Mahindra,Scorpio,2023,0-20k,1000-1500cc,Good (18-24 km/l),Manual,Diesel,First Owner,No,No,Yes
Volkswagen,Vento,2007,80k-120k,1000-1500cc,Good (18-24 km/l),Manual,Petrol,Second Owner,No,No,No
Maruti Suzuki,Swift,2013,20k-50k,1000-1500cc,Good (18-24 km/l),Manual,Petrol,First Owner,Yes,No,Yes
Toyota,Glanza,2011,120k+,1500-2000cc,Good (18-24 km/l),Manual,Petrol,Second Owner,Yes,No,No
Kia,Sonet,2016,120k+,1000-1500cc,Good (18-24 km/l),Manual,Petrol,First Owner,Yes,No,Yes
Maruti Suzuki,Baleno,2019,20k-50k,1500-2000cc,Excellent (24+ km/l),Manual,Diesel,Second Owner,Yes,No,Yes
Maruti Suzuki,Ertiga,2021,0-20k,1000-1500cc,Good (18-24 km/l),Manual,Diesel,First Owner,Yes,No,Yes
Ford,Endeavour,2019,20k-50k,<1000cc,Good (18-24 km/l),Manual,Petrol,First Owner,No,Yes,No
Mahindra,Bolero,2023,0-20k,2000cc+,Average (12-18 km/l),Manual,Petrol,First Owner,No,Yes,No
Tata,Altroz,2023,0-20k,2000cc+,Average (12-18 km/l),Manual,Petrol,First Owner,No,No,Yes
Maruti Suzuki,Dzire,2013,50k-80k,1000-1500cc,Good (18-24 km/l),Manual,Diesel,Second Owner,Yes,No,Yes
Mahindra,Scorpio,2023,20k-50k,2000cc+,Good (18-24 km/l),Automatic,Diesel,First Owner,No,No,Yes
Maruti Suzuki,Alto,2019,0-20k,1500-2000cc,Good (18-24 km/l),Manual,Diesel,First Owner,Yes,No,Yes
Mahindra,Thar,2019,20k-50k,1000-1500cc,Excellent (24+ km/l),Manual,CNG,First Owner,Yes,No,Yes
Volkswagen,Polo,2022,0-20k,1000-1500cc,Good (18-24 km/l),Manual,Petrol,First Owner,No,No,Yes
Hyundai,Creta,2011,20k-50k,1000-1500cc,Good (18-24 km/l),Automatic,Diesel,First Owner,No,No,No
Mahindra,Thar,2023,0-20k,1000-1500cc,Excellent (24+ km/l),Manual,CNG,First Owner,No,No,Yes
Mercedes-Benz,C-Class,2021,20k-50k,2000cc+,Average (12-18 km/l),Automatic,Diesel,First Owner,Yes,No,Yes
Ford,Figo,2023,0-20k,1000-1500cc,Good (18-24 km/l),Manual,Petrol,Second Owner,Yes,No,Yes
Skoda,Octavia,2023,20k-50k,1000-1500cc,Good (18-24 km/l),Manual,Petrol,First Owner,Yes,No,Yes
Tata,Punch,2020,50k-80k,2000cc+,Good (18-24 km/l),Manual,Diesel,Fourth & Above,Yes,No,Yes
Volkswagen,Taigun,2011,20k-50k,1000-1500cc,Good (18-24 km/l),Manual,Diesel,Third Owner,No,No,No
Maruti Suzuki,Baleno,2013,120k+,1000-1500cc,Good (18-24 km/l),Manual,Diesel,Third Owner,No,Yes,No
Maruti Suzuki,WagonR,2017,120k+,<1000cc,Good (18-24 km/l),Manual,Diesel,Fourth & Above,Yes,Yes,No
Hyundai,i20,2011,80k-120k,1500-2000cc,Good (18-24 km/l),Manual,CNG,Third Owner,Yes,Yes,No
Tata,Harrier,2022,0-20k,1500-2000cc,Good (18-24 km/l),Automatic,Diesel,First Owner,Yes,No,Yes
Skoda,Kushaq,2016,50k-80k,1000-1500cc,Good (18-24 km/l),Automatic,CNG,Fourth & Above,No,Yes,No
Tata,Tiago,2023,0-20k,1500-2000cc,Good (18-24 km/l),Automatic,Diesel,First Owner,Yes,No,Yes
Toyota,Fortuner,2021,0-20k,2000cc+,Good (18-24 km/l),Manual,Diesel,First Owner,Yes,No,Yes
Ford,EcoSport,2014,20k-50k,1000-1500cc,Excellent (24+ km/l),Manual,Electric,Third Owner,No,No,Yes
Honda,City,2019,20k-50k,1000-1500cc,Excellent (24+ km/l),Manual,CNG,Third Owner,Yes,No,Yes
Tata,Altroz,2019,0-20k,2000cc+,Good (18-24 km/l),Manual,Diesel,Second Owner,Yes,No,Yes
Honda,Jazz,2019,0-20k,<1000cc,Excellent (24+ km/l),Manual,Diesel,Second Owner,Yes,No,Yes
Tata,Altroz,2020,20k-50k,1500-2000cc,Good (18-24 km/l),Manual,Petrol,First Owner,Yes,No,Yes
Maruti Suzuki,WagonR,2007,80k-120k,1000-1500cc,Good (18-24 km/l),Manual,Diesel,Third Owner,No,No,No
Mercedes-Benz,GLA,2021,20k-50k,2000cc+,Average (12-18 km/l),Automatic,Petrol,First Owner,No,No,Yes
Maruti Suzuki,Alto,2019,0-20k,1000-1500cc,Good (18-24 km/l),Manual,Petrol,Third Owner,No,No,Yes
Maruti Suzuki,Baleno,2022,0-20k,1000-1500cc,Good (18-24 km/l),Automatic,Petrol,Second Owner,Yes,No,Yes
Kia,Sonet,2022,0-20k,1000-1500cc,Good (18-24 km/l),Automatic,Diesel,Third Owner,Yes,No,Yes
Hyundai,Creta,2015,120k+,1000-1500cc,Excellent (24+ km/l),Manual,CNG,Second Owner,No,Yes,No
Toyota,Fortuner,2009,80k-120k,1000-1500cc,Good (18-24 km/l),Manual,Petrol,Third Owner,Yes,Yes,No
Tata,Nexon,2021,20k-50k,1000-1500cc,Excellent (24+ km/l),Manual,Petrol,First Owner,Yes,Yes,Yes
Tata,Punch,2023,0-20k,1000-1500cc,Excellent (24+ km/l),Manual,CNG,First Owner,No,No,Yes
Hyundai,i20,2019,0-20k,1500-2000cc,Good (18-24 km/l),Manual,Diesel,First Owner,No,No,Yes
Tata,Nexon,2016,120k+,1500-2000cc,Excellent (24+ km/l),Manual,Diesel,Fourth & Above,No,Yes,No
Tata,Nexon,2013,120k+,1500-2000cc,Good (18-24 km/l),Manual,Diesel,Third Owner,Yes,Yes,No
Ford,Endeavour,2016,80k-120k,1000-1500cc,Good (18-24 km/l),Manual,Petrol,Second Owner,Yes,Yes,No
Mahindra,XUV300,2017,50k-80k,2000cc+,Average (12-18 km/l),Automatic,Petrol,Second Owner,No,Yes,No
BMW,3 Series,2018,20k-50k,1500-2000cc,Excellent (24+ km/l),Manual,Electric,Second Owner,Yes,No,Yes
Maruti Suzuki,Alto,2021,20k-50k,<1000cc,Good (18-24 km/l),Manual,Diesel,First Owner,Yes,No,Yes
Mahindra,XUV500,2016,80k-120k,1500-2000cc,Good (18-24 km/l),Manual,Petrol,Third Owner,Yes,No,No
Honda,Jazz,2009,80k-120k,1000-1500cc,Excellent (24+ km/l),Manual,Petrol,Fourth & Above,No,Yes,No
BMW,5 Series,2018,50k-80k,2000cc+,Average (12-18 km/l),Automatic,Diesel,Fourth & Above,Yes,Yes,No
Maruti Suzuki,Baleno,2023,0-20k,1000-1500cc,Good (18-24 km/l),Manual,Petrol,First Owner,Yes,No,Yes
Honda,WR-V,2019,20k-50k,1000-1500cc,Good (18-24 km/l),Manual,Petrol,First Owner,Yes,No,Yes
Skoda,Rapid,2023,0-20k,1000-1500cc,Good (18-24 km/l),Automatic,Petrol,First Owner,Yes,No,Yes
Hyundai,i20,2019,80k-120k,<1000cc,Good (18-24 km/l),Manual,Petrol,Second Owner,No,No,Yes
Kia,Sonet,2016,80k-120k,1000-1500cc,Good (18-24 km/l),Manual,Diesel,First Owner,No,Yes,No
Maruti Suzuki,Baleno,2014,0-20k,1000-1500cc,Excellent (24+ km/l),Manual,CNG,Second Owner,Yes,No,Yes
Volkswagen,Vento,2021,20k-50k,1500-2000cc,Average (12-18 km/l),Automatic,Petrol,Second Owner,Yes,No,Yes
BMW,5 Series,2020,20k-50k,1500-2000cc,Good (18-24 km/l),Automatic,Petrol,First Owner,Yes,Yes,No
Toyota,Innova,2020,50k-80k,1000-1500cc,Good (18-24 km/l),Automatic,Petrol,First Owner,Yes,No,Yes
Mahindra,XUV500,2022,20k-50k,1500-2000cc,Excellent (24+ km/l),Automatic,CNG,Second Owner,Yes,No,Yes
Maruti Suzuki,Swift,2022,20k-50k,1000-1500cc,Good (18-24 km/l),Manual,Diesel,First Owner,Yes,No,Yes
BMW,5 Series,2008,120k+,2000cc+,Average (12-18 km/l),Manual,Petrol,Fourth & Above,No,Yes,No
Mahindra,Bolero,2022,20k-50k,1500-2000cc,Good (18-24 km/l),Automatic,CNG,First Owner,Yes,No,Yes
Maruti Suzuki,Baleno,2020,20k-50k,1000-1500cc,Good (18-24 km/l),Manual,Petrol,First Owner,Yes,No,Yes
Ford,Figo,2018,20k-50k,1500-2000cc,Average (12-18 km/l),Manual,Petrol,Second Owner,Yes,No,Yes
Mahindra,Thar,2020,20k-50k,1500-2000cc,Good (18-24 km/l),Manual,CNG,Second Owner,Yes,No,Yes
Maruti Suzuki,Ertiga,2021,20k-50k,1000-1500cc,Average (12-18 km/l),Automatic,Petrol,Second Owner,Yes,Yes,Yes
Hyundai,Venue,2013,20k-50k,1000-1500cc,Good (18-24 km/l),Manual,Petrol,First Owner,Yes,No,Yes
Maruti Suzuki,Alto,2018,50k-80k,1000-1500cc,Good (18-24 km/l),Manual,Diesel,Second Owner,No,Yes,No
Honda,Jazz,2017,50k-80k,1500-2000cc,Good (18-24 km/l),Manual,Hybrid,Second Owner,Yes,No,Yes
Toyota,Glanza,2017,80k-120k,2000cc+,Excellent (24+ km/l),Manual,Electric,Second Owner,Yes,No,Yes
Mahindra,Thar,2011,50k-80k,1000-1500cc,Good (18-24 km/l),Manual,Diesel,Fourth & Above,No,No,No
Renault,Duster,2013,120k+,<1000cc,Average (12-18 km/l),Automatic,Petrol,Second Owner,Yes,Yes,No
Skoda,Octavia,2013,80k-120k,<1000cc,Excellent (24+ km/l),Manual,CNG,Third Owner,Yes,No,Yes
Toyota,Glanza,2018,80k-120k,2000cc+,Average (12-18 km/l),Manual,Petrol,Second Owner,Yes,No,Yes
Maruti Suzuki,Alto,2023,0-20k,1000-1500cc,Good (18-24 km/l),Automatic,Diesel,First Owner,No,No,Yes
Ford,EcoSport,2015,0-20k,<1000cc,Good (18-24 km/l),Manual,Petrol,Second Owner,Yes,No,Yes
Tata,Altroz,2018,0-20k,2000cc+,Average (12-18 km/l),Manual,Diesel,First Owner,Yes,Yes,Yes
Honda,WR-V,2017,50k-80k,1000-1500cc,Good (18-24 km/l),Manual,Petrol,First Owner,Yes,No,Yes
Toyota,Glanza,2022,20k-50k,2000cc+,Good (18-24 km/l),Manual,Diesel,Second Owner,Yes,No,Yes
Tata,Nexon,2009,80k-120k,2000cc+,Good (18-24 km/l),Manual,Petrol,Third Owner,Yes,No,No
BMW,X1,2014,50k-80k,2000cc+,Low (<12 km/l),Automatic,Petrol,Second Owner,No,No,No
Maruti Suzuki,Dzire,2015,0-20k,1000-1500cc,Good (18-24 km/l),Manual,Diesel,Third Owner,Yes,No,No
Toyota,Fortuner,2023,0-20k,2000cc+,Good (18-24 km/l),Manual,Petrol,First Owner,Yes,No,Yes
Maruti Suzuki,Alto,2020,20k-50k,<1000cc,Good (18-24 km/l),Manual,Diesel,First Owner,Yes,No,Yes
BMW,3 Series,2013,20k-50k,2000cc+,Good (18-24 km/l),Manual,Petrol,Second Owner,No,No,No
Maruti Suzuki,Alto,2016,20k-50k,1500-2000cc,Good (18-24 km/l),Manual,Petrol,Third Owner,Yes,No,Yes
Maruti Suzuki,Baleno,2014,120k+,<1000cc,Good (18-24 km/l),Manual,Petrol,Third Owner,No,Yes,No
Tata,Altroz,2012,80k-120k,2000cc+,Excellent (24+ km/l),Manual,Electric,Second Owner,No,Yes,No
Tata,Harrier,2022,0-20k,1000-1500cc,Good (18-24 km/l),Manual,Diesel,First Owner,Yes,No,Yes
Hyundai,i20,2019,20k-50k,1000-1500cc,Good (18-24 km/l),Manual,Hybrid,First Owner,Yes,No,Yes
Honda,City,2021,20k-50k,1000-1500cc,Excellent (24+ km/l),Automatic,CNG,First Owner,Yes,Yes,Yes
Mahindra,XUV300,2017,120k+,2000cc+,Average (12-18 km/l),Manual,Petrol,First Owner,Yes,Yes,Yes
Maruti Suzuki,Dzire,2020,20k-50k,1000-1500cc,Good (18-24 km/l),Manual,Petrol,First Owner,Yes,No,Yes
Hyundai,Verna,2016,20k-50k,<1000cc,Good (18-24 km/l),Manual,Petrol,Third Owner,Yes,No,Yes
Renault,Duster,2017,20k-50k,1000-1500cc,Good (18-24 km/l),Manual,Petrol,First Owner,No,Yes,No
Ford,EcoSport,2021,20k-50k,1000-1500cc,Good (18-24 km/l),Manual,Petrol,First Owner,Yes,No,Yes
Ford,Figo,2013,120k+,1500-2000cc,Excellent (24+ km/l),Manual,CNG,Second Owner,No,Yes,No
Ford,EcoSport,2021,0-20k,1000-1500cc,Good (18-24 km/l),Manual,Petrol,First Owner,Yes,No,Yes
Hyundai,Creta,2023,0-20k,1500-2000cc,Good (18-24 km/l),Manual,Petrol,First Owner,Yes,No,Yes
Maruti Suzuki,Alto,2012,50k-80k,<1000cc,Excellent (24+ km/l),Manual,Diesel,First Owner,No,No,No
Hyundai,Creta,2023,0-20k,1500-2000cc,Average (12-18 km/l),Manual,Petrol,First Owner,Yes,No,Yes
Skoda,Kushaq,2010,80k-120k,1000-1500cc,Good (18-24 km/l),Manual,Petrol,Third Owner,Yes,No,No
Mercedes-Benz,C-Class,2017,80k-120k,2000cc+,Average (12-18 km/l),Manual,Petrol,Second Owner,Yes,Yes,No
Mahindra,Bolero,2021,0-20k,1000-1500cc,Good (18-24 km/l),Automatic,Diesel,First Owner,Yes,No,Yes
Maruti Suzuki,Baleno,2020,20k-50k,1000-1500cc,Good (18-24 km/l),Manual,Diesel,First Owner,Yes,No,Yes
Maruti Suzuki,Alto,2011,120k+,1000-1500cc,Good (18-24 km/l),Manual,Petrol,Third Owner,Yes,Yes,No
Tata,Altroz,2022,0-20k,2000cc+,Average (12-18 km/l),Manual,Diesel,First Owner,Yes,No,Yes
Honda,Jazz,2023,0-20k,1000-1500cc,Excellent (24+ km/l),Automatic,Petrol,Second Owner,Yes,No,Yes
Maruti Suzuki,Swift,2014,20k-50k,1500-2000cc,Good (18-24 km/l),Automatic,Petrol,Second Owner,No,No,No
BMW,3 Series,2023,0-20k,2000cc+,Average (12-18 km/l),Automatic,Petrol,First Owner,Yes,No,Yes
Tata,Altroz,2020,20k-50k,2000cc+,Average (12-18 km/l),Manual,Petrol,First Owner,Yes,No,Yes
BMW,X1,2023,0-20k,2000cc+,Good (18-24 km/l),Manual,Petrol,First Owner,Yes,No,Yes
Renault,Duster,2014,80k-120k,1500-2000cc,Good (18-24 km/l),Manual,Diesel,Third Owner,No,No,No
Volkswagen,Taigun,2022,0-20k,<1000cc,Good (18-24 km/l),Manual,Petrol,First Owner,Yes,No,Yes
Honda,WR-V,2009,50k-80k,<1000cc,Good (18-24 km/l),Manual,Petrol,Second Owner,No,No,No
Toyota,Glanza,2023,20k-50k,2000cc+,Good (18-24 km/l),Manual,CNG,First Owner,Yes,No,Yes
Toyota,Yaris,2021,20k-50k,1500-2000cc,Good (18-24 km/l),Manual,Petrol,First Owner,Yes,No,Yes
Toyota,Innova,2018,50k-80k,1500-2000cc,Average (12-18 km/l),Automatic,Diesel,Second Owner,Yes,No,Yes
Honda,Jazz,2014,50k-80k,1000-1500cc,Good (18-24 km/l),Manual,Diesel,Third Owner,No,Yes,No
Mercedes-Benz,GLA,2022,0-20k,2000cc+,Average (12-18 km/l),Automatic,Petrol,Second Owner,No,No,Yes
Volkswagen,Taigun,2020,0-20k,1500-2000cc,Good (18-24 km/l),Manual,Petrol,Fourth & Above,No,No,No
Volkswagen,Polo,2018,0-20k,1000-1500cc,Good (18-24 km/l),Manual,Petrol,First Owner,Yes,No,Yes
Kia,Seltos,2019,80k-120k,1000-1500cc,Good (18-24 km/l),Automatic,Diesel,First Owner,Yes,Yes,No
Hyundai,Verna,2022,0-20k,1000-1500cc,Good (18-24 km/l),Manual,Petrol,First Owner,No,No,Yes
Maruti Suzuki,Dzire,2017,20k-50k,1000-1500cc,Good (18-24 km/l),Manual,Petrol,First Owner,Yes,No,Yes
Mahindra,Scorpio,2011,120k+,2000cc+,Average (12-18 km/l),Manual,Diesel,Second Owner,Yes,Yes,No
Mahindra,Bolero,2023,0-20k,1500-2000cc,Good (18-24 km/l),Manual,Petrol,First Owner,Yes,No,Yes
Renault,Triber,2018,20k-50k,1000-1500cc,Average (12-18 km/l),Manual,Hybrid,First Owner,Yes,No,Yes
Mahindra,Bolero,2017,20k-50k,1500-2000cc,Average (12-18 km/l),Manual,Diesel,Third Owner,Yes,Yes,Yes
Honda,WR-V,2014,80k-120k,1000-1500cc,Good (18-24 km/l),Manual,Petrol,First Owner,No,Yes,No
Mahindra,Scorpio,2023,0-20k,2000cc+,Average (12-18 km/l),Manual,Petrol,First Owner,No,No,Yes
Maruti Suzuki,WagonR,2015,120k+,<1000cc,Excellent (24+ km/l),Manual,Diesel,First Owner,Yes,Yes,No
Toyota,Yaris,2021,0-20k,2000cc+,Good (18-24 km/l),Automatic,Petrol,First Owner,Yes,No,Yes
Renault,Kwid,2023,20k-50k,1000-1500cc,Good (18-24 km/l),Automatic,Diesel,Fourth & Above,No,No,Yes
Maruti Suzuki,Alto,2008,120k+,1000-1500cc,Good (18-24 km/l),Manual,Petrol,First Owner,No,Yes,No
Honda,City,2022,0-20k,<1000cc,Excellent (24+ km/l),Manual,Electric,First Owner,Yes,No,Yes
Honda,Amaze,2018,20k-50k,<1000cc,Excellent (24+ km/l),Manual,Diesel,Second Owner,Yes,No,Yes
Maruti Suzuki,Alto,2021,0-20k,<1000cc,Good (18-24 km/l),Manual,Petrol,First Owner,Yes,No,Yes
Maruti Suzuki,Dzire,2018,20k-50k,<1000cc,Excellent (24+ km/l),Manual,CNG,First Owner,Yes,Yes,Yes
Mercedes-Benz,C-Class,2021,0-20k,2000cc+,Good (18-24 km/l),Automatic,Petrol,First Owner,Yes,No,Yes
Tata,Nexon,2016,80k-120k,2000cc+,Average (12-18 km/l),Manual,Petrol,Fourth & Above,No,Yes,No
Hyundai,i20,2007,120k+,1500-2000cc,Good (18-24 km/l),Automatic,Diesel,Fourth & Above,Yes,Yes,No
Maruti Suzuki,Alto,2023,0-20k,1000-1500cc,Excellent (24+ km/l),Manual,CNG,First Owner,Yes,No,Yes
Toyota,Innova,2006,120k+,2000cc+,Average (12-18 km/l),Automatic,Petrol,Third Owner,No,Yes,No
Honda,City,2022,0-20k,1000-1500cc,Excellent (24+ km/l),Manual,Diesel,First Owner,Yes,No,Yes
Toyota,Glanza,2014,80k-120k,1500-2000cc,Average (12-18 km/l),Manual,Petrol,Third Owner,Yes,Yes,No
Maruti Suzuki,Ertiga,2018,50k-80k,1000-1500cc,Excellent (24+ km/l),Manual,Petrol,Third Owner,Yes,Yes,No
Kia,Carens,2022,0-20k,1000-1500cc,Good (18-24 km/l),Automatic,Petrol,First Owner,Yes,No,Yes
Tata,Tiago,2015,120k+,1000-1500cc,Good (18-24 km/l),Manual,Diesel,Second Owner,Yes,Yes,No
Hyundai,i10,2023,0-20k,1000-1500cc,Average (12-18 km/l),Manual,Petrol,First Owner,Yes,No,Yes
Mahindra,Thar,2019,20k-50k,1500-2000cc,Good (18-24 km/l),Manual,Petrol,First Owner,Yes,No,Yes
Tata,Nexon,2018,20k-50k,1000-1500cc,Good (18-24 km/l),Manual,Hybrid,Fourth & Above,Yes,No,Yes
Skoda,Octavia,2021,20k-50k,1000-1500cc,Excellent (24+ km/l),Manual,Petrol,Second Owner,Yes,No,Yes
BMW,3 Series,2017,50k-80k,2000cc+,Average (12-18 km/l),Automatic,Petrol,Third Owner,Yes,No,Yes
Hyundai,Verna,2017,80k-120k,1000-1500cc,Excellent (24+ km/l),Manual,Diesel,First Owner,Yes,No,Yes
Skoda,Octavia,2022,20k-50k,1000-1500cc,Good (18-24 km/l),Automatic,Petrol,First Owner,Yes,No,Yes
Renault,Duster,2017,50k-80k,<1000cc,Good (18-24 km/l),Automatic,Petrol,Second Owner,Yes,Yes,No
BMW,X1,2014,50k-80k,2000cc+,Average (12-18 km/l),Automatic,Diesel,Second Owner,Yes,No,Yes
Hyundai,Creta,2022,20k-50k,1000-1500cc,Excellent (24+ km/l),Manual,Diesel,First Owner,Yes,No,Yes
Honda,Jazz,2022,20k-50k,1500-2000cc,Good (18-24 km/l),Automatic,Diesel,First Owner,Yes,No,Yes
Hyundai,Venue,2019,20k-50k,<1000cc,Good (18-24 km/l),Automatic,Petrol,Second Owner,No,No,Yes
Renault,Kwid,2020,20k-50k,1000-1500cc,Excellent (24+ km/l),Manual,CNG,First Owner,Yes,No,Yes
Maruti Suzuki,Dzire,2021,0-20k,1000-1500cc,Excellent (24+ km/l),Manual,Diesel,Third Owner,No,No,Yes
Honda,City,2019,0-20k,1500-2000cc,Good (18-24 km/l),Manual,Diesel,Second Owner,Yes,Yes,Yes
Tata,Punch,2018,50k-80k,1500-2000cc,Good (18-24 km/l),Manual,Petrol,Third Owner,Yes,Yes,No
Tata,Altroz,2023,0-20k,1000-1500cc,Good (18-24 km/l),Manual,Diesel,First Owner,Yes,No,Yes
Toyota,Glanza,2013,120k+,1000-1500cc,Excellent (24+ km/l),Manual,Diesel,Third Owner,Yes,Yes,No
Skoda,Kushaq,2020,0-20k,1500-2000cc,Excellent (24+ km/l),Manual,Diesel,Second Owner,Yes,No,Yes
Honda,Amaze,2023,0-20k,<1000cc,Excellent (24+ km/l),Manual,Diesel,First Owner,Yes,No,Yes
Skoda,Kushaq,2021,0-20k,1000-1500cc,Good (18-24 km/l),Manual,Diesel,First Owner,Yes,No,Yes
Hyundai,Creta,2023,0-20k,1000-1500cc,Excellent (24+ km/l),Manual,Diesel,First Owner,Yes,No,Yes
Mahindra,XUV500,2017,50k-80k,1500-2000cc,Good (18-24 km/l),Manual,Diesel,Second Owner,No,No,No
Mahindra,Bolero,2016,80k-120k,2000cc+,Average (12-18 km/l),Manual,Petrol,Fourth & Above,No,No,No
Maruti Suzuki,Dzire,2023,0-20k,1000-1500cc,Average (12-18 km/l),Automatic,Petrol,First Owner,Yes,No,Yes
Honda,Amaze,2018,0-20k,<1000cc,Excellent (24+ km/l),Manual,CNG,First Owner,No,No,Yes
Toyota,Innova,2021,20k-50k,1500-2000cc,Excellent (24+ km/l),Manual,Electric,Second Owner,Yes,No,Yes
Honda,City,2013,20k-50k,1000-1500cc,Good (18-24 km/l),Manual,Petrol,First Owner,No,Yes,No
Volkswagen,Taigun,2022,0-20k,1500-2000cc,Good (18-24 km/l),Manual,Hybrid,First Owner,Yes,No,Yes
Honda,Amaze,2020,20k-50k,1000-1500cc,Good (18-24 km/l),Manual,Petrol,First Owner,Yes,Yes,Yes
Maruti Suzuki,Ertiga,2016,20k-50k,1000-1500cc,Good (18-24 km/l),Manual,Petrol,First Owner,Yes,No,Yes
Maruti Suzuki,Baleno,2019,50k-80k,1000-1500cc,Excellent (24+ km/l),Manual,Diesel,Third Owner,Yes,No,Yes
Honda,WR-V,2021,0-20k,1000-1500cc,Excellent (24+ km/l),Automatic,CNG,First Owner,Yes,No,Yes
Hyundai,i20,2006,50k-80k,1000-1500cc,Good (18-24 km/l),Manual,Diesel,First Owner,No,Yes,No
Maruti Suzuki,Swift,2021,0-20k,1000-1500cc,Good (18-24 km/l),Manual,Petrol,First Owner,Yes,No,Yes
Tata,Altroz,2020,0-20k,1500-2000cc,Good (18-24 km/l),Manual,Petrol,Second Owner,Yes,No,Yes
Honda,Amaze,2015,80k-120k,1000-1500cc,Good (18-24 km/l),Manual,Diesel,Second Owner,Yes,No,Yes
Tata,Punch,2022,20k-50k,1000-1500cc,Average (12-18 km/l),Automatic,Diesel,First Owner,Yes,No,Yes
Ford,EcoSport,2017,50k-80k,<1000cc,Good (18-24 km/l),Manual,Petrol,Second Owner,Yes,Yes,Yes
Toyota,Fortuner,2016,20k-50k,2000cc+,Average (12-18 km/l),Manual,Petrol,Second Owner,No,No,No
Tata,Altroz,2019,20k-50k,1000-1500cc,Excellent (24+ km/l),Manual,Electric,First Owner,No,No,Yes
Volkswagen,Vento,2021,20k-50k,1000-1500cc,Good (18-24 km/l),Manual,Petrol,First Owner,Yes,No,Yes
Toyota,Fortuner,2023,0-20k,2000cc+,Average (12-18 km/l),Manual,Petrol,First Owner,Yes,No,Yes
Toyota,Innova,2013,50k-80k,1500-2000cc,Good (18-24 km/l),Manual,CNG,Third Owner,No,No,No
Honda,Amaze,2018,0-20k,1000-1500cc,Good (18-24 km/l),Manual,Petrol,First Owner,No,No,Yes
Maruti Suzuki,Alto,2010,80k-120k,1000-1500cc,Good (18-24 km/l),Automatic,Petrol,First Owner,No,Yes,No
Ford,Endeavour,2022,0-20k,1000-1500cc,Good (18-24 km/l),Manual,Petrol,First Owner,Yes,No,Yes
Tata,Altroz,2019,20k-50k,2000cc+,Low (<12 km/l),Automatic,Petrol,Second Owner,Yes,No,Yes
BMW,X1,2021,0-20k,2000cc+,Good (18-24 km/l),Manual,Diesel,First Owner,Yes,No,Yes
Renault,Triber,2017,80k-120k,1000-1500cc,Good (18-24 km/l),Manual,Diesel,Second Owner,No,No,No
Honda,City,2022,0-20k,1000-1500cc,Average (12-18 km/l),Manual,Petrol,First Owner,Yes,No,Yes
Hyundai,Verna,2020,0-20k,1000-1500cc,Excellent (24+ km/l),Manual,Diesel,First Owner,No,No,Yes
Hyundai,Creta,2023,0-20k,1500-2000cc,Good (18-24 km/l),Manual,Petrol,First Owner,Yes,No,Yes
Tata,Nexon,2010,50k-80k,1000-1500cc,Good (18-24 km/l),Manual,Diesel,Third Owner,No,No,No
Mahindra,Thar,2020,50k-80k,1500-2000cc,Good (18-24 km/l),Manual,Petrol,Second Owner,Yes,No,No
Hyundai,i10,2022,0-20k,1000-1500cc,Good (18-24 km/l),Manual,Petrol,First Owner,Yes,No,Yes
Mahindra,Thar,2020,20k-50k,1000-1500cc,Excellent (24+ km/l),Manual,CNG,Second Owner,Yes,No,Yes
Maruti Suzuki,Baleno,2007,20k-50k,1000-1500cc,Good (18-24 km/l),Manual,Petrol,Second Owner,No,Yes,No
Mercedes-Benz,GLA,2023,0-20k,1500-2000cc,Average (12-18 km/l),Automatic,Petrol,First Owner,Yes,No,Yes
Maruti Suzuki,WagonR,2016,120k+,1000-1500cc,Good (18-24 km/l),Manual,Petrol,Second Owner,Yes,No,No
BMW,3 Series,2016,20k-50k,2000cc+,Average (12-18 km/l),Manual,Petrol,Fourth & Above,No,No,No
BMW,X1,2019,50k-80k,2000cc+,Average (12-18 km/l),Automatic,Petrol,Second Owner,Yes,Yes,No
Mahindra,Scorpio,2020,50k-80k,1000-1500cc,Average (12-18 km/l),Automatic,Petrol,First Owner,No,No,Yes
Ford,EcoSport,2022,20k-50k,1000-1500cc,Excellent (24+ km/l),Manual,CNG,First Owner,Yes,No,Yes
Mahindra,Bolero,2018,0-20k,1000-1500cc,Good (18-24 km/l),Manual,Diesel,Second Owner,Yes,No,Yes
Toyota,Fortuner,2019,20k-50k,1500-2000cc,Average (12-18 km/l),Manual,Petrol,First Owner,Yes,No,Yes
Tata,Punch,2020,80k-120k,1000-1500cc,Good (18-24 km/l),Manual,Petrol,Second Owner,Yes,No,Yes
Hyundai,Creta,2018,80k-120k,1000-1500cc,Good (18-24 km/l),Manual,Petrol,First Owner,No,No,No
Honda,WR-V,2023,0-20k,1000-1500cc,Good (18-24 km/l),Manual,Petrol,First Owner,No,No,Yes
Mahindra,XUV300,2023,0-20k,1500-2000cc,Good (18-24 km/l),Manual,Petrol,First Owner,Yes,No,Yes
Honda,City,2019,50k-80k,1000-1500cc,Excellent (24+ km/l),Manual,CNG,First Owner,Yes,No,Yes
Hyundai,Verna,2005,20k-50k,<1000cc,Good (18-24 km/l),Manual,Petrol,First Owner,No,No,Yes
Tata,Nexon,2023,0-20k,1000-1500cc,Good (18-24 km/l),Automatic,Petrol,First Owner,Yes,No,Yes
Maruti Suzuki,Ertiga,2012,80k-120k,1000-1500cc,Good (18-24 km/l),Manual,Petrol,Third Owner,Yes,No,No
Maruti Suzuki,Baleno,2015,120k+,1500-2000cc,Good (18-24 km/l),Manual,Diesel,First Owner,Yes,No,No
Hyundai,Verna,2013,120k+,1500-2000cc,Good (18-24 km/l),Manual,Diesel,Third Owner,Yes,Yes,No
Maruti Suzuki,Swift,2014,0-20k,1000-1500cc,Excellent (24+ km/l),Manual,Electric,Fourth & Above,Yes,No,Yes
Maruti Suzuki,Alto,2022,20k-50k,<1000cc,Good (18-24 km/l),Automatic,Petrol,First Owner,Yes,No,Yes
Renault,Duster,2020,50k-80k,1000-1500cc,Good (18-24 km/l),Automatic,Petrol,First Owner,Yes,No,Yes
Maruti Suzuki,Alto,2023,0-20k,<1000cc,Good (18-24 km/l),Automatic,Petrol,First Owner,Yes,No,Yes
Toyota,Yaris,2015,80k-120k,1500-2000cc,Good (18-24 km/l),Manual,Petrol,Third Owner,No,Yes,No
Hyundai,Creta,2019,20k-50k,1500-2000cc,Good (18-24 km/l),Manual,Diesel,Third Owner,Yes,Yes,No
Kia,Seltos,2023,0-20k,1000-1500cc,Average (12-18 km/l),Automatic,Petrol,First Owner,Yes,No,Yes
Mahindra,XUV500,2022,20k-50k,2000cc+,Good (18-24 km/l),Manual,Diesel,First Owner,Yes,No,Yes
Hyundai,i10,2022,0-20k,1000-1500cc,Good (18-24 km/l),Automatic,Petrol,First Owner,Yes,No,Yes
Mahindra,Bolero,2014,80k-120k,1000-1500cc,Good (18-24 km/l),Automatic,Diesel,Third Owner,No,No,No
Tata,Tiago,2022,0-20k,1500-2000cc,Good (18-24 km/l),Manual,Diesel,First Owner,No,No,Yes
Honda,Amaze,2017,20k-50k,1500-2000cc,Excellent (24+ km/l),Manual,CNG,First Owner,Yes,No,Yes
Maruti Suzuki,Alto,2020,20k-50k,1000-1500cc,Good (18-24 km/l),Manual,Petrol,First Owner,Yes,Yes,Yes
Mercedes-Benz,GLA,2021,20k-50k,1500-2000cc,Good (18-24 km/l),Automatic,Petrol,First Owner,Yes,No,Yes
Tata,Tiago,2021,0-20k,2000cc+,Good (18-24 km/l),Manual,Diesel,First Owner,No,No,Yes
Tata,Nexon,2022,0-20k,2000cc+,Average (12-18 km/l),Automatic,Petrol,First Owner,No,No,Yes
Ford,EcoSport,2021,0-20k,<1000cc,Good (18-24 km/l),Manual,Petrol,First Owner,Yes,No,Yes
Tata,Harrier,2010,120k+,1500-2000cc,Good (18-24 km/l),Manual,Diesel,First Owner,Yes,Yes,No
Skoda,Kushaq,2019,80k-120k,<1000cc,Good (18-24 km/l),Automatic,Petrol,Second Owner,No,Yes,No
Mahindra,Scorpio,2021,20k-50k,2000cc+,Good (18-24 km/l),Manual,Diesel,First Owner,Yes,No,Yes
Ford,Figo,2016,80k-120k,1000-1500cc,Excellent (24+ km/l),Manual,CNG,First Owner,Yes,Yes,No
Maruti Suzuki,Swift,2017,0-20k,1500-2000cc,Good (18-24 km/l),Manual,Petrol,First Owner,Yes,No,Yes
Skoda,Octavia,2012,80k-120k,1000-1500cc,Good (18-24 km/l),Manual,Diesel,Third Owner,Yes,Yes,No
Volkswagen,Taigun,2018,20k-50k,1000-1500cc,Good (18-24 km/l),Manual,Diesel,Second Owner,Yes,No,Yes
Hyundai,Verna,2023,0-20k,1000-1500cc,Excellent (24+ km/l),Manual,CNG,First Owner,Yes,No,Yes
Maruti Suzuki,Swift,2016,20k-50k,1000-1500cc,Good (18-24 km/l),Manual,Petrol,First Owner,Yes,Yes,No
Hyundai,Verna,2020,0-20k,<1000cc,Excellent (24+ km/l),Manual,Petrol,Second Owner,Yes,No,Yes
Mercedes-Benz,C-Class,2022,0-20k,2000cc+,Average (12-18 km/l),Automatic,Petrol,First Owner,Yes,No,Yes
Hyundai,i20,2006,120k+,1000-1500cc,Average (12-18 km/l),Automatic,Petrol,Third Owner,No,Yes,No
Mahindra,Thar,2023,0-20k,2000cc+,Average (12-18 km/l),Manual,Petrol,First Owner,Yes,No,Yes
Maruti Suzuki,Baleno,2018,80k-120k,1000-1500cc,Good (18-24 km/l),Manual,Petrol,Second Owner,Yes,No,Yes
Tata,Altroz,2023,0-20k,1500-2000cc,Average (12-18 km/l),Manual,Petrol,First Owner,Yes,No,Yes
Honda,City,2008,20k-50k,1000-1500cc,Good (18-24 km/l),Manual,Diesel,First Owner,Yes,Yes,No
Audi,A4,2013,20k-50k,2000cc+,Good (18-24 km/l),Automatic,Petrol,Second Owner,No,No,No
Mahindra,XUV500,2017,50k-80k,2000cc+,Average (12-18 km/l),Manual,Petrol,First Owner,Yes,Yes,Yes
Renault,Triber,2017,80k-120k,1000-1500cc,Good (18-24 km/l),Manual,Petrol,First Owner,Yes,No,Yes
Honda,City,2022,0-20k,1000-1500cc,Average (12-18 km/l),Automatic,Petrol,First Owner,Yes,No,Yes
Maruti Suzuki,Ertiga,2006,120k+,1000-1500cc,Excellent (24+ km/l),Manual,Electric,Fourth & Above,Yes,Yes,No
Hyundai,Venue,2021,50k-80k,1000-1500cc,Good (18-24 km/l),Automatic,Hybrid,First Owner,Yes,No,Yes
Honda,Jazz,2012,120k+,1000-1500cc,Excellent (24+ km/l),Manual,CNG,First Owner,No,Yes,No
Audi,A4,2022,0-20k,1500-2000cc,Average (12-18 km/l),Automatic,Petrol,First Owner,Yes,No,Yes
Skoda,Kushaq,2022,0-20k,1500-2000cc,Good (18-24 km/l),Automatic,Diesel,First Owner,Yes,Yes,Yes
Hyundai,Creta,2019,50k-80k,<1000cc,Good (18-24 km/l),Automatic,Diesel,First Owner,Yes,No,Yes
Hyundai,i10,2015,120k+,1000-1500cc,Good (18-24 km/l),Manual,Petrol,First Owner,No,Yes,No
Hyundai,i20,2021,0-20k,1000-1500cc,Good (18-24 km/l),Manual,Diesel,First Owner,Yes,No,Yes
BMW,X1,2013,50k-80k,1500-2000cc,Excellent (24+ km/l),Manual,Electric,First Owner,Yes,Yes,Yes
Skoda,Octavia,2014,120k+,1500-2000cc,Good (18-24 km/l),Manual,Petrol,First Owner,Yes,Yes,No
Volkswagen,Polo,2021,0-20k,1000-1500cc,Good (18-24 km/l),Manual,Diesel,Second Owner,Yes,No,Yes
Tata,Punch,2023,0-20k,1500-2000cc,Average (12-18 km/l),Automatic,Diesel,First Owner,No,No,Yes
Mahindra,Bolero,2023,0-20k,1500-2000cc,Good (18-24 km/l),Manual,Petrol,First Owner,Yes,No,Yes
Mahindra,Bolero,2020,0-20k,2000cc+,Average (12-18 km/l),Automatic,Petrol,First Owner,No,No,Yes
Hyundai,i10,2020,50k-80k,1000-1500cc,Good (18-24 km/l),Manual,Petrol,Third Owner,Yes,No,Yes
Mahindra,XUV500,2023,0-20k,1000-1500cc,Good (18-24 km/l),Manual,Diesel,Second Owner,Yes,No,Yes
Maruti Suzuki,Swift,2020,20k-50k,1000-1500cc,Good (18-24 km/l),Manual,Petrol,First Owner,Yes,No,Yes
Maruti Suzuki,Dzire,2018,0-20k,1500-2000cc,Good (18-24 km/l),Manual,Diesel,Third Owner,Yes,No,Yes
Kia,Seltos,2023,0-20k,1000-1500cc,Good (18-24 km/l),Manual,Diesel,First Owner,Yes,No,Yes
Volkswagen,Vento,2015,120k+,<1000cc,Good (18-24 km/l),Manual,Hybrid,Second Owner,No,No,No
Tata,Altroz,2011,50k-80k,1500-2000cc,Good (18-24 km/l),Manual,Petrol,Third Owner,No,No,No
Mahindra,Thar,2021,20k-50k,1000-1500cc,Average (12-18 km/l),Manual,Petrol,First Owner,No,Yes,No
Tata,Punch,2011,80k-120k,1000-1500cc,Good (18-24 km/l),Automatic,Petrol,First Owner,No,Yes,No
Volkswagen,Taigun,2018,50k-80k,1500-2000cc,Good (18-24 km/l),Manual,Petrol,Second Owner,Yes,Yes,Yes
Renault,Triber,2018,0-20k,1000-1500cc,Average (12-18 km/l),Manual,Petrol,Second Owner,Yes,No,Yes
Volkswagen,Vento,2020,80k-120k,<1000cc,Good (18-24 km/l),Automatic,Petrol,Third Owner,Yes,No,Yes
Ford,Figo,2023,0-20k,1000-1500cc,Excellent (24+ km/l),Manual,Diesel,First Owner,Yes,Yes,Yes
Hyundai,i20,2015,50k-80k,1000-1500cc,Average (12-18 km/l),Automatic,Petrol,Second Owner,Yes,No,No
Tata,Harrier,2018,20k-50k,2000cc+,Good (18-24 km/l),Automatic,Diesel,First Owner,Yes,Yes,Yes
Mahindra,XUV300,2012,0-20k,1000-1500cc,Excellent (24+ km/l),Manual,CNG,First Owner,Yes,No,Yes
Tata,Nexon,2021,0-20k,1000-1500cc,Average (12-18 km/l),Automatic,Petrol,First Owner,Yes,No,Yes
Volkswagen,Polo,2022,0-20k,<1000cc,Good (18-24 km/l),Manual,Diesel,First Owner,Yes,Yes,Yes
Tata,Nexon,2019,20k-50k,1500-2000cc,Good (18-24 km/l),Manual,Petrol,First Owner,No,No,Yes
Maruti Suzuki,Ertiga,2015,80k-120k,1000-1500cc,Good (18-24 km/l),Manual,Diesel,Second Owner,Yes,Yes,No
Tata,Harrier,2021,0-20k,1000-1500cc,Good (18-24 km/l),Manual,Diesel,Second Owner,Yes,No,Yes
Mercedes-Benz,C-Class,2020,0-20k,2000cc+,Average (12-18 km/l),Automatic,Petrol,First Owner,No,No,No
Hyundai,Creta,2014,20k-50k,1000-1500cc,Good (18-24 km/l),Manual,Diesel,Second Owner,No,No,Yes
Toyota,Fortuner,2018,50k-80k,1000-1500cc,Good (18-24 km/l),Automatic,Petrol,First Owner,Yes,Yes,Yes
Mahindra,Bolero,2019,20k-50k,1000-1500cc,Good (18-24 km/l),Manual,Hybrid,Fourth & Above,No,No,Yes
Maruti Suzuki,Baleno,2023,0-20k,<1000cc,Good (18-24 km/l),Manual,Petrol,First Owner,No,No,Yes
Mahindra,Thar,2023,0-20k,1500-2000cc,Good (18-24 km/l),Manual,Petrol,First Owner,No,No,Yes
Ford,Endeavour,2022,20k-50k,1000-1500cc,Good (18-24 km/l),Automatic,Petrol,First Owner,Yes,No,Yes
Mahindra,Scorpio,2023,0-20k,1000-1500cc,Good (18-24 km/l),Automatic,Diesel,First Owner,Yes,No,Yes
Kia,Sonet,2022,0-20k,1000-1500cc,Good (18-24 km/l),Automatic,Diesel,First Owner,Yes,No,Yes
Hyundai,i10,2023,0-20k,1000-1500cc,Excellent (24+ km/l),Automatic,Electric,First Owner,Yes,No,Yes
Maruti Suzuki,Swift,2009,120k+,1000-1500cc,Good (18-24 km/l),Manual,Diesel,First Owner,Yes,Yes,No
BMW,5 Series,2019,0-20k,2000cc+,Average (12-18 km/l),Manual,Petrol,First Owner,Yes,No,Yes
Tata,Tiago,2022,20k-50k,2000cc+,Good (18-24 km/l),Automatic,Diesel,Second Owner,Yes,No,Yes
Honda,Amaze,2020,80k-120k,1000-1500cc,Average (12-18 km/l),Automatic,Petrol,Second Owner,No,No,Yes
Renault,Kwid,2014,120k+,1000-1500cc,Good (18-24 km/l),Manual,Petrol,First Owner,Yes,No,Yes
Tata,Tiago,2017,20k-50k,2000cc+,Good (18-24 km/l),Manual,Petrol,Second Owner,Yes,No,Yes
Ford,Endeavour,2017,50k-80k,<1000cc,Excellent (24+ km/l),Manual,Petrol,Fourth & Above,No,No,Yes
Maruti Suzuki,Ertiga,2016,0-20k,1000-1500cc,Good (18-24 km/l),Manual,Petrol,Third Owner,No,Yes,No
Hyundai,Creta,2017,50k-80k,1000-1500cc,Average (12-18 km/l),Manual,Petrol,First Owner,No,Yes,No
Maruti Suzuki,Alto,2020,20k-50k,1000-1500cc,Good (18-24 km/l),Automatic,Petrol,First Owner,Yes,No,Yes
Renault,Duster,2023,0-20k,1000-1500cc,Good (18-24 km/l),Manual,Diesel,First Owner,Yes,No,Yes
Hyundai,i10,2022,0-20k,1500-2000cc,Good (18-24 km/l),Manual,Petrol,First Owner,Yes,No,Yes
Ford,EcoSport,2022,0-20k,1000-1500cc,Good (18-24 km/l),Manual,Diesel,First Owner,Yes,No,Yes
BMW,X1,2023,0-20k,2000cc+,Average (12-18 km/l),Automatic,Petrol,First Owner,Yes,No,Yes
Mahindra,Scorpio,2018,0-20k,2000cc+,Good (18-24 km/l),Manual,CNG,Second Owner,No,No,Yes
Honda,Amaze,2017,0-20k,1000-1500cc,Good (18-24 km/l),Manual,Petrol,Third Owner,Yes,No,Yes
Mahindra,XUV500,2009,50k-80k,1000-1500cc,Excellent (24+ km/l),Manual,CNG,First Owner,Yes,Yes,No
Tata,Harrier,2023,0-20k,1500-2000cc,Good (18-24 km/l),Manual,Diesel,Third Owner,Yes,No,Yes
Mahindra,XUV500,2010,120k+,1000-1500cc,Good (18-24 km/l),Manual,Diesel,Second Owner,Yes,Yes,No
Honda,City,2022,0-20k,1500-2000cc,Average (12-18 km/l),Manual,Petrol,First Owner,Yes,No,Yes
Mercedes-Benz,C-Class,2018,50k-80k,2000cc+,Average (12-18 km/l),Automatic,Petrol,First Owner,No,Yes,No
BMW,5 Series,2023,0-20k,2000cc+,Excellent (24+ km/l),Automatic,Electric,First Owner,Yes,No,Yes
Skoda,Octavia,2018,20k-50k,1000-1500cc,Good (18-24 km/l),Manual,Petrol,First Owner,Yes,Yes,Yes
Kia,Sonet,2022,20k-50k,1000-1500cc,Good (18-24 km/l),Manual,Petrol,First Owner,Yes,No,Yes
Mahindra,Thar,2016,20k-50k,1500-2000cc,Good (18-24 km/l),Manual,Hybrid,Fourth & Above,Yes,Yes,No
Toyota,Glanza,2016,120k+,1000-1500cc,Good (18-24 km/l),Manual,Petrol,First Owner,No,No,No
Kia,Seltos,2020,20k-50k,1000-1500cc,Good (18-24 km/l),Automatic,Petrol,First Owner,Yes,Yes,Yes
Tata,Altroz,2023,0-20k,1000-1500cc,Average (12-18 km/l),Automatic,Diesel,First Owner,Yes,No,Yes
Audi,A4,2020,20k-50k,2000cc+,Average (12-18 km/l),Automatic,Diesel,Fourth & Above,Yes,No,Yes
Tata,Harrier,2023,0-20k,2000cc+,Good (18-24 km/l),Manual,Diesel,First Owner,Yes,No,Yes
Honda,Jazz,2022,20k-50k,1000-1500cc,Excellent (24+ km/l),Manual,Electric,First Owner,Yes,No,Yes
Ford,Figo,2022,0-20k,1500-2000cc,Good (18-24 km/l),Manual,Petrol,First Owner,Yes,No,Yes
Audi,Q3,2019,20k-50k,2000cc+,Excellent (24+ km/l),Manual,Diesel,Third Owner,No,Yes,No
Hyundai,Venue,2018,50k-80k,1000-1500cc,Good (18-24 km/l),Manual,Petrol,Second Owner,Yes,No,Yes
Volkswagen,Vento,2014,20k-50k,1000-1500cc,Good (18-24 km/l),Automatic,Diesel,Second Owner,No,No,No
Mahindra,XUV300,2023,0-20k,1000-1500cc,Good (18-24 km/l),Automatic,Petrol,First Owner,Yes,No,Yes
Hyundai,Creta,2023,0-20k,<1000cc,Average (12-18 km/l),Automatic,Petrol,First Owner,Yes,No,Yes
Volkswagen,Polo,2022,0-20k,1000-1500cc,Good (18-24 km/l),Automatic,Petrol,First Owner,Yes,No,Yes
Honda,City,2016,20k-50k,1500-2000cc,Good (18-24 km/l),Manual,Diesel,Second Owner,Yes,No,Yes
Toyota,Fortuner,2015,50k-80k,2000cc+,Average (12-18 km/l),Manual,Petrol,First Owner,No,No,No
Tata,Nexon,2023,0-20k,1500-2000cc,Excellent (24+ km/l),Automatic,Electric,First Owner,No,No,Yes
Mahindra,Thar,2010,120k+,1000-1500cc,Good (18-24 km/l),Manual,Diesel,Fourth & Above,No,Yes,No
Toyota,Fortuner,2022,0-20k,1500-2000cc,Good (18-24 km/l),Automatic,Diesel,First Owner,Yes,No,Yes
Tata,Nexon,2017,80k-120k,1500-2000cc,Good (18-24 km/l),Manual,Hybrid,Fourth & Above,No,No,No
Hyundai,Verna,2018,80k-120k,1000-1500cc,Good (18-24 km/l),Manual,Petrol,Second Owner,Yes,No,Yes
Audi,Q3,2022,0-20k,1500-2000cc,Good (18-24 km/l),Manual,Diesel,First Owner,Yes,No,Yes
Mahindra,Bolero,2011,80k-120k,1500-2000cc,Good (18-24 km/l),Manual,Petrol,Fourth & Above,No,Yes,No
Volkswagen,Polo,2017,20k-50k,1000-1500cc,Excellent (24+ km/l),Manual,Diesel,Second Owner,Yes,No,Yes
Tata,Altroz,2023,0-20k,2000cc+,Good (18-24 km/l),Manual,Petrol,First Owner,Yes,No,Yes
Tata,Altroz,2021,0-20k,1500-2000cc,Good (18-24 km/l),Manual,Diesel,First Owner,Yes,No,Yes
Tata,Nexon,2022,0-20k,1500-2000cc,Excellent (24+ km/l),Manual,CNG,First Owner,Yes,No,Yes
Tata,Tiago,2022,20k-50k,1000-1500cc,Good (18-24 km/l),Automatic,Petrol,First Owner,Yes,No,Yes
Honda,Jazz,2009,80k-120k,1000-1500cc,Excellent (24+ km/l),Manual,CNG,Third Owner,No,Yes,No
Honda,City,2014,50k-80k,1000-1500cc,Good (18-24 km/l),Manual,Petrol,First Owner,Yes,No,Yes
Mahindra,Scorpio,2019,50k-80k,2000cc+,Excellent (24+ km/l),Manual,Diesel,Second Owner,Yes,No,Yes
Maruti Suzuki,Ertiga,2018,20k-50k,1000-1500cc,Good (18-24 km/l),Manual,Petrol,Second Owner,No,No,Yes
Mahindra,Bolero,2018,20k-50k,1500-2000cc,Average (12-18 km/l),Manual,Petrol,First Owner,Yes,No,Yes
Maruti Suzuki,Ertiga,2022,0-20k,1000-1500cc,Excellent (24+ km/l),Manual,CNG,First Owner,Yes,Yes,Yes
Maruti Suzuki,Dzire,2006,20k-50k,1500-2000cc,Excellent (24+ km/l),Manual,Electric,Second Owner,Yes,No,Yes
BMW,X1,2021,20k-50k,2000cc+,Good (18-24 km/l),Manual,Petrol,First Owner,Yes,Yes,Yes
Honda,WR-V,2005,120k+,1000-1500cc,Good (18-24 km/l),Manual,Petrol,Fourth & Above,No,No,No
Toyota,Innova,2009,50k-80k,1000-1500cc,Good (18-24 km/l),Manual,Petrol,Second Owner,No,No,No
Tata,Punch,2018,80k-120k,2000cc+,Good (18-24 km/l),Manual,Petrol,Second Owner,Yes,Yes,Yes
Kia,Sonet,2022,0-20k,1000-1500cc,Good (18-24 km/l),Automatic,Petrol,First Owner,Yes,No,Yes
Toyota,Fortuner,2013,20k-50k,1500-2000cc,Good (18-24 km/l),Manual,Petrol,First Owner,Yes,Yes,Yes
Volkswagen,Vento,2020,0-20k,1000-1500cc,Excellent (24+ km/l),Manual,Diesel,Second Owner,Yes,Yes,Yes
Tata,Nexon,2021,0-20k,1500-2000cc,Good (18-24 km/l),Automatic,Diesel,Second Owner,Yes,No,Yes
Audi,A4,2015,20k-50k,1500-2000cc,Good (18-24 km/l),Automatic,Diesel,Second Owner,Yes,Yes,No
Renault,Kwid,2020,80k-120k,1500-2000cc,Good (18-24 km/l),Manual,Petrol,Second Owner,Yes,Yes,No
Skoda,Kushaq,2023,0-20k,1500-2000cc,Good (18-24 km/l),Manual,Diesel,First Owner,Yes,No,Yes
Maruti Suzuki,Ertiga,2020,20k-50k,<1000cc,Good (18-24 km/l),Manual,Petrol,First Owner,Yes,Yes,Yes
Hyundai,Creta,2013,120k+,1000-1500cc,Good (18-24 km/l),Manual,Petrol,First Owner,No,Yes,No
Hyundai,Creta,2021,20k-50k,1000-1500cc,Good (18-24 km/l),Manual,Petrol,First Owner,Yes,No,Yes
Hyundai,Verna,2020,0-20k,1000-1500cc,Good (18-24 km/l),Manual,Diesel,Second Owner,Yes,No,Yes
Skoda,Kushaq,2007,80k-120k,1000-1500cc,Good (18-24 km/l),Manual,Petrol,Fourth & Above,No,Yes,No
Maruti Suzuki,WagonR,2011,80k-120k,1500-2000cc,Good (18-24 km/l),Manual,Petrol,Fourth & Above,No,No,No
Maruti Suzuki,Ertiga,2013,120k+,1000-1500cc,Good (18-24 km/l),Automatic,Petrol,First Owner,Yes,Yes,No
Hyundai,Verna,2013,80k-120k,1000-1500cc,Good (18-24 km/l),Manual,Petrol,Second Owner,Yes,No,Yes
Hyundai,i10,2016,20k-50k,1000-1500cc,Excellent (24+ km/l),Manual,CNG,First Owner,Yes,No,Yes
Hyundai,Venue,2019,20k-50k,1000-1500cc,Good (18-24 km/l),Manual,Diesel,First Owner,Yes,No,Yes
Renault,Kwid,2018,20k-50k,1500-2000cc,Good (18-24 km/l),Manual,Diesel,Second Owner,Yes,No,Yes
Honda,Jazz,2023,0-20k,1500-2000cc,Excellent (24+ km/l),Manual,CNG,First Owner,Yes,No,Yes
Maruti Suzuki,Dzire,2021,0-20k,1000-1500cc,Good (18-24 km/l),Manual,Petrol,First Owner,Yes,No,Yes
Tata,Punch,2023,0-20k,1000-1500cc,Good (18-24 km/l),Automatic,CNG,First Owner,Yes,No,Yes
Tata,Harrier,2020,20k-50k,1500-2000cc,Good (18-24 km/l),Manual,Diesel,Fourth & Above,Yes,No,Yes
Maruti Suzuki,Ertiga,2011,120k+,1000-1500cc,Excellent (24+ km/l),Manual,CNG,Second Owner,No,Yes,No
Toyota,Innova,2019,0-20k,2000cc+,Average (12-18 km/l),Automatic,Petrol,First Owner,No,No,Yes
Ford,Figo,2022,0-20k,<1000cc,Good (18-24 km/l),Automatic,Petrol,First Owner,Yes,Yes,Yes
Ford,Figo,2014,50k-80k,1000-1500cc,Good (18-24 km/l),Manual,Petrol,First Owner,No,No,No
Ford,Endeavour,2011,50k-80k,1000-1500cc,Good (18-24 km/l),Manual,Diesel,Fourth & Above,Yes,No,No
Maruti Suzuki,Alto,2017,20k-50k,1000-1500cc,Good (18-24 km/l),Manual,Petrol,Second Owner,Yes,No,Yes
Audi,A4,2018,20k-50k,2000cc+,Average (12-18 km/l),Manual,Diesel,First Owner,Yes,Yes,Yes
Renault,Kwid,2017,20k-50k,1500-2000cc,Good (18-24 km/l),Manual,Petrol,First Owner,No,No,Yes
Kia,Sonet,2012,120k+,1000-1500cc,Good (18-24 km/l),Manual,Petrol,Second Owner,Yes,Yes,No
Maruti Suzuki,Baleno,2016,50k-80k,<1000cc,Good (18-24 km/l),Manual,Petrol,First Owner,Yes,Yes,No
BMW,5 Series,2021,0-20k,2000cc+,Average (12-18 km/l),Manual,Diesel,First Owner,Yes,Yes,Yes
Renault,Triber,2018,0-20k,1000-1500cc,Good (18-24 km/l),Manual,CNG,Second Owner,Yes,No,Yes
Skoda,Rapid,2021,20k-50k,1000-1500cc,Excellent (24+ km/l),Manual,CNG,First Owner,Yes,No,Yes
Maruti Suzuki,Alto,2020,50k-80k,1000-1500cc,Good (18-24 km/l),Automatic,Petrol,First Owner,Yes,Yes,Yes
Volkswagen,Polo,2020,20k-50k,1000-1500cc,Average (12-18 km/l),Automatic,Petrol,First Owner,Yes,No,Yes
Audi,Q3,2015,120k+,2000cc+,Good (18-24 km/l),Manual,Diesel,Second Owner,Yes,Yes,No
Toyota,Innova,2020,20k-50k,1500-2000cc,Good (18-24 km/l),Automatic,Diesel,First Owner,Yes,No,Yes
Honda,WR-V,2007,120k+,1500-2000cc,Good (18-24 km/l),Manual,Petrol,Third Owner,No,No,No
Audi,Q3,2019,20k-50k,2000cc+,Average (12-18 km/l),Manual,Petrol,First Owner,Yes,Yes,Yes
Mahindra,XUV500,2020,20k-50k,1500-2000cc,Average (12-18 km/l),Automatic,Petrol,First Owner,Yes,Yes,Yes
Honda,Jazz,2014,120k+,1000-1500cc,Good (18-24 km/l),Manual,Diesel,First Owner,Yes,No,Yes
Mahindra,Bolero,2016,120k+,1500-2000cc,Average (12-18 km/l),Automatic,Petrol,Third Owner,Yes,No,No
BMW,3 Series,2015,50k-80k,2000cc+,Average (12-18 km/l),Automatic,Diesel,Second Owner,No,No,No
Maruti Suzuki,Baleno,2010,120k+,1000-1500cc,Good (18-24 km/l),Manual,Petrol,Second Owner,No,Yes,No
Mahindra,Bolero,2017,20k-50k,1000-1500cc,Good (18-24 km/l),Manual,Hybrid,Second Owner,No,Yes,No
Ford,Figo,2023,0-20k,<1000cc,Good (18-24 km/l),Manual,Petrol,First Owner,No,No,Yes
Renault,Duster,2017,0-20k,<1000cc,Good (18-24 km/l),Manual,Hybrid,First Owner,Yes,Yes,Yes
Honda,City,2019,20k-50k,1000-1500cc,Good (18-24 km/l),Manual,Petrol,Second Owner,Yes,No,Yes
Kia,Carens,2021,20k-50k,1000-1500cc,Excellent (24+ km/l),Manual,Diesel,First Owner,Yes,No,Yes
BMW,X1,2021,0-20k,2000cc+,Average (12-18 km/l),Automatic,Diesel,First Owner,No,No,Yes
Maruti Suzuki,Swift,2023,0-20k,1000-1500cc,Excellent (24+ km/l),Manual,Diesel,First Owner,Yes,No,Yes
Tata,Tiago,2023,20k-50k,1500-2000cc,Good (18-24 km/l),Manual,Diesel,First Owner,Yes,No,Yes
Maruti Suzuki,Dzire,2022,0-20k,1000-1500cc,Good (18-24 km/l),Manual,Diesel,First Owner,Yes,No,Yes
Tata,Altroz,2023,0-20k,2000cc+,Average (12-18 km/l),Manual,Diesel,First Owner,Yes,No,Yes
Honda,Jazz,2015,80k-120k,1000-1500cc,Good (18-24 km/l),Manual,Hybrid,First Owner,Yes,Yes,No
BMW,5 Series,2021,0-20k,2000cc+,Average (12-18 km/l),Automatic,Petrol,First Owner,Yes,No,Yes
Skoda,Octavia,2023,0-20k,1000-1500cc,Good (18-24 km/l),Automatic,Petrol,Second Owner,Yes,No,Yes
Maruti Suzuki,Baleno,2021,0-20k,1000-1500cc,Good (18-24 km/l),Manual,Diesel,First Owner,Yes,No,Yes
Maruti Suzuki,Dzire,2023,0-20k,1000-1500cc,Good (18-24 km/l),Automatic,Petrol,First Owner,Yes,No,Yes
Honda,City,2011,80k-120k,1000-1500cc,Good (18-24 km/l),Manual,Diesel,Fourth & Above,No,No,No
Honda,Jazz,2019,20k-50k,<1000cc,Good (18-24 km/l),Manual,Petrol,First Owner,Yes,Yes,Yes
Hyundai,i10,2023,0-20k,1000-1500cc,Average (12-18 km/l),Automatic,Petrol,Third Owner,Yes,No,Yes
Kia,Sonet,2018,80k-120k,1000-1500cc,Good (18-24 km/l),Manual,Diesel,First Owner,No,No,Yes
BMW,X1,2022,20k-50k,2000cc+,Average (12-18 km/l),Automatic,Petrol,Second Owner,Yes,No,Yes
Tata,Nexon,2007,50k-80k,1500-2000cc,Good (18-24 km/l),Automatic,Petrol,First Owner,No,No,No
Kia,Sonet,2021,20k-50k,1000-1500cc,Good (18-24 km/l),Automatic,Petrol,First Owner,Yes,No,Yes
Tata,Harrier,2023,0-20k,2000cc+,Average (12-18 km/l),Automatic,Petrol,Second Owner,Yes,No,Yes
Volkswagen,Polo,2018,120k+,<1000cc,Excellent (24+ km/l),Manual,CNG,First Owner,Yes,No,Yes
Mahindra,Scorpio,2007,80k-120k,1500-2000cc,Good (18-24 km/l),Manual,Diesel,Second Owner,No,No,No
Maruti Suzuki,WagonR,2007,80k-120k,1000-1500cc,Excellent (24+ km/l),Automatic,CNG,Second Owner,No,Yes,No
BMW,3 Series,2023,0-20k,1500-2000cc,Good (18-24 km/l),Automatic,Diesel,Second Owner,Yes,No,Yes
Mahindra,Scorpio,2022,0-20k,1500-2000cc,Average (12-18 km/l),Automatic,Hybrid,First Owner,Yes,No,Yes
Volkswagen,Taigun,2011,20k-50k,1000-1500cc,Good (18-24 km/l),Manual,Diesel,First Owner,Yes,Yes,Yes
Tata,Altroz,2009,20k-50k,2000cc+,Average (12-18 km/l),Manual,Petrol,Fourth & Above,Yes,Yes,No
Maruti Suzuki,Alto,2022,20k-50k,1000-1500cc,Good (18-24 km/l),Manual,Petrol,First Owner,Yes,No,Yes
Maruti Suzuki,Alto,2022,0-20k,<1000cc,Good (18-24 km/l),Manual,Diesel,First Owner,Yes,No,Yes
Mahindra,Scorpio,2012,120k+,1500-2000cc,Good (18-24 km/l),Manual,Petrol,Second Owner,Yes,No,No
Ford,EcoSport,2017,20k-50k,1000-1500cc,Good (18-24 km/l),Manual,Petrol,Second Owner,No,No,Yes
Tata,Altroz,2022,0-20k,1500-2000cc,Good (18-24 km/l),Manual,Petrol,First Owner,Yes,Yes,Yes
Ford,EcoSport,2020,0-20k,1000-1500cc,Good (18-24 km/l),Manual,Petrol,Fourth & Above,Yes,No,Yes
Ford,Figo,2023,0-20k,1500-2000cc,Average (12-18 km/l),Automatic,Petrol,First Owner,Yes,Yes,Yes
Ford,EcoSport,2019,0-20k,1000-1500cc,Good (18-24 km/l),Manual,CNG,Third Owner,No,No,Yes
Mahindra,Bolero,2021,20k-50k,1500-2000cc,Good (18-24 km/l),Manual,Petrol,First Owner,No,Yes,Yes
BMW,5 Series,2019,0-20k,1500-2000cc,Average (12-18 km/l),Automatic,Petrol,First Owner,Yes,No,Yes
Mahindra,XUV300,2023,0-20k,1500-2000cc,Average (12-18 km/l),Manual,Petrol,First Owner,Yes,No,Yes
Mahindra,XUV500,2018,80k-120k,2000cc+,Average (12-18 km/l),Automatic,Petrol,Third Owner,Yes,Yes,No
Hyundai,Creta,2015,120k+,1000-1500cc,Good (18-24 km/l),Automatic,Diesel,Second Owner,Yes,No,No
Hyundai,Venue,2017,50k-80k,1000-1500cc,Good (18-24 km/l),Manual,Petrol,First Owner,Yes,No,Yes
Maruti Suzuki,Swift,2023,0-20k,1000-1500cc,Good (18-24 km/l),Manual,Petrol,First Owner,Yes,No,Yes
Toyota,Fortuner,2019,20k-50k,1500-2000cc,Good (18-24 km/l),Manual,Diesel,Fourth & Above,Yes,No,Yes
Hyundai,i20,2017,0-20k,1000-1500cc,Good (18-24 km/l),Manual,Petrol,First Owner,No,No,Yes
Hyundai,i10,2020,20k-50k,1000-1500cc,Good (18-24 km/l),Automatic,Petrol,First Owner,Yes,Yes,Yes
Volkswagen,Polo,2012,50k-80k,1000-1500cc,Good (18-24 km/l),Manual,Petrol,Second Owner,Yes,No,Yes
Tata,Nexon,2005,80k-120k,1000-1500cc,Good (18-24 km/l),Manual,Diesel,Second Owner,No,No,No
Hyundai,i10,2016,120k+,1000-1500cc,Good (18-24 km/l),Manual,Petrol,First Owner,No,Yes,No
Maruti Suzuki,Baleno,2020,0-20k,1500-2000cc,Good (18-24 km/l),Automatic,Petrol,Third Owner,No,Yes,No
Volkswagen,Polo,2021,80k-120k,1500-2000cc,Average (12-18 km/l),Automatic,Petrol,First Owner,No,No,Yes
Maruti Suzuki,Ertiga,2022,20k-50k,1000-1500cc,Good (18-24 km/l),Automatic,Petrol,First Owner,Yes,No,Yes
Mahindra,Bolero,2023,0-20k,1500-2000cc,Good (18-24 km/l),Manual,Petrol,Second Owner,Yes,No,Yes
Mahindra,XUV500,2018,0-20k,2000cc+,Average (12-18 km/l),Manual,Petrol,Second Owner,No,Yes,No
Ford,Endeavour,2022,20k-50k,1000-1500cc,Good (18-24 km/l),Manual,Petrol,First Owner,Yes,Yes,Yes
Toyota,Yaris,2010,120k+,1500-2000cc,Average (12-18 km/l),Manual,Petrol,Third Owner,No,No,No
Renault,Triber,2009,120k+,1000-1500cc,Good (18-24 km/l),Automatic,Diesel,Fourth & Above,No,No,No
Maruti Suzuki,Ertiga,2012,20k-50k,<1000cc,Good (18-24 km/l),Manual,Petrol,Third Owner,No,No,No
Hyundai,Creta,2019,50k-80k,1500-2000cc,Good (18-24 km/l),Manual,Diesel,First Owner,Yes,Yes,No
Hyundai,i20,2015,20k-50k,<1000cc,Good (18-24 km/l),Manual,Petrol,First Owner,Yes,No,Yes
Maruti Suzuki,Baleno,2016,0-20k,1500-2000cc,Average (12-18 km/l),Manual,Petrol,Second Owner,No,Yes,No
Hyundai,Verna,2021,50k-80k,1000-1500cc,Good (18-24 km/l),Manual,Diesel,First Owner,Yes,No,Yes
Hyundai,i10,2017,20k-50k,1000-1500cc,Good (18-24 km/l),Manual,Petrol,First Owner,Yes,No,Yes
Mahindra,Thar,2020,0-20k,2000cc+,Good (18-24 km/l),Manual,Petrol,First Owner,No,No,Yes
Toyota,Innova,2018,20k-50k,1000-1500cc,Good (18-24 km/l),Manual,Diesel,Third Owner,No,No,No
Tata,Punch,2014,0-20k,2000cc+,Good (18-24 km/l),Manual,Diesel,First Owner,Yes,No,Yes
Ford,Endeavour,2010,80k-120k,1000-1500cc,Good (18-24 km/l),Manual,Diesel,First Owner,No,Yes,No
Tata,Nexon,2015,120k+,1500-2000cc,Excellent (24+ km/l),Manual,CNG,Second Owner,Yes,No,Yes
Hyundai,Creta,2009,80k-120k,1500-2000cc,Good (18-24 km/l),Manual,Diesel,First Owner,Yes,No,No
Honda,City,2021,20k-50k,<1000cc,Good (18-24 km/l),Manual,Petrol,First Owner,Yes,No,Yes
Maruti Suzuki,Ertiga,2022,0-20k,<1000cc,Good (18-24 km/l),Automatic,Diesel,First Owner,Yes,No,Yes
Maruti Suzuki,Dzire,2017,80k-120k,1000-1500cc,Excellent (24+ km/l),Manual,Diesel,Second Owner,Yes,No,Yes
Tata,Altroz,2018,20k-50k,1000-1500cc,Excellent (24+ km/l),Manual,Diesel,First Owner,No,No,Yes
BMW,3 Series,2022,0-20k,2000cc+,Average (12-18 km/l),Automatic,Diesel,First Owner,Yes,No,Yes
Ford,Figo,2015,20k-50k,1000-1500cc,Excellent (24+ km/l),Manual,Petrol,First Owner,No,Yes,Yes
Maruti Suzuki,Alto,2012,120k+,1000-1500cc,Good (18-24 km/l),Manual,Petrol,Third Owner,No,Yes,No
Skoda,Octavia,2019,0-20k,1000-1500cc,Good (18-24 km/l),Manual,Diesel,First Owner,No,No,Yes
Volkswagen,Vento,2021,20k-50k,1000-1500cc,Good (18-24 km/l),Automatic,Diesel,First Owner,No,No,Yes
Toyota,Glanza,2020,0-20k,2000cc+,Good (18-24 km/l),Automatic,Diesel,Second Owner,Yes,No,Yes
Renault,Duster,2021,20k-50k,1000-1500cc,Good (18-24 km/l),Manual,Petrol,First Owner,Yes,Yes,Yes
Tata,Punch,2009,50k-80k,1000-1500cc,Good (18-24 km/l),Manual,Diesel,Fourth & Above,Yes,No,Yes
Hyundai,i10,2018,50k-80k,1000-1500cc,Good (18-24 km/l),Manual,Petrol,First Owner,No,No,No
Mahindra,XUV500,2015,50k-80k,2000cc+,Good (18-24 km/l),Manual,Diesel,Third Owner,Yes,Yes,Yes
Honda,Amaze,2022,0-20k,1500-2000cc,Good (18-24 km/l),Manual,Diesel,First Owner,Yes,No,Yes
Honda,WR-V,2023,0-20k,1000-1500cc,Good (18-24 km/l),Automatic,Diesel,First Owner,Yes,No,Yes
Honda,City,2016,50k-80k,1500-2000cc,Average (12-18 km/l),Manual,Petrol,Third Owner,Yes,No,Yes
Audi,A4,2011,0-20k,2000cc+,Good (18-24 km/l),Automatic,Diesel,First Owner,No,No,Yes
Kia,Sonet,2016,20k-50k,1000-1500cc,Good (18-24 km/l),Manual,Petrol,Third Owner,Yes,Yes,No
Kia,Sonet,2011,120k+,1000-1500cc,Good (18-24 km/l),Manual,Diesel,Third Owner,Yes,No,No
Renault,Triber,2017,20k-50k,1000-1500cc,Good (18-24 km/l),Manual,Petrol,Fourth & Above,Yes,No,Yes
BMW,5 Series,2020,20k-50k,2000cc+,Low (<12 km/l),Automatic,Petrol,Fourth & Above,Yes,No,No
Maruti Suzuki,Dzire,2023,0-20k,<1000cc,Good (18-24 km/l),Automatic,Petrol,First Owner,Yes,No,Yes
Hyundai,i20,2018,20k-50k,1000-1500cc,Excellent (24+ km/l),Automatic,Diesel,Second Owner,No,No,Yes
Mahindra,Bolero,2015,120k+,2000cc+,Good (18-24 km/l),Manual,Petrol,First Owner,Yes,No,Yes
Skoda,Octavia,2013,120k+,1000-1500cc,Good (18-24 km/l),Automatic,Petrol,First Owner,Yes,Yes,No
Mahindra,Bolero,2014,80k-120k,1500-2000cc,Good (18-24 km/l),Manual,Diesel,Second Owner,No,Yes,No
Volkswagen,Polo,2014,80k-120k,1000-1500cc,Good (18-24 km/l),Manual,Petrol,First Owner,No,Yes,No
Maruti Suzuki,Dzire,2022,20k-50k,<1000cc,Good (18-24 km/l),Manual,Petrol,First Owner,Yes,No,Yes
Hyundai,i10,2009,80k-120k,1000-1500cc,Excellent (24+ km/l),Manual,Diesel,First Owner,Yes,No,No
Volkswagen,Taigun,2023,20k-50k,1000-1500cc,Good (18-24 km/l),Manual,Petrol,First Owner,Yes,Yes,Yes
Maruti Suzuki,Baleno,2020,0-20k,1000-1500cc,Good (18-24 km/l),Manual,Diesel,Second Owner,No,No,Yes
Tata,Nexon,2020,0-20k,2000cc+,Average (12-18 km/l),Automatic,Diesel,First Owner,Yes,No,Yes
Hyundai,Verna,2017,20k-50k,1000-1500cc,Good (18-24 km/l),Manual,Petrol,Third Owner,Yes,No,Yes
Tata,Punch,2021,0-20k,2000cc+,Good (18-24 km/l),Manual,Petrol,First Owner,No,No,Yes
Ford,EcoSport,2019,50k-80k,1000-1500cc,Average (12-18 km/l),Manual,Petrol,First Owner,Yes,No,Yes
Tata,Nexon,2017,20k-50k,1500-2000cc,Excellent (24+ km/l),Manual,Diesel,First Owner,No,Yes,No
Honda,Jazz,2016,50k-80k,1000-1500cc,Good (18-24 km/l),Manual,Diesel,Third Owner,No,No,No
Maruti Suzuki,Dzire,2023,0-20k,<1000cc,Good (18-24 km/l),Manual,Petrol,First Owner,Yes,No,Yes
Renault,Kwid,2016,50k-80k,1000-1500cc,Average (12-18 km/l),Automatic,Petrol,First Owner,No,No,Yes
Tata,Harrier,2019,0-20k,1500-2000cc,Good (18-24 km/l),Manual,Diesel,First Owner,No,No,Yes
Toyota,Fortuner,2017,50k-80k,1500-2000cc,Good (18-24 km/l),Manual,Diesel,Second Owner,No,No,No
Ford,EcoSport,2011,80k-120k,1000-1500cc,Good (18-24 km/l),Manual,Diesel,Third Owner,Yes,No,No
Hyundai,Creta,2014,80k-120k,<1000cc,Good (18-24 km/l),Manual,Petrol,Second Owner,Yes,Yes,No
Kia,Sonet,2014,80k-120k,1500-2000cc,Good (18-24 km/l),Manual,Diesel,Second Owner,Yes,No,No
Toyota,Innova,2021,20k-50k,1500-2000cc,Average (12-18 km/l),Automatic,Petrol,First Owner,Yes,No,Yes
Tata,Tiago,2018,0-20k,2000cc+,Average (12-18 km/l),Manual,Petrol,First Owner,Yes,No,Yes
Hyundai,Verna,2022,0-20k,1000-1500cc,Good (18-24 km/l),Automatic,CNG,First Owner,Yes,No,Yes
BMW,X1,2021,20k-50k,2000cc+,Average (12-18 km/l),Manual,Petrol,Second Owner,No,No,Yes
Volkswagen,Vento,2014,20k-50k,1500-2000cc,Good (18-24 km/l),Manual,Petrol,Second Owner,Yes,No,Yes
Hyundai,i10,2020,50k-80k,1000-1500cc,Average (12-18 km/l),Automatic,Petrol,First Owner,Yes,No,Yes
Tata,Punch,2022,0-20k,1000-1500cc,Good (18-24 km/l),Manual,Petrol,Second Owner,No,No,Yes
Renault,Triber,2021,0-20k,1000-1500cc,Good (18-24 km/l),Manual,Petrol,First Owner,Yes,No,Yes
Ford,Endeavour,2020,20k-50k,1000-1500cc,Good (18-24 km/l),Automatic,Petrol,Second Owner,Yes,No,Yes
Volkswagen,Polo,2022,80k-120k,1500-2000cc,Good (18-24 km/l),Manual,Diesel,First Owner,No,No,Yes
Mahindra,Scorpio,2009,80k-120k,1500-2000cc,Good (18-24 km/l),Manual,Diesel,Third Owner,No,Yes,No
Ford,Endeavour,2022,20k-50k,1500-2000cc,Good (18-24 km/l),Automatic,Diesel,First Owner,Yes,No,Yes
Tata,Punch,2016,120k+,2000cc+,Average (12-18 km/l),Manual,Petrol,Third Owner,Yes,Yes,No
Hyundai,Verna,2020,20k-50k,1000-1500cc,Good (18-24 km/l),Automatic,Petrol,Fourth & Above,Yes,No,Yes
Toyota,Fortuner,2015,120k+,1500-2000cc,Good (18-24 km/l),Manual,Diesel,Second Owner,Yes,Yes,No
Mercedes-Benz,C-Class,2022,20k-50k,2000cc+,Average (12-18 km/l),Manual,Petrol,First Owner,Yes,No,Yes
Hyundai,Verna,2019,50k-80k,<1000cc,Excellent (24+ km/l),Manual,CNG,First Owner,Yes,No,Yes
Mahindra,XUV300,2021,0-20k,1500-2000cc,Good (18-24 km/l),Automatic,Diesel,First Owner,Yes,No,Yes
Toyota,Yaris,2022,0-20k,2000cc+,Good (18-24 km/l),Automatic,Diesel,First Owner,Yes,No,Yes
Honda,Amaze,2023,0-20k,<1000cc,Good (18-24 km/l),Manual,Diesel,First Owner,No,No,Yes
Skoda,Octavia,2022,0-20k,1000-1500cc,Good (18-24 km/l),Automatic,Petrol,First Owner,Yes,No,Yes
Volkswagen,Polo,2013,80k-120k,1000-1500cc,Good (18-24 km/l),Manual,Petrol,Third Owner,No,No,No
Maruti Suzuki,Alto,2023,0-20k,1000-1500cc,Good (18-24 km/l),Automatic,CNG,First Owner,Yes,No,Yes
Mercedes-Benz,C-Class,2021,0-20k,2000cc+,Average (12-18 km/l),Automatic,Petrol,First Owner,Yes,No,Yes
Volkswagen,Vento,2021,20k-50k,1500-2000cc,Good (18-24 km/l),Automatic,Petrol,First Owner,Yes,No,Yes
Skoda,Octavia,2023,0-20k,<1000cc,Excellent (24+ km/l),Automatic,CNG,Third Owner,Yes,No,Yes
Toyota,Fortuner,2015,80k-120k,1000-1500cc,Excellent (24+ km/l),Manual,CNG,Third Owner,Yes,Yes,No
Skoda,Octavia,2015,50k-80k,1500-2000cc,Good (18-24 km/l),Manual,Petrol,Third Owner,Yes,No,Yes
Maruti Suzuki,Dzire,2020,0-20k,1000-1500cc,Excellent (24+ km/l),Manual,Petrol,First Owner,Yes,Yes,Yes
Tata,Tiago,2022,0-20k,1000-1500cc,Good (18-24 km/l),Automatic,Petrol,First Owner,Yes,No,Yes
Kia,Carens,2019,20k-50k,1000-1500cc,Average (12-18 km/l),Automatic,Petrol,First Owner,Yes,No,Yes
Hyundai,Venue,2021,50k-80k,1500-2000cc,Good (18-24 km/l),Automatic,Diesel,First Owner,Yes,Yes,Yes
Maruti Suzuki,Dzire,2019,20k-50k,1000-1500cc,Good (18-24 km/l),Manual,Petrol,Second Owner,Yes,Yes,Yes
Renault,Duster,2021,20k-50k,1000-1500cc,Average (12-18 km/l),Automatic,Petrol,First Owner,Yes,No,Yes
Skoda,Octavia,2022,20k-50k,1000-1500cc,Good (18-24 km/l),Manual,Petrol,First Owner,No,No,Yes
Maruti Suzuki,Swift,2014,20k-50k,1000-1500cc,Good (18-24 km/l),Manual,Petrol,Second Owner,Yes,No,No
Skoda,Octavia,2021,20k-50k,1500-2000cc,Excellent (24+ km/l),Manual,CNG,First Owner,Yes,Yes,Yes
Ford,EcoSport,2022,0-20k,1000-1500cc,Good (18-24 km/l),Manual,Diesel,First Owner,Yes,No,Yes
Mahindra,XUV300,2019,80k-120k,1500-2000cc,Good (18-24 km/l),Manual,Diesel,Second Owner,Yes,No,Yes
Skoda,Octavia,2017,80k-120k,1000-1500cc,Excellent (24+ km/l),Manual,CNG,First Owner,Yes,Yes,No
Tata,Punch,2006,50k-80k,2000cc+,Average (12-18 km/l),Manual,Petrol,Second Owner,No,No,No
Hyundai,Creta,2022,20k-50k,1000-1500cc,Average (12-18 km/l),Automatic,Petrol,First Owner,Yes,Yes,Yes
Hyundai,Venue,2017,20k-50k,1000-1500cc,Good (18-24 km/l),Manual,Hybrid,First Owner,Yes,Yes,Yes
Mahindra,XUV300,2017,80k-120k,1000-1500cc,Good (18-24 km/l),Manual,Diesel,First Owner,Yes,Yes,Yes
Honda,City,2017,20k-50k,1000-1500cc,Average (12-18 km/l),Automatic,Diesel,First Owner,Yes,Yes,Yes
Renault,Duster,2019,20k-50k,<1000cc,Excellent (24+ km/l),Manual,Diesel,First Owner,No,No,Yes
Renault,Kwid,2021,20k-50k,1000-1500cc,Good (18-24 km/l),Manual,Petrol,First Owner,Yes,No,Yes
Honda,Amaze,2022,0-20k,<1000cc,Excellent (24+ km/l),Manual,CNG,First Owner,Yes,No,Yes
Renault,Kwid,2018,20k-50k,1000-1500cc,Excellent (24+ km/l),Manual,Diesel,Third Owner,Yes,Yes,Yes
Hyundai,Venue,2021,0-20k,1000-1500cc,Good (18-24 km/l),Manual,Petrol,First Owner,Yes,No,Yes
Maruti Suzuki,Alto,2022,0-20k,1000-1500cc,Good (18-24 km/l),Manual,Petrol,First Owner,Yes,No,Yes
Kia,Seltos,2016,120k+,<1000cc,Good (18-24 km/l),Manual,Petrol,Second Owner,No,No,No
Maruti Suzuki,Ertiga,2011,120k+,1500-2000cc,Good (18-24 km/l),Manual,Diesel,Third Owner,No,No,No
Hyundai,i20,2023,0-20k,1000-1500cc,Average (12-18 km/l),Automatic,Petrol,First Owner,Yes,No,Yes
Ford,EcoSport,2021,20k-50k,<1000cc,Good (18-24 km/l),Automatic,Petrol,First Owner,Yes,No,Yes
Tata,Tiago,2021,50k-80k,2000cc+,Average (12-18 km/l),Manual,Petrol,First Owner,Yes,No,Yes
Kia,Sonet,2009,120k+,<1000cc,Average (12-18 km/l),Manual,Petrol,Second Owner,No,Yes,No
Hyundai,i10,2022,0-20k,1000-1500cc,Good (18-24 km/l),Manual,Diesel,First Owner,Yes,No,Yes
Maruti Suzuki,Swift,2020,50k-80k,1000-1500cc,Good (18-24 km/l),Manual,Petrol,Third Owner,Yes,No,No
Hyundai,Venue,2022,0-20k,1500-2000cc,Good (18-24 km/l),Automatic,CNG,First Owner,Yes,No,Yes
Honda,City,2023,0-20k,1000-1500cc,Good (18-24 km/l),Manual,Petrol,First Owner,No,No,Yes
Tata,Altroz,2023,0-20k,2000cc+,Good (18-24 km/l),Manual,Diesel,Second Owner,Yes,No,Yes
Honda,City,2023,0-20k,<1000cc,Good (18-24 km/l),Automatic,Diesel,First Owner,Yes,No,Yes
Kia,Carens,2006,120k+,1500-2000cc,Good (18-24 km/l),Manual,Diesel,Second Owner,No,Yes,No
BMW,3 Series,2023,0-20k,2000cc+,Average (12-18 km/l),Automatic,Petrol,First Owner,Yes,No,Yes
Hyundai,i10,2010,80k-120k,1000-1500cc,Good (18-24 km/l),Manual,Petrol,Third Owner,No,Yes,No
Mahindra,XUV500,2023,0-20k,1000-1500cc,Good (18-24 km/l),Manual,Hybrid,First Owner,Yes,No,Yes
Honda,City,2016,80k-120k,1000-1500cc,Good (18-24 km/l),Manual,Petrol,Second Owner,Yes,Yes,No
Audi,A4,2021,20k-50k,1500-2000cc,Good (18-24 km/l),Automatic,Diesel,First Owner,Yes,No,Yes
Mercedes-Benz,C-Class,2008,50k-80k,2000cc+,Average (12-18 km/l),Automatic,Petrol,Third Owner,No,No,No
Hyundai,Creta,2022,0-20k,1000-1500cc,Average (12-18 km/l),Automatic,Petrol,First Owner,Yes,No,Yes
Ford,EcoSport,2012,20k-50k,<1000cc,Good (18-24 km/l),Manual,Diesel,Second Owner,No,No,No
Tata,Harrier,2018,80k-120k,1500-2000cc,Good (18-24 km/l),Manual,Diesel,Second Owner,Yes,No,Yes
Maruti Suzuki,Alto,2022,0-20k,1000-1500cc,Good (18-24 km/l),Automatic,Petrol,First Owner,Yes,No,Yes
Maruti Suzuki,Dzire,2021,20k-50k,<1000cc,Good (18-24 km/l),Manual,Diesel,Second Owner,No,No,Yes
Mahindra,XUV300,2005,120k+,1500-2000cc,Good (18-24 km/l),Manual,Petrol,Third Owner,No,Yes,No
Mahindra,Bolero,2018,20k-50k,2000cc+,Average (12-18 km/l),Manual,Petrol,Second Owner,Yes,Yes,Yes
Maruti Suzuki,Baleno,2008,50k-80k,1000-1500cc,Good (18-24 km/l),Manual,Diesel,Second Owner,No,No,No
Ford,Figo,2021,20k-50k,1000-1500cc,Good (18-24 km/l),Manual,Petrol,First Owner,Yes,No,Yes
Hyundai,i10,2023,0-20k,1000-1500cc,Good (18-24 km/l),Manual,Petrol,First Owner,Yes,No,Yes
Honda,Amaze,2021,20k-50k,1000-1500cc,Excellent (24+ km/l),Automatic,Electric,First Owner,Yes,No,Yes
Hyundai,Verna,2015,0-20k,1000-1500cc,Excellent (24+ km/l),Manual,Diesel,First Owner,Yes,Yes,Yes
Maruti Suzuki,Alto,2017,120k+,<1000cc,Good (18-24 km/l),Manual,Petrol,First Owner,Yes,Yes,Yes
Tata,Tiago,2023,20k-50k,1500-2000cc,Average (12-18 km/l),Manual,Petrol,First Owner,Yes,No,Yes
Hyundai,Creta,2015,50k-80k,1500-2000cc,Good (18-24 km/l),Manual,Diesel,Second Owner,Yes,Yes,No
Honda,Amaze,2020,0-20k,1000-1500cc,Excellent (24+ km/l),Manual,CNG,First Owner,Yes,No,Yes
Hyundai,Creta,2018,20k-50k,<1000cc,Excellent (24+ km/l),Manual,Diesel,Second Owner,Yes,Yes,Yes
Mahindra,XUV500,2022,20k-50k,1500-2000cc,Good (18-24 km/l),Automatic,Diesel,First Owner,Yes,No,Yes
Maruti Suzuki,Dzire,2023,0-20k,<1000cc,Good (18-24 km/l),Manual,Petrol,First Owner,Yes,No,Yes
Toyota,Yaris,2017,0-20k,2000cc+,Good (18-24 km/l),Manual,Petrol,Third Owner,No,Yes,No
Volkswagen,Polo,2021,20k-50k,<1000cc,Good (18-24 km/l),Automatic,Diesel,First Owner,No,No,Yes
Maruti Suzuki,Alto,2020,20k-50k,1000-1500cc,Good (18-24 km/l),Automatic,Diesel,Second Owner,Yes,No,Yes
Mahindra,Thar,2016,120k+,2000cc+,Good (18-24 km/l),Manual,Petrol,Third Owner,Yes,No,No
Maruti Suzuki,Ertiga,2016,50k-80k,<1000cc,Good (18-24 km/l),Manual,Hybrid,Second Owner,No,No,No
Honda,WR-V,2020,80k-120k,1000-1500cc,Average (12-18 km/l),Automatic,Petrol,First Owner,Yes,Yes,Yes
Hyundai,i10,2013,120k+,1000-1500cc,Average (12-18 km/l),Manual,Petrol,First Owner,Yes,No,No
Mahindra,Bolero,2022,0-20k,2000cc+,Average (12-18 km/l),Automatic,Petrol,First Owner,Yes,No,Yes
Mahindra,Bolero,2010,0-20k,2000cc+,Good (18-24 km/l),Manual,Diesel,Third Owner,Yes,Yes,No
BMW,5 Series,2011,80k-120k,2000cc+,Low (<12 km/l),Automatic,Petrol,Second Owner,No,No,No
Honda,City,2017,0-20k,1500-2000cc,Good (18-24 km/l),Manual,Hybrid,Second Owner,Yes,Yes,Yes
Honda,Amaze,2012,20k-50k,1000-1500cc,Good (18-24 km/l),Manual,Hybrid,Third Owner,Yes,Yes,No
Tata,Tiago,2019,50k-80k,1500-2000cc,Good (18-24 km/l),Automatic,Petrol,Second Owner,Yes,No,Yes
Audi,A4,2018,50k-80k,1500-2000cc,Good (18-24 km/l),Manual,Petrol,Third Owner,Yes,No,No
Volkswagen,Taigun,2022,0-20k,1000-1500cc,Good (18-24 km/l),Manual,Petrol,First Owner,Yes,No,Yes
Hyundai,Venue,2023,0-20k,1000-1500cc,Average (12-18 km/l),Automatic,Petrol,First Owner,Yes,No,Yes
Skoda,Octavia,2022,0-20k,1000-1500cc,Good (18-24 km/l),Automatic,Diesel,Second Owner,Yes,No,Yes
Mahindra,XUV500,2014,80k-120k,2000cc+,Good (18-24 km/l),Manual,Diesel,Fourth & Above,Yes,Yes,No
Renault,Duster,2023,20k-50k,1000-1500cc,Good (18-24 km/l),Manual,Petrol,First Owner,Yes,No,Yes
Renault,Duster,2018,20k-50k,1000-1500cc,Good (18-24 km/l),Manual,Hybrid,Second Owner,No,No,Yes
Hyundai,i10,2019,0-20k,1000-1500cc,Excellent (24+ km/l),Manual,Electric,First Owner,Yes,No,Yes
Ford,Figo,2018,80k-120k,1000-1500cc,Good (18-24 km/l),Manual,Diesel,First Owner,No,No,Yes
Hyundai,Venue,2016,50k-80k,1000-1500cc,Good (18-24 km/l),Manual,Petrol,Third Owner,No,No,Yes
Hyundai,Venue,2023,0-20k,1000-1500cc,Excellent (24+ km/l),Manual,Diesel,First Owner,Yes,No,Yes
Hyundai,i10,2017,0-20k,1000-1500cc,Excellent (24+ km/l),Manual,Petrol,Second Owner,Yes,No,Yes
Ford,EcoSport,2020,20k-50k,1000-1500cc,Good (18-24 km/l),Manual,Diesel,First Owner,Yes,No,Yes
Hyundai,Venue,2015,50k-80k,1000-1500cc,Good (18-24 km/l),Manual,Petrol,Third Owner,Yes,No,Yes
Maruti Suzuki,Dzire,2022,0-20k,1000-1500cc,Good (18-24 km/l),Manual,Petrol,First Owner,Yes,No,Yes
Ford,Figo,2022,20k-50k,1000-1500cc,Good (18-24 km/l),Manual,Petrol,First Owner,Yes,No,Yes
Maruti Suzuki,Alto,2016,0-20k,1000-1500cc,Good (18-24 km/l),Manual,Petrol,First Owner,No,No,Yes
Maruti Suzuki,Ertiga,2021,0-20k,1000-1500cc,Good (18-24 km/l),Automatic,Diesel,First Owner,No,No,Yes
Hyundai,Venue,2021,0-20k,1500-2000cc,Good (18-24 km/l),Automatic,Diesel,First Owner,Yes,No,Yes
Tata,Harrier,2020,0-20k,1000-1500cc,Good (18-24 km/l),Automatic,Petrol,First Owner,Yes,No,Yes
Mahindra,Thar,2020,0-20k,1000-1500cc,Good (18-24 km/l),Automatic,Petrol,Fourth & Above,Yes,No,Yes
Maruti Suzuki,WagonR,2020,0-20k,1000-1500cc,Excellent (24+ km/l),Manual,CNG,First Owner,Yes,No,Yes
Audi,Q3,2010,50k-80k,2000cc+,Good (18-24 km/l),Manual,Diesel,Third Owner,No,Yes,No
Ford,Endeavour,2021,0-20k,<1000cc,Good (18-24 km/l),Manual,Diesel,First Owner,No,No,Yes
Tata,Tiago,2019,20k-50k,1500-2000cc,Good (18-24 km/l),Manual,Diesel,First Owner,Yes,No,Yes
Hyundai,Creta,2019,0-20k,1000-1500cc,Good (18-24 km/l),Manual,Petrol,Second Owner,Yes,No,Yes
Mahindra,Scorpio,2023,0-20k,2000cc+,Average (12-18 km/l),Manual,Petrol,First Owner,Yes,No,Yes
Toyota,Glanza,2007,50k-80k,1000-1500cc,Good (18-24 km/l),Manual,Petrol,Second Owner,No,Yes,No
Maruti Suzuki,Alto,2016,50k-80k,1000-1500cc,Excellent (24+ km/l),Manual,CNG,First Owner,Yes,Yes,No
Hyundai,Venue,2012,120k+,1500-2000cc,Average (12-18 km/l),Manual,Diesel,First Owner,No,Yes,No
Skoda,Rapid,2008,120k+,<1000cc,Excellent (24+ km/l),Automatic,CNG,Third Owner,No,No,No
Hyundai,Venue,2016,0-20k,1500-2000cc,Good (18-24 km/l),Manual,Petrol,First Owner,Yes,No,Yes
Tata,Altroz,2023,0-20k,1000-1500cc,Good (18-24 km/l),Manual,Diesel,First Owner,Yes,No,Yes
Kia,Carens,2016,0-20k,<1000cc,Good (18-24 km/l),Manual,Petrol,Third Owner,Yes,No,No
Toyota,Fortuner,2021,0-20k,1500-2000cc,Good (18-24 km/l),Manual,Diesel,Second Owner,No,No,Yes
Tata,Punch,2012,120k+,1500-2000cc,Good (18-24 km/l),Manual,Petrol,Third Owner,Yes,Yes,No
Ford,Endeavour,2020,20k-50k,1000-1500cc,Good (18-24 km/l),Automatic,Diesel,First Owner,Yes,No,Yes
Maruti Suzuki,Ertiga,2023,0-20k,<1000cc,Good (18-24 km/l),Manual,Petrol,First Owner,Yes,No,Yes
Volkswagen,Taigun,2016,80k-120k,1000-1500cc,Good (18-24 km/l),Manual,Petrol,Second Owner,No,No,No
Mahindra,Thar,2023,0-20k,1000-1500cc,Good (18-24 km/l),Manual,Petrol,First Owner,Yes,No,Yes
Renault,Kwid,2023,0-20k,<1000cc,Good (18-24 km/l),Manual,Petrol,First Owner,Yes,No,Yes
Audi,Q3,2020,20k-50k,2000cc+,Low (<12 km/l),Automatic,Petrol,First Owner,Yes,No,Yes
BMW,5 Series,2017,20k-50k,2000cc+,Good (18-24 km/l),Manual,Diesel,First Owner,Yes,No,Yes
Kia,Sonet,2021,50k-80k,1000-1500cc,Good (18-24 km/l),Manual,Petrol,First Owner,Yes,No,Yes
Mahindra,Bolero,2022,0-20k,1500-2000cc,Average (12-18 km/l),Automatic,Petrol,First Owner,Yes,No,Yes
Tata,Punch,2014,20k-50k,1500-2000cc,Good (18-24 km/l),Manual,Diesel,Second Owner,No,Yes,No
Mahindra,Thar,2019,0-20k,1000-1500cc,Good (18-24 km/l),Manual,Petrol,Second Owner,No,No,No
Ford,Endeavour,2017,20k-50k,1000-1500cc,Good (18-24 km/l),Manual,Diesel,Third Owner,No,Yes,No
Kia,Carens,2016,80k-120k,1000-1500cc,Good (18-24 km/l),Manual,Petrol,Third Owner,Yes,Yes,No
Hyundai,Verna,2023,0-20k,1000-1500cc,Average (12-18 km/l),Automatic,Hybrid,First Owner,Yes,No,Yes
BMW,X1,2018,80k-120k,1500-2000cc,Good (18-24 km/l),Manual,Diesel,First Owner,Yes,Yes,No
Renault,Duster,2017,0-20k,<1000cc,Good (18-24 km/l),Manual,Petrol,Second Owner,Yes,No,Yes
Mercedes-Benz,C-Class,2020,50k-80k,1500-2000cc,Good (18-24 km/l),Manual,Hybrid,First Owner,No,No,No
Kia,Carens,2015,20k-50k,1000-1500cc,Excellent (24+ km/l),Manual,CNG,First Owner,Yes,Yes,No
Hyundai,i20,2015,0-20k,<1000cc,Excellent (24+ km/l),Automatic,Petrol,Third Owner,No,No,Yes
Maruti Suzuki,Swift,2020,20k-50k,1000-1500cc,Good (18-24 km/l),Manual,Petrol,First Owner,Yes,No,Yes
Maruti Suzuki,Baleno,2018,0-20k,1000-1500cc,Good (18-24 km/l),Manual,Petrol,First Owner,Yes,No,Yes
Hyundai,Verna,2016,120k+,1000-1500cc,Good (18-24 km/l),Manual,Petrol,First Owner,Yes,Yes,No
Toyota,Yaris,2009,80k-120k,2000cc+,Good (18-24 km/l),Manual,Diesel,First Owner,Yes,Yes,No
Renault,Triber,2020,0-20k,1000-1500cc,Average (12-18 km/l),Automatic,Diesel,First Owner,No,No,Yes
Kia,Seltos,2022,0-20k,1000-1500cc,Excellent (24+ km/l),Manual,CNG,First Owner,Yes,No,Yes
Toyota,Innova,2023,0-20k,2000cc+,Average (12-18 km/l),Automatic,Petrol,First Owner,Yes,No,Yes
Maruti Suzuki,Ertiga,2015,80k-120k,1000-1500cc,Good (18-24 km/l),Manual,Diesel,Third Owner,Yes,No,No
Hyundai,Creta,2020,0-20k,<1000cc,Good (18-24 km/l),Automatic,Petrol,Second Owner,Yes,No,Yes
Maruti Suzuki,Baleno,2023,0-20k,1000-1500cc,Good (18-24 km/l),Manual,Diesel,First Owner,Yes,No,Yes
Tata,Altroz,2018,120k+,1500-2000cc,Good (18-24 km/l),Manual,Diesel,First Owner,Yes,No,Yes
Mahindra,Thar,2023,0-20k,2000cc+,Good (18-24 km/l),Manual,Diesel,Second Owner,Yes,No,Yes
Maruti Suzuki,Dzire,2023,0-20k,<1000cc,Excellent (24+ km/l),Manual,Diesel,First Owner,Yes,No,Yes
Tata,Harrier,2015,50k-80k,1000-1500cc,Good (18-24 km/l),Manual,Petrol,First Owner,Yes,Yes,No
Maruti Suzuki,Dzire,2016,20k-50k,1500-2000cc,Good (18-24 km/l),Manual,Petrol,Third Owner,Yes,No,Yes
Toyota,Yaris,2014,20k-50k,1500-2000cc,Good (18-24 km/l),Manual,Petrol,Third Owner,No,Yes,No
Mahindra,Thar,2014,80k-120k,1500-2000cc,Excellent (24+ km/l),Manual,Diesel,First Owner,Yes,Yes,No
Mahindra,Thar,2023,0-20k,2000cc+,Average (12-18 km/l),Automatic,Petrol,First Owner,Yes,No,Yes
Tata,Altroz,2023,0-20k,1500-2000cc,Average (12-18 km/l),Manual,Petrol,First Owner,Yes,No,Yes
Audi,Q3,2009,20k-50k,1500-2000cc,Good (18-24 km/l),Automatic,Diesel,Third Owner,No,Yes,No
Hyundai,i20,2020,50k-80k,1500-2000cc,Good (18-24 km/l),Automatic,Petrol,Third Owner,Yes,Yes,No
Mahindra,Thar,2020,20k-50k,1500-2000cc,Average (12-18 km/l),Manual,Petrol,First Owner,Yes,Yes,Yes
Volkswagen,Vento,2018,80k-120k,1000-1500cc,Good (18-24 km/l),Automatic,Diesel,Second Owner,Yes,Yes,Yes
Honda,Jazz,2021,20k-50k,1000-1500cc,Average (12-18 km/l),Automatic,Hybrid,First Owner,Yes,No,Yes
BMW,3 Series,2023,0-20k,1500-2000cc,Good (18-24 km/l),Automatic,Petrol,Second Owner,Yes,No,Yes
Tata,Tiago,2014,50k-80k,2000cc+,Good (18-24 km/l),Manual,Diesel,Second Owner,No,No,Yes
Mahindra,Scorpio,2012,120k+,2000cc+,Average (12-18 km/l),Automatic,Petrol,Second Owner,No,No,No
Maruti Suzuki,WagonR,2008,20k-50k,1000-1500cc,Good (18-24 km/l),Manual,Petrol,Third Owner,Yes,Yes,No
Honda,Jazz,2018,0-20k,1000-1500cc,Good (18-24 km/l),Manual,Petrol,First Owner,No,Yes,Yes
Hyundai,i20,2017,120k+,1500-2000cc,Good (18-24 km/l),Manual,Diesel,First Owner,Yes,No,No
Maruti Suzuki,Baleno,2019,80k-120k,1500-2000cc,Excellent (24+ km/l),Manual,CNG,First Owner,Yes,Yes,Yes
Honda,City,2019,80k-120k,<1000cc,Good (18-24 km/l),Manual,Petrol,First Owner,Yes,No,Yes
Honda,Jazz,2022,20k-50k,1500-2000cc,Good (18-24 km/l),Manual,Diesel,First Owner,Yes,No,Yes
Maruti Suzuki,Dzire,2018,80k-120k,1000-1500cc,Good (18-24 km/l),Manual,Petrol,Second Owner,No,Yes,No
Ford,EcoSport,2017,120k+,1000-1500cc,Excellent (24+ km/l),Manual,CNG,First Owner,No,No,No
Toyota,Glanza,2022,0-20k,1500-2000cc,Average (12-18 km/l),Manual,Petrol,First Owner,No,No,Yes
Hyundai,i10,2023,0-20k,1000-1500cc,Good (18-24 km/l),Manual,Diesel,First Owner,Yes,No,Yes
Mahindra,Thar,2015,20k-50k,1500-2000cc,Good (18-24 km/l),Manual,Petrol,Third Owner,No,Yes,No
Ford,Endeavour,2017,50k-80k,1500-2000cc,Excellent (24+ km/l),Automatic,Electric,First Owner,Yes,No,Yes
Mahindra,XUV300,2022,0-20k,2000cc+,Good (18-24 km/l),Manual,Petrol,First Owner,Yes,No,Yes
Tata,Tiago,2010,120k+,1500-2000cc,Average (12-18 km/l),Manual,Petrol,Second Owner,No,No,No
Tata,Altroz,2017,0-20k,2000cc+,Good (18-24 km/l),Manual,Diesel,Second Owner,Yes,No,Yes
Toyota,Yaris,2019,50k-80k,1000-1500cc,Excellent (24+ km/l),Manual,CNG,Second Owner,Yes,No,Yes
BMW,X1,2014,20k-50k,2000cc+,Average (12-18 km/l),Automatic,Hybrid,First Owner,Yes,Yes,No
Toyota,Fortuner,2014,80k-120k,1000-1500cc,Good (18-24 km/l),Manual,Petrol,First Owner,Yes,Yes,No
Maruti Suzuki,Alto,2018,20k-50k,1000-1500cc,Average (12-18 km/l),Automatic,Petrol,First Owner,Yes,No,Yes
Mahindra,XUV300,2022,0-20k,1500-2000cc,Excellent (24+ km/l),Automatic,CNG,First Owner,Yes,No,Yes
Kia,Seltos,2022,20k-50k,1000-1500cc,Good (18-24 km/l),Manual,Petrol,First Owner,Yes,No,Yes
Maruti Suzuki,WagonR,2023,0-20k,1000-1500cc,Excellent (24+ km/l),Manual,Diesel,First Owner,Yes,No,Yes
Mercedes-Benz,GLA,2010,0-20k,2000cc+,Average (12-18 km/l),Manual,Petrol,First Owner,Yes,No,Yes
Audi,Q3,2015,50k-80k,2000cc+,Average (12-18 km/l),Automatic,Diesel,Fourth & Above,No,No,No
Maruti Suzuki,Swift,2022,0-20k,<1000cc,Good (18-24 km/l),Automatic,Diesel,First Owner,Yes,Yes,Yes
BMW,X1,2020,80k-120k,2000cc+,Good (18-24 km/l),Automatic,Diesel,First Owner,No,No,No
Tata,Punch,2017,20k-50k,2000cc+,Good (18-24 km/l),Manual,Diesel,First Owner,Yes,Yes,Yes
Skoda,Octavia,2015,50k-80k,1000-1500cc,Excellent (24+ km/l),Manual,Diesel,Second Owner,Yes,No,Yes
Tata,Tiago,2016,50k-80k,1000-1500cc,Good (18-24 km/l),Manual,Diesel,Second Owner,Yes,No,Yes
Mahindra,Scorpio,2018,80k-120k,2000cc+,Good (18-24 km/l),Manual,Diesel,First Owner,Yes,Yes,Yes
Toyota,Glanza,2014,20k-50k,1500-2000cc,Good (18-24 km/l),Manual,Diesel,Second Owner,Yes,No,Yes
Volkswagen,Taigun,2023,0-20k,1000-1500cc,Good (18-24 km/l),Automatic,Diesel,First Owner,Yes,No,Yes
Maruti Suzuki,Alto,2011,80k-120k,<1000cc,Good (18-24 km/l),Automatic,Diesel,First Owner,Yes,No,Yes
Honda,Amaze,2023,0-20k,1000-1500cc,Excellent (24+ km/l),Manual,CNG,First Owner,Yes,No,Yes
Hyundai,Verna,2022,0-20k,1000-1500cc,Good (18-24 km/l),Manual,Petrol,First Owner,No,No,Yes
Tata,Punch,2018,20k-50k,1000-1500cc,Good (18-24 km/l),Manual,Diesel,First Owner,Yes,No,Yes
Tata,Nexon,2022,20k-50k,2000cc+,Excellent (24+ km/l),Automatic,Electric,First Owner,Yes,No,Yes
Mahindra,Thar,2021,20k-50k,1500-2000cc,Average (12-18 km/l),Automatic,Petrol,First Owner,Yes,No,Yes
Tata,Tiago,2015,120k+,2000cc+,Average (12-18 km/l),Manual,Diesel,Second Owner,Yes,No,No
Maruti Suzuki,Ertiga,2017,80k-120k,1000-1500cc,Good (18-24 km/l),Manual,Petrol,First Owner,No,Yes,Yes
Maruti Suzuki,Dzire,2020,20k-50k,1000-1500cc,Good (18-24 km/l),Manual,Petrol,First Owner,No,Yes,Yes
Maruti Suzuki,Baleno,2021,20k-50k,1000-1500cc,Good (18-24 km/l),Manual,Petrol,First Owner,No,No,Yes
Mahindra,XUV500,2020,20k-50k,1000-1500cc,Good (18-24 km/l),Manual,Diesel,Second Owner,Yes,No,Yes
Audi,A4,2019,20k-50k,2000cc+,Average (12-18 km/l),Automatic,Petrol,First Owner,Yes,Yes,No
Maruti Suzuki,Dzire,2019,0-20k,1500-2000cc,Good (18-24 km/l),Manual,Petrol,Second Owner,Yes,No,Yes
Audi,Q3,2019,80k-120k,2000cc+,Average (12-18 km/l),Automatic,Petrol,First Owner,No,No,No
Volkswagen,Polo,2019,20k-50k,1000-1500cc,Good (18-24 km/l),Manual,Petrol,Second Owner,Yes,No,Yes
Toyota,Fortuner,2020,20k-50k,1500-2000cc,Good (18-24 km/l),Manual,Diesel,First Owner,No,No,Yes
Toyota,Yaris,2023,0-20k,1000-1500cc,Good (18-24 km/l),Manual,Petrol,First Owner,Yes,No,Yes
Renault,Triber,2021,50k-80k,1000-1500cc,Excellent (24+ km/l),Automatic,CNG,First Owner,No,No,Yes
Maruti Suzuki,Swift,2022,20k-50k,1000-1500cc,Average (12-18 km/l),Automatic,Petrol,First Owner,No,No,Yes
Mahindra,Bolero,2020,20k-50k,1500-2000cc,Excellent (24+ km/l),Manual,Diesel,First Owner,No,No,Yes
Ford,EcoSport,2021,0-20k,1500-2000cc,Good (18-24 km/l),Manual,Petrol,First Owner,Yes,No,Yes
Honda,Amaze,2020,50k-80k,<1000cc,Excellent (24+ km/l),Automatic,Electric,First Owner,Yes,No,Yes
Skoda,Rapid,2007,80k-120k,1000-1500cc,Good (18-24 km/l),Manual,Petrol,Third Owner,No,No,No
Maruti Suzuki,Dzire,2023,0-20k,1500-2000cc,Good (18-24 km/l),Automatic,Diesel,First Owner,Yes,No,Yes
Ford,Endeavour,2008,120k+,<1000cc,Good (18-24 km/l),Manual,Diesel,Third Owner,No,Yes,No
Honda,Jazz,2018,50k-80k,1000-1500cc,Good (18-24 km/l),Manual,Petrol,Second Owner,No,No,Yes
Tata,Punch,2011,50k-80k,2000cc+,Good (18-24 km/l),Manual,Petrol,Second Owner,No,No,Yes
Tata,Nexon,2011,120k+,1500-2000cc,Good (18-24 km/l),Manual,Petrol,Third Owner,No,No,No
Toyota,Glanza,2022,0-20k,2000cc+,Good (18-24 km/l),Manual,Diesel,First Owner,No,No,Yes
Kia,Sonet,2018,20k-50k,1000-1500cc,Good (18-24 km/l),Manual,Petrol,Second Owner,Yes,Yes,No
Mahindra,Thar,2022,0-20k,1000-1500cc,Good (18-24 km/l),Manual,Petrol,First Owner,Yes,Yes,Yes
Renault,Duster,2016,80k-120k,1000-1500cc,Excellent (24+ km/l),Manual,Diesel,First Owner,Yes,Yes,No
Tata,Punch,2016,20k-50k,1500-2000cc,Good (18-24 km/l),Manual,Hybrid,Third Owner,Yes,No,Yes
Maruti Suzuki,WagonR,2016,120k+,1000-1500cc,Excellent (24+ km/l),Automatic,Diesel,Third Owner,Yes,Yes,No
Maruti Suzuki,Dzire,2021,20k-50k,1500-2000cc,Average (12-18 km/l),Automatic,Petrol,First Owner,Yes,No,Yes
Maruti Suzuki,WagonR,2022,0-20k,1000-1500cc,Good (18-24 km/l),Automatic,Petrol,First Owner,Yes,No,Yes
Tata,Tiago,2019,80k-120k,1500-2000cc,Good (18-24 km/l),Manual,Petrol,First Owner,Yes,No,Yes
Tata,Punch,2018,20k-50k,2000cc+,Good (18-24 km/l),Manual,Petrol,Second Owner,Yes,No,Yes
Ford,Endeavour,2023,0-20k,1000-1500cc,Good (18-24 km/l),Manual,Petrol,First Owner,Yes,No,Yes
Volkswagen,Taigun,2012,50k-80k,1000-1500cc,Good (18-24 km/l),Manual,Diesel,Second Owner,No,Yes,No
Maruti Suzuki,Ertiga,2019,20k-50k,1000-1500cc,Average (12-18 km/l),Automatic,Diesel,First Owner,Yes,No,Yes
Hyundai,i20,2018,20k-50k,1000-1500cc,Good (18-24 km/l),Manual,Diesel,First Owner,No,No,Yes
Hyundai,Creta,2011,80k-120k,<1000cc,Good (18-24 km/l),Manual,Petrol,Fourth & Above,Yes,Yes,No
Honda,WR-V,2016,0-20k,1000-1500cc,Good (18-24 km/l),Manual,Petrol,Fourth & Above,Yes,No,No
Maruti Suzuki,WagonR,2007,50k-80k,1000-1500cc,Good (18-24 km/l),Manual,Petrol,Third Owner,No,Yes,No
Maruti Suzuki,Ertiga,2023,0-20k,<1000cc,Good (18-24 km/l),Automatic,CNG,First Owner,Yes,No,Yes
BMW,X1,2021,50k-80k,2000cc+,Average (12-18 km/l),Automatic,Diesel,First Owner,Yes,No,Yes
Renault,Duster,2022,0-20k,<1000cc,Good (18-24 km/l),Automatic,Petrol,First Owner,Yes,No,Yes
Hyundai,Creta,2020,20k-50k,1000-1500cc,Excellent (24+ km/l),Automatic,Petrol,Second Owner,Yes,No,Yes
Tata,Harrier,2020,20k-50k,1000-1500cc,Good (18-24 km/l),Automatic,Petrol,First Owner,Yes,Yes,Yes
Tata,Nexon,2021,20k-50k,2000cc+,Excellent (24+ km/l),Automatic,Electric,First Owner,Yes,No,Yes
Renault,Duster,2023,20k-50k,1500-2000cc,Average (12-18 km/l),Manual,Petrol,First Owner,Yes,No,Yes
Mahindra,Scorpio,2011,120k+,2000cc+,Average (12-18 km/l),Automatic,Petrol,Third Owner,Yes,No,No
Maruti Suzuki,Ertiga,2017,50k-80k,<1000cc,Good (18-24 km/l),Manual,Petrol,First Owner,Yes,Yes,Yes
Volkswagen,Polo,2021,0-20k,1500-2000cc,Good (18-24 km/l),Manual,Petrol,First Owner,Yes,No,Yes
Tata,Nexon,2023,0-20k,2000cc+,Average (12-18 km/l),Manual,Hybrid,First Owner,Yes,No,Yes
Hyundai,Creta,2023,0-20k,1500-2000cc,Good (18-24 km/l),Manual,Petrol,First Owner,Yes,No,Yes
Tata,Altroz,2021,20k-50k,1500-2000cc,Good (18-24 km/l),Automatic,Petrol,First Owner,Yes,Yes,Yes
Mahindra,XUV300,2014,80k-120k,1500-2000cc,Good (18-24 km/l),Manual,Petrol,Third Owner,Yes,Yes,No
Tata,Nexon,2012,120k+,1500-2000cc,Good (18-24 km/l),Manual,Petrol,Third Owner,No,Yes,No
Hyundai,i20,2023,0-20k,1000-1500cc,Good (18-24 km/l),Automatic,Diesel,First Owner,Yes,No,Yes
Tata,Altroz,2019,20k-50k,1000-1500cc,Good (18-24 km/l),Manual,Petrol,Second Owner,No,No,Yes
Maruti Suzuki,Ertiga,2014,20k-50k,1000-1500cc,Good (18-24 km/l),Manual,Diesel,Second Owner,No,No,No
Volkswagen,Taigun,2023,0-20k,1000-1500cc,Good (18-24 km/l),Manual,Diesel,First Owner,Yes,Yes,Yes
Maruti Suzuki,Baleno,2011,20k-50k,1000-1500cc,Good (18-24 km/l),Manual,Petrol,Second Owner,Yes,Yes,No
Maruti Suzuki,Dzire,2022,0-20k,1500-2000cc,Good (18-24 km/l),Manual,Diesel,First Owner,Yes,No,Yes
Toyota,Fortuner,2021,50k-80k,1500-2000cc,Good (18-24 km/l),Manual,Diesel,First Owner,No,Yes,No
Volkswagen,Polo,2011,120k+,1000-1500cc,Good (18-24 km/l),Manual,Petrol,Third Owner,No,Yes,No
Renault,Kwid,2017,20k-50k,<1000cc,Good (18-24 km/l),Manual,Petrol,First Owner,Yes,Yes,Yes
Mahindra,Scorpio,2013,120k+,2000cc+,Average (12-18 km/l),Manual,Petrol,Second Owner,Yes,No,No
Hyundai,Venue,2020,20k-50k,1000-1500cc,Good (18-24 km/l),Manual,Petrol,First Owner,Yes,No,Yes
Volkswagen,Vento,2019,20k-50k,1000-1500cc,Good (18-24 km/l),Manual,Petrol,First Owner,Yes,No,Yes
Ford,Endeavour,2005,120k+,1500-2000cc,Good (18-24 km/l),Manual,Diesel,First Owner,No,Yes,No
Hyundai,i20,2023,20k-50k,1000-1500cc,Good (18-24 km/l),Manual,Petrol,First Owner,Yes,No,Yes
Kia,Carens,2017,50k-80k,1000-1500cc,Good (18-24 km/l),Manual,Diesel,First Owner,No,No,Yes
Maruti Suzuki,Ertiga,2016,20k-50k,<1000cc,Good (18-24 km/l),Automatic,Diesel,First Owner,Yes,No,Yes
Mercedes-Benz,C-Class,2015,80k-120k,1500-2000cc,Good (18-24 km/l),Automatic,Petrol,First Owner,No,Yes,No
Skoda,Rapid,2013,120k+,1000-1500cc,Good (18-24 km/l),Manual,Petrol,Third Owner,Yes,No,No
Ford,EcoSport,2023,0-20k,1000-1500cc,Good (18-24 km/l),Automatic,Petrol,First Owner,Yes,No,Yes
BMW,X1,2016,20k-50k,2000cc+,Average (12-18 km/l),Manual,Petrol,Second Owner,No,No,No
Ford,EcoSport,2018,120k+,1000-1500cc,Good (18-24 km/l),Manual,Diesel,First Owner,Yes,No,Yes
Hyundai,i10,2023,0-20k,1500-2000cc,Good (18-24 km/l),Automatic,Petrol,First Owner,Yes,No,Yes
Mahindra,XUV300,2021,20k-50k,2000cc+,Average (12-18 km/l),Automatic,Petrol,First Owner,Yes,No,Yes
Maruti Suzuki,WagonR,2018,0-20k,1500-2000cc,Good (18-24 km/l),Manual,Diesel,Fourth & Above,Yes,No,Yes
Tata,Nexon,2023,0-20k,2000cc+,Good (18-24 km/l),Automatic,Diesel,First Owner,Yes,No,Yes
Volkswagen,Taigun,2022,0-20k,1000-1500cc,Average (12-18 km/l),Manual,Petrol,First Owner,Yes,No,Yes
Tata,Tiago,2015,80k-120k,1000-1500cc,Good (18-24 km/l),Manual,Petrol,First Owner,Yes,No,Yes
Tata,Altroz,2021,0-20k,1500-2000cc,Good (18-24 km/l),Manual,Petrol,First Owner,No,No,Yes
Honda,City,2023,0-20k,1000-1500cc,Good (18-24 km/l),Manual,Petrol,First Owner,Yes,Yes,Yes
Kia,Carens,2019,20k-50k,1000-1500cc,Good (18-24 km/l),Manual,Petrol,Second Owner,No,No,No
Maruti Suzuki,Dzire,2022,0-20k,1000-1500cc,Good (18-24 km/l),Automatic,Diesel,First Owner,Yes,No,Yes
Tata,Nexon,2023,0-20k,1500-2000cc,Good (18-24 km/l),Manual,Diesel,First Owner,Yes,No,Yes
Maruti Suzuki,Dzire,2021,0-20k,<1000cc,Excellent (24+ km/l),Automatic,Diesel,First Owner,Yes,No,Yes
Ford,Figo,2011,20k-50k,<1000cc,Good (18-24 km/l),Manual,Diesel,Second Owner,No,Yes,No
Maruti Suzuki,Swift,2015,50k-80k,1000-1500cc,Good (18-24 km/l),Automatic,Diesel,Second Owner,Yes,No,Yes
Toyota,Glanza,2020,20k-50k,2000cc+,Good (18-24 km/l),Manual,Petrol,First Owner,Yes,No,Yes
Hyundai,Venue,2016,50k-80k,1000-1500cc,Good (18-24 km/l),Automatic,Petrol,First Owner,Yes,No,Yes
Hyundai,Venue,2023,0-20k,1000-1500cc,Excellent (24+ km/l),Manual,CNG,First Owner,Yes,No,Yes
BMW,5 Series,2018,20k-50k,1500-2000cc,Good (18-24 km/l),Manual,Diesel,Second Owner,No,No,No
Maruti Suzuki,WagonR,2019,0-20k,1000-1500cc,Excellent (24+ km/l),Manual,Diesel,First Owner,Yes,No,Yes
Mahindra,XUV500,2021,0-20k,1500-2000cc,Average (12-18 km/l),Automatic,Petrol,First Owner,Yes,No,Yes
Maruti Suzuki,Swift,2020,0-20k,1500-2000cc,Good (18-24 km/l),Automatic,Diesel,Second Owner,Yes,No,Yes
Mahindra,XUV300,2018,20k-50k,2000cc+,Good (18-24 km/l),Automatic,Diesel,First Owner,Yes,No,Yes
Mahindra,Thar,2010,50k-80k,1000-1500cc,Good (18-24 km/l),Manual,Diesel,Third Owner,No,No,No
Tata,Altroz,2020,20k-50k,2000cc+,Average (12-18 km/l),Automatic,Petrol,First Owner,Yes,No,Yes
Maruti Suzuki,Baleno,2023,0-20k,1000-1500cc,Average (12-18 km/l),Automatic,Petrol,First Owner,Yes,No,Yes
Tata,Nexon,2021,20k-50k,2000cc+,Average (12-18 km/l),Manual,Petrol,First Owner,Yes,No,Yes
Toyota,Innova,2018,80k-120k,2000cc+,Average (12-18 km/l),Manual,Diesel,First Owner,Yes,No,Yes
Renault,Kwid,2012,80k-120k,1000-1500cc,Good (18-24 km/l),Manual,Hybrid,Second Owner,No,Yes,No
Honda,WR-V,2022,0-20k,1000-1500cc,Good (18-24 km/l),Manual,Petrol,First Owner,Yes,No,Yes
Honda,WR-V,2023,0-20k,1000-1500cc,Good (18-24 km/l),Manual,Diesel,Second Owner,Yes,Yes,Yes
Hyundai,Venue,2018,80k-120k,1000-1500cc,Good (18-24 km/l),Manual,Petrol,Third Owner,Yes,Yes,No
Hyundai,Creta,2022,20k-50k,1000-1500cc,Average (12-18 km/l),Manual,Petrol,Second Owner,Yes,No,Yes
Maruti Suzuki,Alto,2018,50k-80k,1000-1500cc,Good (18-24 km/l),Manual,Petrol,Third Owner,No,No,Yes
Hyundai,Verna,2019,0-20k,1000-1500cc,Good (18-24 km/l),Manual,Diesel,First Owner,Yes,No,Yes
Hyundai,i10,2022,20k-50k,1500-2000cc,Good (18-24 km/l),Manual,Petrol,Second Owner,Yes,No,Yes
Mahindra,XUV500,2010,80k-120k,1500-2000cc,Good (18-24 km/l),Manual,Diesel,Second Owner,No,Yes,No
Honda,WR-V,2020,50k-80k,1000-1500cc,Good (18-24 km/l),Manual,Petrol,Second Owner,Yes,Yes,No
BMW,5 Series,2015,50k-80k,2000cc+,Average (12-18 km/l),Automatic,Diesel,Second Owner,Yes,No,No
Hyundai,Venue,2017,80k-120k,1000-1500cc,Good (18-24 km/l),Automatic,CNG,Second Owner,Yes,No,Yes
Toyota,Yaris,2021,20k-50k,2000cc+,Good (18-24 km/l),Manual,CNG,Third Owner,Yes,No,Yes
Renault,Kwid,2007,20k-50k,1000-1500cc,Good (18-24 km/l),Manual,Diesel,Fourth & Above,No,Yes,No
Honda,Jazz,2020,20k-50k,1000-1500cc,Good (18-24 km/l),Manual,Diesel,Second Owner,No,No,Yes
Hyundai,Verna,2016,50k-80k,1000-1500cc,Good (18-24 km/l),Manual,Diesel,First Owner,No,No,Yes
Hyundai,Verna,2021,20k-50k,<1000cc,Good (18-24 km/l),Manual,Petrol,First Owner,No,No,Yes
Maruti Suzuki,WagonR,2013,120k+,<1000cc,Good (18-24 km/l),Automatic,Petrol,First Owner,Yes,Yes,No
Hyundai,Venue,2022,0-20k,1000-1500cc,Excellent (24+ km/l),Automatic,Electric,First Owner,Yes,No,Yes
Volkswagen,Taigun,2021,0-20k,1000-1500cc,Good (18-24 km/l),Automatic,Diesel,First Owner,Yes,No,Yes
Maruti Suzuki,Ertiga,2023,0-20k,1000-1500cc,Good (18-24 km/l),Automatic,Petrol,First Owner,Yes,No,Yes
Hyundai,i20,2023,20k-50k,1000-1500cc,Good (18-24 km/l),Automatic,Petrol,First Owner,Yes,Yes,Yes
Ford,EcoSport,2016,20k-50k,1000-1500cc,Good (18-24 km/l),Manual,Petrol,Second Owner,Yes,No,No
Renault,Kwid,2007,50k-80k,1500-2000cc,Good (18-24 km/l),Manual,Petrol,Third Owner,No,No,No
Mahindra,Thar,2021,0-20k,1500-2000cc,Excellent (24+ km/l),Manual,CNG,First Owner,Yes,No,Yes
Ford,Endeavour,2020,0-20k,<1000cc,Good (18-24 km/l),Manual,Petrol,Second Owner,Yes,No,Yes
Tata,Tiago,2007,120k+,1500-2000cc,Good (18-24 km/l),Automatic,Petrol,Second Owner,Yes,Yes,No
Maruti Suzuki,Swift,2012,20k-50k,<1000cc,Good (18-24 km/l),Automatic,Petrol,First Owner,No,Yes,No
Tata,Punch,2020,20k-50k,2000cc+,Good (18-24 km/l),Automatic,CNG,First Owner,Yes,No,Yes
Honda,City,2023,0-20k,1000-1500cc,Excellent (24+ km/l),Manual,Electric,Second Owner,Yes,No,Yes
Audi,Q3,2023,0-20k,1500-2000cc,Average (12-18 km/l),Automatic,Petrol,Second Owner,Yes,Yes,Yes
Maruti Suzuki,Baleno,2013,20k-50k,<1000cc,Good (18-24 km/l),Automatic,Diesel,Second Owner,No,No,Yes
Mahindra,Bolero,2018,20k-50k,1000-1500cc,Excellent (24+ km/l),Manual,Electric,First Owner,Yes,No,Yes
Tata,Harrier,2008,20k-50k,2000cc+,Good (18-24 km/l),Manual,Petrol,First Owner,Yes,Yes,No
Mahindra,Thar,2019,80k-120k,1000-1500cc,Good (18-24 km/l),Manual,Petrol,Third Owner,Yes,No,Yes
Maruti Suzuki,Alto,2022,0-20k,1000-1500cc,Good (18-24 km/l),Automatic,Diesel,First Owner,Yes,No,Yes
Hyundai,i20,2022,20k-50k,1000-1500cc,Good (18-24 km/l),Manual,Petrol,First Owner,Yes,No,Yes
Renault,Kwid,2019,20k-50k,1000-1500cc,Good (18-24 km/l),Manual,Petrol,Second Owner,Yes,No,Yes
Honda,Amaze,2011,20k-50k,1000-1500cc,Excellent (24+ km/l),Manual,Diesel,Fourth & Above,No,Yes,No
Mahindra,Thar,2018,50k-80k,2000cc+,Excellent (24+ km/l),Manual,Electric,First Owner,Yes,No,Yes
Hyundai,Venue,2023,0-20k,1000-1500cc,Excellent (24+ km/l),Manual,Diesel,First Owner,Yes,No,Yes
Hyundai,i20,2015,0-20k,1000-1500cc,Good (18-24 km/l),Manual,Petrol,Fourth & Above,No,Yes,Yes
Tata,Tiago,2017,50k-80k,2000cc+,Average (12-18 km/l),Manual,Petrol,Second Owner,No,No,No
Skoda,Rapid,2022,0-20k,<1000cc,Good (18-24 km/l),Automatic,Petrol,First Owner,Yes,Yes,Yes
Audi,Q3,2022,20k-50k,2000cc+,Average (12-18 km/l),Automatic,Petrol,Second Owner,Yes,Yes,Yes
Mahindra,Scorpio,2023,0-20k,2000cc+,Average (12-18 km/l),Manual,Petrol,First Owner,Yes,No,Yes
Tata,Nexon,2018,120k+,2000cc+,Average (12-18 km/l),Manual,Petrol,First Owner,No,Yes,No
Skoda,Rapid,2020,0-20k,1000-1500cc,Good (18-24 km/l),Manual,Petrol,First Owner,Yes,No,Yes
Tata,Altroz,2019,80k-120k,1500-2000cc,Good (18-24 km/l),Manual,Petrol,First Owner,Yes,No,No
Honda,City,2023,0-20k,1000-1500cc,Good (18-24 km/l),Manual,Petrol,First Owner,Yes,No,Yes
Hyundai,i10,2022,0-20k,1500-2000cc,Good (18-24 km/l),Manual,Diesel,First Owner,Yes,No,Yes
Volkswagen,Polo,2022,20k-50k,1000-1500cc,Good (18-24 km/l),Manual,Diesel,First Owner,Yes,No,Yes
Honda,City,2012,20k-50k,1000-1500cc,Good (18-24 km/l),Automatic,Diesel,Third Owner,Yes,Yes,No
Renault,Kwid,2022,0-20k,1000-1500cc,Good (18-24 km/l),Automatic,Petrol,First Owner,Yes,No,Yes
Renault,Triber,2019,20k-50k,1000-1500cc,Good (18-24 km/l),Manual,Petrol,First Owner,Yes,No,Yes
Hyundai,Verna,2007,120k+,1500-2000cc,Average (12-18 km/l),Manual,Petrol,Third Owner,No,Yes,No
Ford,Endeavour,2009,0-20k,1000-1500cc,Good (18-24 km/l),Manual,Petrol,Third Owner,Yes,No,No
Renault,Triber,2021,20k-50k,1000-1500cc,Good (18-24 km/l),Automatic,Petrol,First Owner,Yes,No,Yes
Tata,Harrier,2018,20k-50k,1000-1500cc,Average (12-18 km/l),Manual,Petrol,First Owner,Yes,No,Yes
Maruti Suzuki,WagonR,2023,20k-50k,1000-1500cc,Excellent (24+ km/l),Manual,Diesel,First Owner,No,No,Yes
Maruti Suzuki,Dzire,2022,0-20k,1000-1500cc,Good (18-24 km/l),Automatic,Diesel,First Owner,Yes,No,Yes
Mahindra,Scorpio,2007,80k-120k,2000cc+,Good (18-24 km/l),Manual,Petrol,Fourth & Above,No,No,No
Tata,Punch,2021,20k-50k,2000cc+,Good (18-24 km/l),Automatic,Petrol,First Owner,No,No,Yes
Honda,Jazz,2014,120k+,1000-1500cc,Average (12-18 km/l),Manual,Petrol,Second Owner,Yes,Yes,No
Hyundai,Creta,2018,0-20k,1500-2000cc,Good (18-24 km/l),Manual,Petrol,Second Owner,Yes,No,Yes
Skoda,Rapid,2021,0-20k,1000-1500cc,Good (18-24 km/l),Automatic,Petrol,Third Owner,No,No,Yes
Hyundai,i10,2023,20k-50k,1000-1500cc,Good (18-24 km/l),Manual,Petrol,First Owner,No,No,Yes
Hyundai,Venue,2019,20k-50k,1000-1500cc,Good (18-24 km/l),Automatic,Diesel,Second Owner,Yes,No,Yes
Mahindra,XUV500,2022,50k-80k,1000-1500cc,Excellent (24+ km/l),Manual,CNG,First Owner,Yes,No,Yes
Mahindra,Thar,2022,0-20k,2000cc+,Good (18-24 km/l),Manual,Diesel,First Owner,Yes,No,Yes
Hyundai,Venue,2018,50k-80k,1000-1500cc,Good (18-24 km/l),Manual,Petrol,First Owner,No,No,Yes
Hyundai,Venue,2019,20k-50k,<1000cc,Good (18-24 km/l),Manual,Diesel,First Owner,Yes,No,Yes
Maruti Suzuki,WagonR,2021,50k-80k,1000-1500cc,Average (12-18 km/l),Automatic,Petrol,First Owner,Yes,Yes,Yes
Ford,Figo,2007,20k-50k,1000-1500cc,Excellent (24+ km/l),Manual,CNG,First Owner,Yes,No,Yes
Volkswagen,Vento,2023,0-20k,1500-2000cc,Good (18-24 km/l),Automatic,Petrol,Second Owner,Yes,No,Yes
Mahindra,Scorpio,2022,20k-50k,1000-1500cc,Good (18-24 km/l),Manual,Diesel,First Owner,Yes,No,Yes
Ford,Endeavour,2016,20k-50k,1000-1500cc,Average (12-18 km/l),Manual,Petrol,First Owner,Yes,No,Yes
Volkswagen,Vento,2023,0-20k,1000-1500cc,Excellent (24+ km/l),Manual,Diesel,First Owner,Yes,No,Yes
Maruti Suzuki,WagonR,2014,50k-80k,1000-1500cc,Average (12-18 km/l),Manual,Petrol,Second Owner,Yes,No,Yes
Audi,Q3,2023,0-20k,2000cc+,Low (<12 km/l),Automatic,Petrol,First Owner,No,No,Yes
Renault,Duster,2017,80k-120k,1500-2000cc,Excellent (24+ km/l),Automatic,Electric,Second Owner,No,Yes,No
Hyundai,Venue,2022,0-20k,1000-1500cc,Good (18-24 km/l),Manual,Diesel,First Owner,Yes,No,Yes
Hyundai,Creta,2019,50k-80k,1000-1500cc,Excellent (24+ km/l),Automatic,CNG,First Owner,Yes,No,Yes
Maruti Suzuki,Baleno,2022,0-20k,1000-1500cc,Good (18-24 km/l),Automatic,Petrol,First Owner,Yes,No,Yes
Maruti Suzuki,Baleno,2013,120k+,1000-1500cc,Good (18-24 km/l),Manual,Diesel,Fourth & Above,Yes,Yes,No
Volkswagen,Taigun,2016,20k-50k,1500-2000cc,Good (18-24 km/l),Manual,Petrol,Third Owner,No,No,No
Mahindra,Thar,2011,0-20k,1500-2000cc,Average (12-18 km/l),Manual,Petrol,Second Owner,Yes,No,Yes
Renault,Triber,2023,0-20k,1500-2000cc,Good (18-24 km/l),Manual,Diesel,First Owner,Yes,No,Yes
Volkswagen,Polo,2016,20k-50k,1500-2000cc,Good (18-24 km/l),Manual,Petrol,First Owner,No,No,Yes
Honda,Amaze,2021,50k-80k,1000-1500cc,Good (18-24 km/l),Automatic,Petrol,First Owner,Yes,Yes,Yes
Ford,Figo,2022,0-20k,1000-1500cc,Good (18-24 km/l),Manual,Petrol,First Owner,Yes,No,Yes
Maruti Suzuki,Swift,2023,0-20k,1000-1500cc,Good (18-24 km/l),Manual,Petrol,First Owner,Yes,No,Yes
Hyundai,i10,2011,120k+,1000-1500cc,Good (18-24 km/l),Manual,Petrol,Fourth & Above,No,Yes,No
Toyota,Glanza,2023,0-20k,2000cc+,Average (12-18 km/l),Manual,Diesel,Second Owner,Yes,No,Yes
Maruti Suzuki,Ertiga,2014,80k-120k,<1000cc,Good (18-24 km/l),Manual,Petrol,Third Owner,No,Yes,No
Maruti Suzuki,Baleno,2022,0-20k,1000-1500cc,Good (18-24 km/l),Manual,Diesel,First Owner,Yes,No,Yes
Skoda,Octavia,2022,20k-50k,<1000cc,Good (18-24 km/l),Automatic,Petrol,First Owner,Yes,No,Yes
Ford,Figo,2005,120k+,1000-1500cc,Excellent (24+ km/l),Manual,Petrol,First Owner,No,Yes,No
Hyundai,i20,2015,0-20k,1000-1500cc,Good (18-24 km/l),Manual,Diesel,First Owner,Yes,Yes,Yes
Ford,Endeavour,2019,0-20k,<1000cc,Excellent (24+ km/l),Manual,Diesel,Fourth & Above,No,No,Yes
Renault,Triber,2018,50k-80k,1000-1500cc,Good (18-24 km/l),Manual,Petrol,First Owner,Yes,No,Yes
Hyundai,Creta,2023,20k-50k,1000-1500cc,Good (18-24 km/l),Manual,Diesel,First Owner,Yes,No,Yes
Maruti Suzuki,Alto,2017,120k+,1000-1500cc,Good (18-24 km/l),Manual,Diesel,First Owner,No,No,Yes
BMW,3 Series,2023,0-20k,2000cc+,Average (12-18 km/l),Automatic,Petrol,First Owner,No,No,Yes
Tata,Harrier,2019,0-20k,1500-2000cc,Good (18-24 km/l),Manual,Diesel,First Owner,Yes,No,Yes
Maruti Suzuki,Dzire,2023,0-20k,1000-1500cc,Good (18-24 km/l),Automatic,Diesel,First Owner,Yes,No,Yes
Mahindra,Bolero,2022,50k-80k,2000cc+,Good (18-24 km/l),Automatic,Diesel,First Owner,No,Yes,Yes
Volkswagen,Taigun,2022,20k-50k,<1000cc,Good (18-24 km/l),Automatic,Petrol,First Owner,Yes,No,Yes
Hyundai,i10,2011,120k+,1000-1500cc,Good (18-24 km/l),Manual,Diesel,Second Owner,No,Yes,No
Hyundai,Venue,2020,0-20k,<1000cc,Good (18-24 km/l),Manual,Petrol,Second Owner,Yes,Yes,Yes
Hyundai,i20,2013,120k+,1000-1500cc,Good (18-24 km/l),Manual,Diesel,Second Owner,Yes,Yes,No
Mercedes-Benz,GLA,2016,50k-80k,2000cc+,Average (12-18 km/l),Manual,Petrol,Second Owner,Yes,Yes,No
Hyundai,Creta,2021,0-20k,1000-1500cc,Good (18-24 km/l),Automatic,Diesel,First Owner,Yes,No,Yes
Honda,WR-V,2022,0-20k,1000-1500cc,Good (18-24 km/l),Manual,Petrol,First Owner,Yes,No,Yes
BMW,5 Series,2008,80k-120k,2000cc+,Average (12-18 km/l),Automatic,Diesel,First Owner,Yes,Yes,No
Maruti Suzuki,Alto,2020,0-20k,1000-1500cc,Good (18-24 km/l),Manual,Petrol,Second Owner,Yes,No,Yes
Audi,Q3,2020,20k-50k,2000cc+,Good (18-24 km/l),Automatic,Diesel,Second Owner,Yes,No,Yes
Audi,A4,2010,120k+,2000cc+,Average (12-18 km/l),Automatic,Petrol,Second Owner,No,No,No
Kia,Carens,2019,20k-50k,1000-1500cc,Good (18-24 km/l),Manual,Petrol,Fourth & Above,Yes,No,Yes
Hyundai,i20,2021,0-20k,1000-1500cc,Good (18-24 km/l),Manual,Petrol,First Owner,No,No,Yes
Toyota,Yaris,2009,50k-80k,1500-2000cc,Good (18-24 km/l),Manual,Petrol,Second Owner,No,Yes,No
Volkswagen,Vento,2022,0-20k,1000-1500cc,Good (18-24 km/l),Manual,Petrol,Second Owner,Yes,No,Yes
Mercedes-Benz,C-Class,2020,20k-50k,2000cc+,Average (12-18 km/l),Automatic,Petrol,First Owner,Yes,No,Yes
Hyundai,i20,2022,0-20k,1000-1500cc,Good (18-24 km/l),Automatic,Petrol,First Owner,Yes,No,Yes
Volkswagen,Polo,2015,80k-120k,1000-1500cc,Excellent (24+ km/l),Manual,CNG,First Owner,Yes,No,Yes
Tata,Nexon,2022,20k-50k,1500-2000cc,Average (12-18 km/l),Automatic,Petrol,Second Owner,Yes,No,Yes
Maruti Suzuki,Alto,2011,120k+,<1000cc,Good (18-24 km/l),Automatic,Diesel,First Owner,No,Yes,No
Tata,Tiago,2018,20k-50k,1500-2000cc,Good (18-24 km/l),Manual,Petrol,First Owner,Yes,No,Yes
Renault,Kwid,2014,120k+,1000-1500cc,Good (18-24 km/l),Manual,Diesel,Second Owner,No,Yes,No
Mahindra,Bolero,2023,0-20k,2000cc+,Good (18-24 km/l),Manual,Diesel,First Owner,Yes,No,Yes
Honda,City,2021,50k-80k,<1000cc,Excellent (24+ km/l),Automatic,Diesel,First Owner,Yes,No,Yes
Mercedes-Benz,C-Class,2007,80k-120k,2000cc+,Average (12-18 km/l),Automatic,Petrol,Third Owner,No,Yes,No
Tata,Altroz,2006,120k+,1500-2000cc,Good (18-24 km/l),Manual,CNG,First Owner,No,No,No
Toyota,Innova,2016,50k-80k,2000cc+,Average (12-18 km/l),Automatic,Petrol,Second Owner,No,No,No
Tata,Punch,2013,20k-50k,2000cc+,Good (18-24 km/l),Automatic,Diesel,Second Owner,Yes,No,Yes
Tata,Tiago,2021,20k-50k,2000cc+,Average (12-18 km/l),Manual,Diesel,First Owner,Yes,No,Yes
Ford,Figo,2021,20k-50k,<1000cc,Excellent (24+ km/l),Automatic,Electric,First Owner,No,No,Yes
BMW,5 Series,2023,0-20k,2000cc+,Low (<12 km/l),Automatic,Petrol,First Owner,Yes,No,Yes
Honda,WR-V,2023,20k-50k,1000-1500cc,Average (12-18 km/l),Manual,Petrol,First Owner,Yes,No,Yes
Volkswagen,Vento,2021,20k-50k,<1000cc,Good (18-24 km/l),Manual,Petrol,First Owner,Yes,No,Yes
Maruti Suzuki,Dzire,2005,20k-50k,1000-1500cc,Excellent (24+ km/l),Manual,CNG,Second Owner,No,Yes,No
Hyundai,Venue,2017,20k-50k,<1000cc,Good (18-24 km/l),Manual,Petrol,First Owner,Yes,Yes,Yes
Mahindra,Thar,2020,0-20k,1000-1500cc,Good (18-24 km/l),Manual,Petrol,Second Owner,Yes,No,Yes
Maruti Suzuki,Baleno,2019,20k-50k,1000-1500cc,Good (18-24 km/l),Automatic,Petrol,Second Owner,Yes,No,Yes
Hyundai,i10,2020,20k-50k,1500-2000cc,Good (18-24 km/l),Manual,Petrol,First Owner,Yes,No,Yes
Mahindra,Bolero,2023,0-20k,2000cc+,Good (18-24 km/l),Manual,Petrol,First Owner,Yes,Yes,Yes
Maruti Suzuki,Swift,2023,0-20k,1000-1500cc,Good (18-24 km/l),Automatic,Diesel,Second Owner,Yes,No,Yes
Hyundai,Creta,2012,50k-80k,1000-1500cc,Good (18-24 km/l),Manual,Petrol,Third Owner,Yes,No,Yes
Mahindra,Bolero,2016,20k-50k,1000-1500cc,Good (18-24 km/l),Manual,Petrol,Third Owner,No,No,No
Honda,Jazz,2022,0-20k,<1000cc,Good (18-24 km/l),Manual,Petrol,Second Owner,Yes,No,Yes
BMW,5 Series,2022,0-20k,2000cc+,Average (12-18 km/l),Automatic,Diesel,First Owner,Yes,No,Yes
Toyota,Glanza,2016,50k-80k,1500-2000cc,Good (18-24 km/l),Manual,Diesel,Third Owner,Yes,No,Yes
Tata,Nexon,2022,0-20k,1000-1500cc,Good (18-24 km/l),Manual,Diesel,First Owner,Yes,No,Yes
BMW,X1,2021,0-20k,2000cc+,Good (18-24 km/l),Automatic,Diesel,First Owner,No,No,Yes
Renault,Duster,2019,0-20k,1000-1500cc,Excellent (24+ km/l),Manual,Electric,Second Owner,No,No,Yes
Hyundai,i10,2014,20k-50k,1000-1500cc,Good (18-24 km/l),Manual,Petrol,First Owner,No,No,Yes
Maruti Suzuki,Baleno,2023,0-20k,1000-1500cc,Excellent (24+ km/l),Manual,CNG,Second Owner,Yes,No,Yes
Toyota,Glanza,2021,0-20k,1500-2000cc,Good (18-24 km/l),Manual,Petrol,First Owner,Yes,No,Yes
Honda,Jazz,2014,120k+,1000-1500cc,Good (18-24 km/l),Manual,Petrol,Third Owner,No,No,No
Renault,Duster,2021,20k-50k,1500-2000cc,Good (18-24 km/l),Automatic,Petrol,First Owner,Yes,No,Yes
Volkswagen,Polo,2022,0-20k,1000-1500cc,Good (18-24 km/l),Automatic,Petrol,First Owner,No,Yes,Yes
Toyota,Yaris,2023,0-20k,1500-2000cc,Good (18-24 km/l),Manual,Petrol,First Owner,Yes,No,Yes
Mercedes-Benz,C-Class,2015,80k-120k,2000cc+,Good (18-24 km/l),Automatic,Diesel,Third Owner,Yes,Yes,No
Honda,City,2023,0-20k,1000-1500cc,Good (18-24 km/l),Automatic,Petrol,First Owner,Yes,No,Yes
Maruti Suzuki,Dzire,2013,20k-50k,1000-1500cc,Excellent (24+ km/l),Manual,Diesel,Second Owner,Yes,Yes,Yes
Renault,Duster,2020,20k-50k,1000-1500cc,Good (18-24 km/l),Manual,Diesel,First Owner,No,No,Yes
Hyundai,i20,2021,50k-80k,1000-1500cc,Good (18-24 km/l),Manual,Petrol,First Owner,Yes,No,Yes
Volkswagen,Vento,2018,20k-50k,1000-1500cc,Good (18-24 km/l),Manual,Petrol,Fourth & Above,No,Yes,No
Audi,Q3,2019,80k-120k,1500-2000cc,Good (18-24 km/l),Manual,Diesel,Second Owner,No,Yes,No
Ford,Figo,2023,0-20k,1000-1500cc,Average (12-18 km/l),Manual,Petrol,First Owner,Yes,No,Yes
Honda,City,2021,20k-50k,1000-1500cc,Good (18-24 km/l),Automatic,Diesel,First Owner,Yes,No,Yes
Mahindra,Thar,2019,80k-120k,1500-2000cc,Good (18-24 km/l),Manual,Petrol,Second Owner,Yes,Yes,No
Tata,Tiago,2012,50k-80k,2000cc+,Average (12-18 km/l),Manual,Petrol,Second Owner,No,No,No
Tata,Harrier,2005,50k-80k,2000cc+,Good (18-24 km/l),Manual,Diesel,Third Owner,No,Yes,No
Toyota,Yaris,2012,0-20k,2000cc+,Good (18-24 km/l),Manual,Hybrid,Third Owner,No,Yes,No
Volkswagen,Polo,2023,0-20k,1000-1500cc,Average (12-18 km/l),Automatic,Petrol,First Owner,Yes,No,Yes
Toyota,Innova,2022,20k-50k,1500-2000cc,Good (18-24 km/l),Manual,Diesel,First Owner,Yes,Yes,Yes
Hyundai,Venue,2023,0-20k,1000-1500cc,Good (18-24 km/l),Automatic,Diesel,First Owner,Yes,No,Yes
Mahindra,XUV500,2008,50k-80k,2000cc+,Average (12-18 km/l),Manual,Diesel,Third Owner,No,No,No
Renault,Kwid,2021,20k-50k,1000-1500cc,Good (18-24 km/l),Manual,Petrol,First Owner,Yes,No,Yes
Mahindra,Thar,2008,120k+,2000cc+,Good (18-24 km/l),Manual,Hybrid,First Owner,No,Yes,No
Honda,City,2022,20k-50k,1000-1500cc,Good (18-24 km/l),Manual,Petrol,First Owner,Yes,No,Yes
Volkswagen,Polo,2018,0-20k,1000-1500cc,Good (18-24 km/l),Manual,Hybrid,Third Owner,No,No,Yes
Toyota,Innova,2011,50k-80k,2000cc+,Good (18-24 km/l),Manual,Diesel,Second Owner,Yes,No,No
Tata,Punch,2020,0-20k,1000-1500cc,Excellent (24+ km/l),Manual,CNG,First Owner,Yes,Yes,Yes
Kia,Carens,2016,50k-80k,1000-1500cc,Good (18-24 km/l),Manual,Diesel,Second Owner,Yes,Yes,No
Maruti Suzuki,Baleno,2021,0-20k,1000-1500cc,Excellent (24+ km/l),Manual,CNG,First Owner,Yes,No,Yes
Mercedes-Benz,GLA,2021,0-20k,2000cc+,Average (12-18 km/l),Automatic,Diesel,First Owner,Yes,No,Yes
Maruti Suzuki,Baleno,2021,0-20k,1000-1500cc,Good (18-24 km/l),Automatic,CNG,First Owner,Yes,No,Yes
Maruti Suzuki,WagonR,2023,20k-50k,1000-1500cc,Good (18-24 km/l),Manual,Petrol,First Owner,Yes,No,Yes
Kia,Seltos,2018,50k-80k,1000-1500cc,Excellent (24+ km/l),Manual,CNG,Fourth & Above,Yes,Yes,No
Hyundai,Venue,2019,80k-120k,1500-2000cc,Good (18-24 km/l),Manual,Petrol,Fourth & Above,Yes,Yes,No
Ford,Endeavour,2022,20k-50k,1000-1500cc,Good (18-24 km/l),Manual,Diesel,Second Owner,No,No,Yes
Renault,Duster,2020,50k-80k,1000-1500cc,Good (18-24 km/l),Automatic,Diesel,Second Owner,Yes,No,Yes
Skoda,Kushaq,2008,120k+,1000-1500cc,Good (18-24 km/l),Automatic,Diesel,Second Owner,No,Yes,No
Mercedes-Benz,C-Class,2022,20k-50k,2000cc+,Good (18-24 km/l),Automatic,Diesel,First Owner,Yes,No,Yes
Hyundai,Venue,2009,120k+,1000-1500cc,Good (18-24 km/l),Manual,Petrol,Fourth & Above,No,No,No
Ford,Figo,2014,80k-120k,<1000cc,Good (18-24 km/l),Manual,Diesel,Fourth & Above,No,Yes,No
Maruti Suzuki,Baleno,2011,120k+,1000-1500cc,Good (18-24 km/l),Manual,Petrol,Third Owner,No,Yes,No
Tata,Tiago,2010,0-20k,1000-1500cc,Good (18-24 km/l),Manual,Diesel,Third Owner,Yes,No,No
Skoda,Rapid,2007,80k-120k,<1000cc,Good (18-24 km/l),Automatic,Diesel,Second Owner,No,No,No
Tata,Nexon,2009,120k+,1500-2000cc,Good (18-24 km/l),Manual,Diesel,Second Owner,Yes,No,No
Honda,Jazz,2019,20k-50k,1000-1500cc,Good (18-24 km/l),Manual,Diesel,Second Owner,Yes,Yes,Yes
Mahindra,XUV300,2016,120k+,1500-2000cc,Good (18-24 km/l),Manual,Diesel,First Owner,Yes,Yes,No
Toyota,Innova,2012,80k-120k,1000-1500cc,Good (18-24 km/l),Manual,Petrol,Second Owner,Yes,No,No
Audi,Q3,2021,50k-80k,2000cc+,Average (12-18 km/l),Automatic,Petrol,First Owner,Yes,No,Yes
Maruti Suzuki,Ertiga,2015,120k+,1000-1500cc,Good (18-24 km/l),Manual,Petrol,Fourth & Above,Yes,Yes,No
Honda,Jazz,2006,50k-80k,1000-1500cc,Good (18-24 km/l),Manual,Petrol,Fourth & Above,Yes,Yes,No
Skoda,Kushaq,2018,0-20k,1000-1500cc,Good (18-24 km/l),Manual,Petrol,First Owner,Yes,No,Yes
Mahindra,Bolero,2017,0-20k,1500-2000cc,Excellent (24+ km/l),Manual,CNG,First Owner,No,No,Yes
Maruti Suzuki,WagonR,2017,0-20k,1000-1500cc,Good (18-24 km/l),Manual,Petrol,First Owner,Yes,No,Yes
Honda,Amaze,2019,20k-50k,1000-1500cc,Good (18-24 km/l),Manual,Diesel,First Owner,No,No,Yes
Tata,Harrier,2021,20k-50k,2000cc+,Good (18-24 km/l),Automatic,Petrol,First Owner,No,No,Yes
Maruti Suzuki,Dzire,2021,20k-50k,1000-1500cc,Excellent (24+ km/l),Automatic,Diesel,First Owner,Yes,No,Yes
Skoda,Octavia,2023,0-20k,1500-2000cc,Average (12-18 km/l),Manual,Petrol,Second Owner,Yes,No,Yes
Mahindra,XUV300,2020,20k-50k,1500-2000cc,Good (18-24 km/l),Automatic,CNG,Second Owner,No,No,Yes
BMW,X1,2019,0-20k,2000cc+,Average (12-18 km/l),Automatic,Petrol,First Owner,Yes,No,Yes
Renault,Kwid,2015,120k+,1000-1500cc,Good (18-24 km/l),Manual,Diesel,Third Owner,Yes,Yes,No
Ford,Endeavour,2022,20k-50k,1500-2000cc,Excellent (24+ km/l),Manual,Diesel,Second Owner,Yes,No,Yes
Maruti Suzuki,Ertiga,2013,20k-50k,<1000cc,Good (18-24 km/l),Manual,Diesel,Second Owner,No,Yes,No
Tata,Harrier,2019,0-20k,2000cc+,Average (12-18 km/l),Manual,Petrol,First Owner,Yes,No,Yes
Hyundai,i20,2018,50k-80k,1500-2000cc,Excellent (24+ km/l),Manual,CNG,First Owner,Yes,No,Yes
BMW,5 Series,2021,50k-80k,1500-2000cc,Good (18-24 km/l),Automatic,Diesel,First Owner,Yes,No,Yes
Maruti Suzuki,Swift,2023,0-20k,1000-1500cc,Good (18-24 km/l),Manual,Diesel,First Owner,Yes,No,Yes
Hyundai,Creta,2023,0-20k,1000-1500cc,Good (18-24 km/l),Manual,Petrol,First Owner,No,No,Yes
Mahindra,Thar,2014,120k+,2000cc+,Good (18-24 km/l),Manual,Diesel,Third Owner,No,No,No
Hyundai,Verna,2016,120k+,1000-1500cc,Excellent (24+ km/l),Manual,Diesel,First Owner,Yes,Yes,No
Hyundai,Creta,2022,0-20k,<1000cc,Good (18-24 km/l),Manual,Petrol,First Owner,Yes,No,Yes
Honda,Amaze,2020,0-20k,1000-1500cc,Good (18-24 km/l),Manual,Diesel,Second Owner,Yes,No,Yes
Maruti Suzuki,Swift,2019,20k-50k,1000-1500cc,Good (18-24 km/l),Automatic,Diesel,Second Owner,No,No,Yes
Maruti Suzuki,Dzire,2021,50k-80k,1000-1500cc,Good (18-24 km/l),Manual,Petrol,First Owner,Yes,Yes,Yes
Tata,Punch,2020,50k-80k,1500-2000cc,Good (18-24 km/l),Manual,Petrol,First Owner,No,No,No
Ford,Endeavour,2023,0-20k,1000-1500cc,Good (18-24 km/l),Manual,Diesel,First Owner,Yes,No,Yes
Honda,Amaze,2020,20k-50k,1000-1500cc,Excellent (24+ km/l),Manual,CNG,Second Owner,Yes,No,Yes
Tata,Altroz,2019,50k-80k,1500-2000cc,Excellent (24+ km/l),Manual,CNG,First Owner,Yes,No,Yes
Honda,WR-V,2020,0-20k,1500-2000cc,Good (18-24 km/l),Automatic,Diesel,Second Owner,Yes,No,Yes
Tata,Altroz,2022,0-20k,1000-1500cc,Average (12-18 km/l),Automatic,Petrol,First Owner,Yes,Yes,Yes
BMW,X1,2021,0-20k,2000cc+,Average (12-18 km/l),Automatic,Petrol,First Owner,Yes,No,Yes
Maruti Suzuki,Swift,2021,0-20k,1000-1500cc,Good (18-24 km/l),Automatic,Petrol,First Owner,Yes,No,Yes
Toyota,Fortuner,2023,0-20k,2000cc+,Good (18-24 km/l),Manual,Petrol,First Owner,Yes,No,Yes
Kia,Sonet,2021,0-20k,1000-1500cc,Good (18-24 km/l),Automatic,Petrol,First Owner,Yes,No,Yes
Renault,Triber,2018,20k-50k,1000-1500cc,Good (18-24 km/l),Manual,Petrol,Third Owner,Yes,No,Yes
Hyundai,Venue,2021,50k-80k,1000-1500cc,Good (18-24 km/l),Manual,Petrol,First Owner,No,No,Yes
Hyundai,Venue,2021,50k-80k,1000-1500cc,Good (18-24 km/l),Automatic,Diesel,First Owner,Yes,Yes,Yes
Ford,Figo,2006,120k+,1000-1500cc,Good (18-24 km/l),Manual,Petrol,Second Owner,No,Yes,No
Maruti Suzuki,Alto,2019,20k-50k,<1000cc,Good (18-24 km/l),Manual,Petrol,First Owner,Yes,Yes,Yes
Renault,Duster,2022,50k-80k,1000-1500cc,Good (18-24 km/l),Automatic,Petrol,First Owner,Yes,No,Yes
Ford,EcoSport,2019,50k-80k,1000-1500cc,Good (18-24 km/l),Manual,Petrol,First Owner,Yes,No,Yes
Ford,Endeavour,2022,0-20k,1500-2000cc,Good (18-24 km/l),Automatic,Diesel,First Owner,Yes,No,Yes
Maruti Suzuki,WagonR,2019,20k-50k,<1000cc,Good (18-24 km/l),Manual,Petrol,Second Owner,No,No,Yes
Ford,Endeavour,2023,0-20k,1000-1500cc,Average (12-18 km/l),Automatic,Petrol,First Owner,Yes,No,Yes
Toyota,Innova,2016,0-20k,1500-2000cc,Excellent (24+ km/l),Manual,Diesel,Second Owner,No,Yes,No
Skoda,Kushaq,2011,120k+,1000-1500cc,Good (18-24 km/l),Manual,Petrol,Second Owner,No,Yes,No
Maruti Suzuki,Baleno,2019,20k-50k,1000-1500cc,Good (18-24 km/l),Manual,Diesel,Second Owner,No,Yes,No
Maruti Suzuki,WagonR,2020,20k-50k,1000-1500cc,Excellent (24+ km/l),Automatic,Petrol,First Owner,No,No,Yes
Tata,Punch,2017,20k-50k,1000-1500cc,Good (18-24 km/l),Automatic,Petrol,First Owner,Yes,No,Yes
Maruti Suzuki,Alto,2015,80k-120k,1500-2000cc,Good (18-24 km/l),Manual,Petrol,First Owner,Yes,Yes,No
Honda,Amaze,2021,20k-50k,1000-1500cc,Good (18-24 km/l),Manual,Petrol,First Owner,Yes,Yes,Yes
BMW,5 Series,2018,20k-50k,1500-2000cc,Good (18-24 km/l),Automatic,Petrol,Second Owner,Yes,No,Yes
Tata,Harrier,2021,0-20k,1000-1500cc,Average (12-18 km/l),Automatic,Petrol,First Owner,No,No,Yes
Skoda,Rapid,2022,20k-50k,1000-1500cc,Good (18-24 km/l),Manual,Diesel,First Owner,No,No,Yes
Maruti Suzuki,Ertiga,2022,20k-50k,<1000cc,Good (18-24 km/l),Automatic,Diesel,Second Owner,No,Yes,Yes
Maruti Suzuki,WagonR,2018,80k-120k,1000-1500cc,Average (12-18 km/l),Manual,Petrol,Second Owner,No,No,No
Maruti Suzuki,Swift,2020,20k-50k,1000-1500cc,Good (18-24 km/l),Automatic,Diesel,First Owner,Yes,No,Yes
Tata,Tiago,2019,20k-50k,2000cc+,Average (12-18 km/l),Manual,Hybrid,Second Owner,Yes,No,Yes
Kia,Carens,2023,0-20k,1000-1500cc,Average (12-18 km/l),Manual,Petrol,First Owner,Yes,No,Yes
Maruti Suzuki,Alto,2023,0-20k,1000-1500cc,Good (18-24 km/l),Automatic,Petrol,First Owner,Yes,No,Yes
Honda,WR-V,2017,50k-80k,<1000cc,Good (18-24 km/l),Manual,Diesel,First Owner,No,No,Yes
Mahindra,XUV300,2011,50k-80k,1000-1500cc,Good (18-24 km/l),Manual,Petrol,Third Owner,No,Yes,No
BMW,5 Series,2013,20k-50k,1500-2000cc,Good (18-24 km/l),Automatic,Diesel,Third Owner,Yes,Yes,No
Maruti Suzuki,Baleno,2018,80k-120k,1000-1500cc,Good (18-24 km/l),Manual,Petrol,Second Owner,Yes,Yes,No
Hyundai,Verna,2020,0-20k,<1000cc,Average (12-18 km/l),Automatic,Petrol,Second Owner,No,No,Yes
Maruti Suzuki,Baleno,2021,20k-50k,1000-1500cc,Good (18-24 km/l),Manual,Petrol,First Owner,Yes,No,Yes
Mahindra,Thar,2017,0-20k,2000cc+,Good (18-24 km/l),Automatic,Diesel,First Owner,Yes,No,Yes
Hyundai,Creta,2021,50k-80k,<1000cc,Good (18-24 km/l),Manual,Petrol,First Owner,Yes,Yes,Yes
Skoda,Rapid,2023,0-20k,1000-1500cc,Average (12-18 km/l),Automatic,Petrol,First Owner,Yes,No,Yes
Honda,Amaze,2021,0-20k,1000-1500cc,Good (18-24 km/l),Manual,Hybrid,First Owner,Yes,No,Yes
Toyota,Fortuner,2013,80k-120k,2000cc+,Good (18-24 km/l),Manual,Diesel,Third Owner,No,Yes,No
Honda,City,2020,80k-120k,1000-1500cc,Good (18-24 km/l),Manual,Diesel,Third Owner,No,No,No
Maruti Suzuki,WagonR,2020,0-20k,1000-1500cc,Good (18-24 km/l),Automatic,Diesel,First Owner,Yes,No,Yes
Mahindra,XUV500,2023,0-20k,1000-1500cc,Good (18-24 km/l),Automatic,Petrol,First Owner,Yes,No,Yes
Mercedes-Benz,C-Class,2017,50k-80k,2000cc+,Good (18-24 km/l),Manual,Diesel,First Owner,Yes,Yes,No
Skoda,Octavia,2018,20k-50k,1000-1500cc,Excellent (24+ km/l),Manual,Electric,First Owner,No,No,Yes
Kia,Seltos,2020,20k-50k,<1000cc,Good (18-24 km/l),Manual,Diesel,Second Owner,Yes,No,Yes
Renault,Kwid,2020,20k-50k,1500-2000cc,Good (18-24 km/l),Automatic,Petrol,First Owner,No,Yes,Yes
Maruti Suzuki,Alto,2022,0-20k,1000-1500cc,Average (12-18 km/l),Manual,Petrol,First Owner,Yes,No,Yes
Hyundai,i10,2008,50k-80k,1500-2000cc,Average (12-18 km/l),Manual,Petrol,Second Owner,No,No,No
Maruti Suzuki,Swift,2020,20k-50k,1000-1500cc,Good (18-24 km/l),Automatic,Diesel,First Owner,Yes,Yes,Yes
Hyundai,Venue,2012,120k+,1500-2000cc,Good (18-24 km/l),Manual,Petrol,Fourth & Above,No,Yes,No
Maruti Suzuki,WagonR,2017,120k+,1000-1500cc,Good (18-24 km/l),Manual,Petrol,First Owner,Yes,No,Yes
Mahindra,Scorpio,2021,0-20k,1000-1500cc,Good (18-24 km/l),Automatic,Petrol,First Owner,No,No,Yes
Toyota,Fortuner,2013,120k+,2000cc+,Good (18-24 km/l),Manual,Diesel,Second Owner,Yes,No,No
Kia,Carens,2017,0-20k,1000-1500cc,Excellent (24+ km/l),Manual,Diesel,First Owner,Yes,No,Yes
Volkswagen,Polo,2021,80k-120k,1500-2000cc,Average (12-18 km/l),Automatic,Diesel,First Owner,Yes,No,Yes
BMW,5 Series,2021,20k-50k,2000cc+,Average (12-18 km/l),Automatic,Petrol,Second Owner,Yes,No,Yes
Maruti Suzuki,Ertiga,2011,80k-120k,1000-1500cc,Excellent (24+ km/l),Manual,Petrol,Fourth & Above,No,No,No
Maruti Suzuki,Dzire,2020,20k-50k,1500-2000cc,Good (18-24 km/l),Automatic,CNG,Third Owner,Yes,Yes,Yes
Toyota,Innova,2013,80k-120k,2000cc+,Average (12-18 km/l),Manual,Diesel,Second Owner,Yes,Yes,No
Hyundai,i10,2016,20k-50k,1000-1500cc,Good (18-24 km/l),Manual,Diesel,Second Owner,Yes,No,Yes
Hyundai,i20,2019,20k-50k,1500-2000cc,Good (18-24 km/l),Automatic,Petrol,First Owner,Yes,No,Yes
Tata,Nexon,2012,20k-50k,2000cc+,Good (18-24 km/l),Manual,Petrol,Second Owner,Yes,No,Yes
Hyundai,i20,2023,0-20k,1000-1500cc,Excellent (24+ km/l),Manual,Diesel,First Owner,Yes,No,Yes
Mahindra,Bolero,2013,50k-80k,1000-1500cc,Excellent (24+ km/l),Manual,CNG,Second Owner,No,Yes,No
Mahindra,XUV500,2022,20k-50k,2000cc+,Good (18-24 km/l),Manual,Petrol,First Owner,Yes,Yes,Yes
Mahindra,Thar,2022,20k-50k,2000cc+,Good (18-24 km/l),Manual,CNG,First Owner,No,No,Yes
Toyota,Yaris,2023,0-20k,1000-1500cc,Good (18-24 km/l),Manual,Petrol,First Owner,Yes,No,Yes
Tata,Altroz,2018,0-20k,2000cc+,Average (12-18 km/l),Manual,Petrol,First Owner,No,No,Yes
Hyundai,i20,2023,0-20k,1000-1500cc,Good (18-24 km/l),Manual,Petrol,First Owner,Yes,No,Yes
Maruti Suzuki,Ertiga,2023,0-20k,1000-1500cc,Good (18-24 km/l),Automatic,Petrol,First Owner,Yes,No,Yes
Tata,Harrier,2014,0-20k,1500-2000cc,Excellent (24+ km/l),Automatic,CNG,Third Owner,Yes,Yes,No
Volkswagen,Vento,2019,50k-80k,<1000cc,Good (18-24 km/l),Automatic,Petrol,First Owner,Yes,Yes,Yes
Volkswagen,Vento,2009,80k-120k,1500-2000cc,Good (18-24 km/l),Automatic,Petrol,Third Owner,Yes,Yes,No
Toyota,Yaris,2021,0-20k,2000cc+,Low (<12 km/l),Automatic,Petrol,First Owner,Yes,No,Yes
Hyundai,i10,2020,50k-80k,1000-1500cc,Good (18-24 km/l),Manual,Petrol,First Owner,Yes,Yes,Yes
Honda,City,2014,20k-50k,<1000cc,Good (18-24 km/l),Manual,Petrol,Second Owner,No,No,No
Honda,WR-V,2022,20k-50k,<1000cc,Excellent (24+ km/l),Automatic,Petrol,First Owner,Yes,No,Yes
Mahindra,Thar,2008,120k+,2000cc+,Average (12-18 km/l),Manual,Petrol,Second Owner,Yes,Yes,No
Honda,WR-V,2022,0-20k,1000-1500cc,Good (18-24 km/l),Manual,Petrol,Second Owner,Yes,No,Yes
Mahindra,Scorpio,2007,120k+,1000-1500cc,Good (18-24 km/l),Manual,Hybrid,First Owner,No,Yes,No
Honda,WR-V,2021,0-20k,1000-1500cc,Good (18-24 km/l),Manual,Petrol,First Owner,Yes,No,Yes
Ford,Endeavour,2010,80k-120k,1000-1500cc,Excellent (24+ km/l),Manual,Diesel,Third Owner,Yes,No,No
Maruti Suzuki,Alto,2016,50k-80k,1000-1500cc,Good (18-24 km/l),Automatic,Diesel,Third Owner,Yes,Yes,No
Volkswagen,Vento,2022,0-20k,1000-1500cc,Excellent (24+ km/l),Manual,CNG,First Owner,Yes,No,Yes
Maruti Suzuki,Alto,2016,50k-80k,1500-2000cc,Good (18-24 km/l),Manual,Petrol,Second Owner,Yes,No,Yes
Maruti Suzuki,Ertiga,2019,20k-50k,1000-1500cc,Good (18-24 km/l),Manual,Diesel,Second Owner,Yes,No,Yes
Mercedes-Benz,C-Class,2023,0-20k,2000cc+,Average (12-18 km/l),Manual,Petrol,First Owner,Yes,No,Yes
Audi,A4,2009,120k+,1500-2000cc,Good (18-24 km/l),Manual,Diesel,Fourth & Above,No,Yes,No
Maruti Suzuki,Ertiga,2022,0-20k,<1000cc,Good (18-24 km/l),Automatic,Petrol,First Owner,Yes,No,Yes
Mahindra,Thar,2010,120k+,1500-2000cc,Good (18-24 km/l),Automatic,Petrol,Second Owner,No,No,No
Hyundai,i20,2012,50k-80k,1000-1500cc,Good (18-24 km/l),Manual,Diesel,Third Owner,No,No,No
Mahindra,XUV500,2012,80k-120k,2000cc+,Good (18-24 km/l),Manual,Petrol,First Owner,No,Yes,No
Skoda,Kushaq,2023,0-20k,1000-1500cc,Excellent (24+ km/l),Manual,CNG,First Owner,Yes,No,Yes
Audi,A4,2014,120k+,2000cc+,Good (18-24 km/l),Manual,Petrol,Second Owner,No,Yes,No
Toyota,Yaris,2023,0-20k,1500-2000cc,Excellent (24+ km/l),Automatic,Diesel,First Owner,Yes,No,Yes
Tata,Harrier,2023,0-20k,2000cc+,Good (18-24 km/l),Manual,Diesel,First Owner,Yes,No,Yes
Honda,Jazz,2018,20k-50k,1500-2000cc,Good (18-24 km/l),Manual,Petrol,Second Owner,Yes,No,Yes
Hyundai,i10,2021,20k-50k,1000-1500cc,Excellent (24+ km/l),Manual,CNG,First Owner,No,No,Yes
Kia,Seltos,2022,20k-50k,1000-1500cc,Good (18-24 km/l),Automatic,Petrol,First Owner,Yes,No,Yes
Kia,Sonet,2018,0-20k,<1000cc,Good (18-24 km/l),Manual,Hybrid,Third Owner,No,No,Yes
Honda,Jazz,2013,120k+,1000-1500cc,Good (18-24 km/l),Manual,Petrol,Second Owner,Yes,Yes,No
Tata,Punch,2019,20k-50k,1500-2000cc,Excellent (24+ km/l),Manual,Diesel,Third Owner,Yes,No,Yes
Hyundai,Verna,2022,20k-50k,1000-1500cc,Good (18-24 km/l),Automatic,Petrol,First Owner,No,No,Yes
Maruti Suzuki,Alto,2022,0-20k,1000-1500cc,Good (18-24 km/l),Manual,Petrol,First Owner,Yes,No,Yes
Renault,Kwid,2015,50k-80k,<1000cc,Good (18-24 km/l),Manual,Petrol,Third Owner,No,No,No
Mahindra,Scorpio,2014,120k+,1000-1500cc,Good (18-24 km/l),Automatic,Petrol,Second Owner,No,Yes,No
Tata,Tiago,2023,0-20k,2000cc+,Average (12-18 km/l),Manual,Petrol,First Owner,Yes,No,Yes
Mahindra,XUV300,2008,20k-50k,2000cc+,Average (12-18 km/l),Automatic,Diesel,Third Owner,Yes,No,No
Renault,Duster,2022,20k-50k,1500-2000cc,Good (18-24 km/l),Automatic,Diesel,Second Owner,Yes,No,Yes
Maruti Suzuki,Ertiga,2008,20k-50k,1500-2000cc,Good (18-24 km/l),Manual,Petrol,Second Owner,No,No,Yes
Skoda,Rapid,2022,0-20k,1000-1500cc,Good (18-24 km/l),Automatic,Petrol,First Owner,Yes,No,Yes
Kia,Sonet,2023,0-20k,1000-1500cc,Good (18-24 km/l),Manual,Petrol,First Owner,Yes,No,Yes
Audi,A4,2016,50k-80k,2000cc+,Good (18-24 km/l),Automatic,Diesel,Third Owner,Yes,Yes,No
Tata,Altroz,2010,120k+,2000cc+,Good (18-24 km/l),Manual,Petrol,Third Owner,No,Yes,No
Hyundai,i20,2019,0-20k,1000-1500cc,Good (18-24 km/l),Manual,Diesel,Second Owner,Yes,No,Yes
